"","id_sample","ab","mass","q0","q1","q2","HabitatAgricultural_area","HabitatArable_land","HabitatBuildings","HabitatCoastal","HabitatDeciduous","HabitatFew_no_vegetation","HabitatForest","HabitatForest_semi_natural_area","HabitatGardens","HabitatGrassland","HabitatParks","HabitatPasture_meadows","HabitatShrub_heatland","HabitatUrban_green_areas","HabitatArtificial_surface","HabitatPerenial","HabitatMineral_extraction_sites","HabitatCaves","HabitatRunning_water_banks","HabitatInland","HabitatPeatbog","HabitatSempervirent","HabitatCrop","HabitatOrchards","HabitatStanding_water_banks","HabitatFallow","HabitatDump","HabitatH","Body_length"
"1","ANI-22-0045",8,NA,1,1,1,0,0,0,0,0,0,0.5,0,0,0,0,0.5,0,0,0,0,0,0,0,0,0,0,0,0,0,0,0,1,15.5
"2","ANI-22-0056",17,NA,1,1,1,0,0,0,0,0,0,0.5,0,0,0,0,0.5,0,0,0,0,0,0,0,0,0,0,0,0,0,0,0,1,15.5
"3","ANI-22-0243",2,NA,1,1,1,0,0,0,0,0,0,0.5,0,0,0,0,0.5,0,0,0,0,0,0,0,0,0,0,0,0,0,0,0,1,15.5
"4","ANI-21-0949",2,NA,1,1,1,NA,NA,NA,NA,NA,NA,NA,NA,NA,NA,NA,NA,NA,NA,NA,NA,NA,NA,NA,NA,NA,NA,NA,NA,NA,NA,NA,NA,NA
"5","ANI-22-0046",2,NA,1,1,1,0,0,0,0,0,0,0.5,0,0,0,0,0.5,0,0,0,0,0,0,0,0,0,0,0,0,0,0,0,1,15.5
"6","ANI-22-0057",3,NA,1,1,1,0,0,0,0,0,0,0.5,0,0,0,0,0.5,0,0,0,0,0,0,0,0,0,0,0,0,0,0,0,1,15.5
"7","ANI-22-0222",3,NA,1,1,1,0,0,0,0,0,0,0.5,0,0,0,0,0.5,0,0,0,0,0,0,0,0,0,0,0,0,0,0,0,1,15.5
"8","ANI-21-0840",2,1.165,1,1,1,NA,NA,NA,NA,NA,NA,NA,NA,NA,NA,NA,NA,NA,NA,NA,NA,NA,NA,NA,NA,NA,NA,NA,NA,NA,NA,NA,NA,NA
"9","ANI-22-0047",3,NA,1,1,1,0,0,0,0,0,0,0.5,0,0,0,0,0.5,0,0,0,0,0,0,0,0,0,0,0,0,0,0,0,1,15.5
"10","ANI-22-0102",2,NA,NA,NA,NA,NA,NA,NA,NA,NA,NA,NA,NA,NA,NA,NA,NA,NA,NA,NA,NA,NA,NA,NA,NA,NA,NA,NA,NA,NA,NA,NA,NA,NA
"11","ANI-22-0201",2,NA,1,1,1,0,0,0,0,0,0,0.5,0,0,0,0,0.5,0,0,0,0,0,0,0,0,0,0,0,0,0,0,0,1,15.5
"12","ANI-22-0048",7,NA,1,1,1,0,0,0,0,0,0,0.5,0,0,0,0,0.5,0,0,0,0,0,0,0,0,0,0,0,0,0,0,0,1,15.5
"13","ANI-21-0952",3,NA,1,1,1,0.0454545454545455,0,0.181818181818182,0,0,0,0.0454545454545455,0,0.318181818181818,0.272727272727273,0,0,0,0,0,0,0.136363636363636,0,0,0,0,0,0,0,0,0,0,2.28142493859668,16.5
"14","ANI-22-0016",2,NA,NA,NA,NA,NA,NA,NA,NA,NA,NA,NA,NA,NA,NA,NA,NA,NA,NA,NA,NA,NA,NA,NA,NA,NA,NA,NA,NA,NA,NA,NA,NA,NA
"15","ANI-22-0049",13,NA,1,1,1,0,0,0,0,0,0,0.5,0,0,0,0,0.5,0,0,0,0,0,0,0,0,0,0,0,0,0,0,0,1,15.5
"16","ANI-22-0225",5,NA,1,1,1,0,0,0,0,0,0,0.5,0,0,0,0,0.5,0,0,0,0,0,0,0,0,0,0,0,0,0,0,0,1,15.5
"17","ANI-22-0236",5,NA,1,1,1,0,0,0,0,0,0,0.5,0,0,0,0,0.5,0,0,0,0,0,0,0,0,0,0,0,0,0,0,0,1,15.5
"18","ANI-22-0017",2,NA,NA,NA,NA,NA,NA,NA,NA,NA,NA,NA,NA,NA,NA,NA,NA,NA,NA,NA,NA,NA,NA,NA,NA,NA,NA,NA,NA,NA,NA,NA,NA,NA
"19","ANI-22-0072",3,NA,1,1,1,0,0,0,0,0,0,0.5,0,0,0,0,0.5,0,0,0,0,0,0,0,0,0,0,0,0,0,0,0,1,15.5
"20","ANI-22-0151",6,1.802,2,1.75476535060332,1.6,NA,NA,NA,NA,NA,NA,NA,NA,NA,NA,NA,NA,NA,NA,NA,NA,NA,NA,NA,NA,NA,NA,NA,NA,NA,NA,NA,NA,72.313
"21","ANI-22-0173",2,NA,NA,NA,NA,NA,NA,NA,NA,NA,NA,NA,NA,NA,NA,NA,NA,NA,NA,NA,NA,NA,NA,NA,NA,NA,NA,NA,NA,NA,NA,NA,NA,NA
"22","ANI-21-0967",3,1.705,2,2,2,NA,NA,NA,NA,NA,NA,NA,NA,NA,NA,NA,NA,NA,NA,NA,NA,NA,NA,NA,NA,NA,NA,NA,NA,NA,NA,NA,NA,72.083
"23","ANI-22-0153",15,2.192,1,1,1,NA,NA,NA,NA,NA,NA,NA,NA,NA,NA,NA,NA,NA,NA,NA,NA,NA,NA,NA,NA,NA,NA,NA,NA,NA,NA,NA,NA,73.582
"24","ANI-22-0022",4,4.256,2,2,2,0.0357142857142857,0.107142857142857,0,0,0.107142857142857,0,0.0714285714285714,0.0714285714285714,0.0357142857142857,0.107142857142857,0,0.142857142857143,0.0357142857142857,0,0.0714285714285714,0.0714285714285714,0,0,0.0357142857142857,0.0357142857142857,0,0,0,0.0357142857142857,0.0357142857142857,0,0,3.72647411825438,129.831
"25","ANI-22-0154",6,1.483,1,1,1,NA,NA,NA,NA,NA,NA,NA,NA,NA,NA,NA,NA,NA,NA,NA,NA,NA,NA,NA,NA,NA,NA,NA,NA,NA,NA,NA,NA,65
"26","ANI-21-0552",3,1.005,NA,NA,NA,NA,NA,NA,NA,NA,NA,NA,NA,NA,NA,NA,NA,NA,NA,NA,NA,NA,NA,NA,NA,NA,NA,NA,NA,NA,NA,NA,NA,NA
"27","ANI-21-0574",2,1.0336,1,1,1,0,0,0,0,0.2,0,0,0.2,0,0.4,0,0,0,0,0,0,0,0,0,0,0,0.2,0,0,0,0,0,1.92192809488736,12.5
"28","ANI-21-0607",2,NA,NA,NA,NA,NA,NA,NA,NA,NA,NA,NA,NA,NA,NA,NA,NA,NA,NA,NA,NA,NA,NA,NA,NA,NA,NA,NA,NA,NA,NA,NA,NA,NA
"29","ANI-21-0618",3,NA,NA,NA,NA,NA,NA,NA,NA,NA,NA,NA,NA,NA,NA,NA,NA,NA,NA,NA,NA,NA,NA,NA,NA,NA,NA,NA,NA,NA,NA,NA,NA,NA
"30","ANI-21-0629",56,NA,NA,NA,NA,NA,NA,NA,NA,NA,NA,NA,NA,NA,NA,NA,NA,NA,NA,NA,NA,NA,NA,NA,NA,NA,NA,NA,NA,NA,NA,NA,NA,NA
"31","ANI-21-0750",26,NA,NA,NA,NA,NA,NA,NA,NA,NA,NA,NA,NA,NA,NA,NA,NA,NA,NA,NA,NA,NA,NA,NA,NA,NA,NA,NA,NA,NA,NA,NA,NA,NA
"32","ANI-21-0772",4,NA,NA,NA,NA,NA,NA,NA,NA,NA,NA,NA,NA,NA,NA,NA,NA,NA,NA,NA,NA,NA,NA,NA,NA,NA,NA,NA,NA,NA,NA,NA,NA,NA
"33","ANI-21-0882",3,1.1627,2,2,2,0,0,0,0.0161290322580645,0.0483870967741935,0,0.295161290322581,0.361290322580645,0,0.182258064516129,0,0,0,0,0,0,0,0,0,0.0483870967741935,0,0,0,0,0,0,0.0483870967741935,2.00429492873779,27.0625
"34","ANI-22-0067",2,NA,NA,NA,NA,NA,NA,NA,NA,NA,NA,NA,NA,NA,NA,NA,NA,NA,NA,NA,NA,NA,NA,NA,NA,NA,NA,NA,NA,NA,NA,NA,NA,NA
"35","ANI-22-0254",2,NA,NA,NA,NA,NA,NA,NA,NA,NA,NA,NA,NA,NA,NA,NA,NA,NA,NA,NA,NA,NA,NA,NA,NA,NA,NA,NA,NA,NA,NA,NA,NA,NA
"36","ANI-22-0287",8,NA,NA,NA,NA,NA,NA,NA,NA,NA,NA,NA,NA,NA,NA,NA,NA,NA,NA,NA,NA,NA,NA,NA,NA,NA,NA,NA,NA,NA,NA,NA,NA,NA
"37","ANI-22-0298",5,NA,NA,NA,NA,NA,NA,NA,NA,NA,NA,NA,NA,NA,NA,NA,NA,NA,NA,NA,NA,NA,NA,NA,NA,NA,NA,NA,NA,NA,NA,NA,NA,NA
"38","ANI-21-0597",2,1.197,1,1,1,0,0,0,0.032258064516129,0.0967741935483871,0,0.290322580645161,0.32258064516129,0,0.0645161290322581,0,0,0,0,0,0,0,0,0,0.0967741935483871,0,0,0,0,0,0,0.0967741935483871,2.43763926302091,30.625
"39","ANI-21-0619",2,NA,NA,NA,NA,NA,NA,NA,NA,NA,NA,NA,NA,NA,NA,NA,NA,NA,NA,NA,NA,NA,NA,NA,NA,NA,NA,NA,NA,NA,NA,NA,NA,NA
"40","ANI-21-0630",31,NA,NA,NA,NA,NA,NA,NA,NA,NA,NA,NA,NA,NA,NA,NA,NA,NA,NA,NA,NA,NA,NA,NA,NA,NA,NA,NA,NA,NA,NA,NA,NA,NA
"41","ANI-21-0652",2,1.0104,1,1,1,0,0,0.0285714285714286,0.0571428571428571,0,0,0.285714285714286,0.0428571428571429,0.0285714285714286,0.157142857142857,0,0.114285714285714,0.185714285714286,0,0,0,0,0,0,0,0.0285714285714286,0.0428571428571429,0,0,0,0.0285714285714286,0,2.95631443061756,25.5777272727273
"42","ANI-21-0751",4,NA,NA,NA,NA,NA,NA,NA,NA,NA,NA,NA,NA,NA,NA,NA,NA,NA,NA,NA,NA,NA,NA,NA,NA,NA,NA,NA,NA,NA,NA,NA,NA,NA
"43","ANI-21-0762",2,NA,NA,NA,NA,NA,NA,NA,NA,NA,NA,NA,NA,NA,NA,NA,NA,NA,NA,NA,NA,NA,NA,NA,NA,NA,NA,NA,NA,NA,NA,NA,NA,NA
"44","ANI-21-0773",6,NA,NA,NA,NA,NA,NA,NA,NA,NA,NA,NA,NA,NA,NA,NA,NA,NA,NA,NA,NA,NA,NA,NA,NA,NA,NA,NA,NA,NA,NA,NA,NA,NA
"45","ANI-21-0817",2,1.043,NA,NA,NA,NA,NA,NA,NA,NA,NA,NA,NA,NA,NA,NA,NA,NA,NA,NA,NA,NA,NA,NA,NA,NA,NA,NA,NA,NA,NA,NA,NA,NA
"46","ANI-21-0850",2,1.091,1,1,1,0,0.166666666666667,0,0,0,0,0,0.166666666666667,0,0,0,0.333333333333333,0,0,0.166666666666667,0.166666666666667,0,0,0,0,0,0,0,0,0,0,0,2.25162916738782,45
"47","ANI-21-0883",3,1.0118,2,2,2,0,0,0,0.0161290322580645,0.0483870967741935,0,0.395161290322581,0.161290322580645,0,0.032258064516129,0,0.25,0,0,0,0,0,0,0,0.0483870967741935,0,0,0,0,0,0,0.0483870967741935,1.71881963151046,19.3125
"48","ANI-21-0916",2,1.133,1,1,1,0,0.166666666666667,0,0,0,0,0,0.166666666666667,0,0,0,0.333333333333333,0,0,0.166666666666667,0.166666666666667,0,0,0,0,0,0,0,0,0,0,0,2.25162916738782,45
"49","ANI-21-0960",4,1.334,3,3,3,0,0,0,0.010752688172043,0.032258064516129,0,0.521016617790811,0.198435972629521,0,0.0821114369501466,0,0.0909090909090909,0,0,0,0,0,0,0,0.032258064516129,0,0,0,0,0,0,0.032258064516129,1.47282173308333,25.0416666666667
"50","ANI-22-0068",2,NA,NA,NA,NA,NA,NA,NA,NA,NA,NA,NA,NA,NA,NA,NA,NA,NA,NA,NA,NA,NA,NA,NA,NA,NA,NA,NA,NA,NA,NA,NA,NA,NA
"51","ANI-22-0277",3,NA,NA,NA,NA,NA,NA,NA,NA,NA,NA,NA,NA,NA,NA,NA,NA,NA,NA,NA,NA,NA,NA,NA,NA,NA,NA,NA,NA,NA,NA,NA,NA,NA
"52","ANI-22-0288",7,NA,NA,NA,NA,NA,NA,NA,NA,NA,NA,NA,NA,NA,NA,NA,NA,NA,NA,NA,NA,NA,NA,NA,NA,NA,NA,NA,NA,NA,NA,NA,NA,NA
"53","ANI-22-0299",2,NA,NA,NA,NA,NA,NA,NA,NA,NA,NA,NA,NA,NA,NA,NA,NA,NA,NA,NA,NA,NA,NA,NA,NA,NA,NA,NA,NA,NA,NA,NA,NA,NA
"54","ANI-21-0554",2,1.0427,1,1,1,0,0,0,0,0.2,0,0,0.2,0,0.4,0,0,0,0,0,0,0,0,0,0,0,0.2,0,0,0,0,0,1.92192809488736,12.5
"55","ANI-21-0565",2,1.0309,1,1,1,0,0,0,0.032258064516129,0.0967741935483871,0,0.290322580645161,0.32258064516129,0,0.0645161290322581,0,0,0,0,0,0,0,0,0,0.0967741935483871,0,0,0,0,0,0,0.0967741935483871,2.43763926302091,30.625
"56","ANI-21-0609",3,NA,NA,NA,NA,NA,NA,NA,NA,NA,NA,NA,NA,NA,NA,NA,NA,NA,NA,NA,NA,NA,NA,NA,NA,NA,NA,NA,NA,NA,NA,NA,NA,NA
"57","ANI-21-0631",31,NA,NA,NA,NA,NA,NA,NA,NA,NA,NA,NA,NA,NA,NA,NA,NA,NA,NA,NA,NA,NA,NA,NA,NA,NA,NA,NA,NA,NA,NA,NA,NA,NA
"58","ANI-21-0664",4,1.1531,2,2,2,0,0,0,0.032258064516129,0.0967741935483871,0,0.290322580645161,0.32258064516129,0,0.0645161290322581,0,0,0,0,0,0,0,0,0,0.0967741935483871,0,0,0,0,0,0,0.0967741935483871,2.43763926302091,52.1035
"59","ANI-21-0752",16,NA,NA,NA,NA,NA,NA,NA,NA,NA,NA,NA,NA,NA,NA,NA,NA,NA,NA,NA,NA,NA,NA,NA,NA,NA,NA,NA,NA,NA,NA,NA,NA,NA
"60","ANI-21-0763",4,NA,NA,NA,NA,NA,NA,NA,NA,NA,NA,NA,NA,NA,NA,NA,NA,NA,NA,NA,NA,NA,NA,NA,NA,NA,NA,NA,NA,NA,NA,NA,NA,NA
"61","ANI-21-0884",5,1.1962,4,4,4,0.0178571428571429,0.00714285714285714,0.00714285714285714,0.018778801843318,0.0706221198156682,0.0107142857142857,0.276476749057394,0.270255550900712,0.0178571428571429,0.143726434855467,0.0142857142857143,0.0788961038961039,0.0107142857142857,0.00714285714285714,0,0,0,0,0,0.0241935483870968,0,0,0,0,0,0,0.0241935483870968,2.34631330766618,25.85625
"62","ANI-21-0961",4,1.2903,1,1,1,0,0,0,0.032258064516129,0.0967741935483871,0,0.290322580645161,0.32258064516129,0,0.0645161290322581,0,0,0,0,0,0,0,0,0,0.0967741935483871,0,0,0,0,0,0,0.0967741935483871,2.43763926302091,30.625
"63","ANI-22-0256",2,NA,NA,NA,NA,NA,NA,NA,NA,NA,NA,NA,NA,NA,NA,NA,NA,NA,NA,NA,NA,NA,NA,NA,NA,NA,NA,NA,NA,NA,NA,NA,NA,NA
"64","ANI-22-0267",2,NA,NA,NA,NA,NA,NA,NA,NA,NA,NA,NA,NA,NA,NA,NA,NA,NA,NA,NA,NA,NA,NA,NA,NA,NA,NA,NA,NA,NA,NA,NA,NA,NA
"65","ANI-22-0289",3,NA,NA,NA,NA,NA,NA,NA,NA,NA,NA,NA,NA,NA,NA,NA,NA,NA,NA,NA,NA,NA,NA,NA,NA,NA,NA,NA,NA,NA,NA,NA,NA,NA
"66","ANI-21-0610",3,NA,NA,NA,NA,NA,NA,NA,NA,NA,NA,NA,NA,NA,NA,NA,NA,NA,NA,NA,NA,NA,NA,NA,NA,NA,NA,NA,NA,NA,NA,NA,NA,NA
"67","ANI-21-0632",27,NA,NA,NA,NA,NA,NA,NA,NA,NA,NA,NA,NA,NA,NA,NA,NA,NA,NA,NA,NA,NA,NA,NA,NA,NA,NA,NA,NA,NA,NA,NA,NA,NA
"68","ANI-21-0676",2,1.0219,1,1,1,0,0,0,0,0,0,0.571428571428571,0,0,0,0,0,0,0,0,0,0,0,0.428571428571429,0,0,0,0,0,0,0,0,0.985228136034252,7.66666666666667
"69","ANI-21-0753",12,NA,NA,NA,NA,NA,NA,NA,NA,NA,NA,NA,NA,NA,NA,NA,NA,NA,NA,NA,NA,NA,NA,NA,NA,NA,NA,NA,NA,NA,NA,NA,NA,NA
"70","ANI-21-0775",4,NA,NA,NA,NA,NA,NA,NA,NA,NA,NA,NA,NA,NA,NA,NA,NA,NA,NA,NA,NA,NA,NA,NA,NA,NA,NA,NA,NA,NA,NA,NA,NA,NA
"71","ANI-21-0819",2,1.0031,NA,NA,NA,NA,NA,NA,NA,NA,NA,NA,NA,NA,NA,NA,NA,NA,NA,NA,NA,NA,NA,NA,NA,NA,NA,NA,NA,NA,NA,NA,NA,NA
"72","ANI-21-0896",3,1.1576,2,2,2,0,0,0,0,0,0,0.272727272727273,0.272727272727273,0,0.181818181818182,0,0.272727272727273,0,0,0,0,0,0,0,0,0,0,0,0,0,0,0,1.98082593622908,30
"73","ANI-21-0907",2,1.0405,1,1,1,0,0,0,0,0,0,0.3,0.4,0,0.3,0,0,0,0,0,0,0,0,0,0,0,0,0,0,0,0,0,1.57095059445467,23.5
"74","ANI-21-0929",2,1.0048,NA,NA,NA,NA,NA,NA,NA,NA,NA,NA,NA,NA,NA,NA,NA,NA,NA,NA,NA,NA,NA,NA,NA,NA,NA,NA,NA,NA,NA,NA,NA,NA
"75","ANI-21-0951",3,1.0735,NA,NA,NA,NA,NA,NA,NA,NA,NA,NA,NA,NA,NA,NA,NA,NA,NA,NA,NA,NA,NA,NA,NA,NA,NA,NA,NA,NA,NA,NA,NA,NA
"76","ANI-22-0103",9,NA,NA,NA,NA,NA,NA,NA,NA,NA,NA,NA,NA,NA,NA,NA,NA,NA,NA,NA,NA,NA,NA,NA,NA,NA,NA,NA,NA,NA,NA,NA,NA,NA
"77","ANI-22-0257",2,NA,NA,NA,NA,NA,NA,NA,NA,NA,NA,NA,NA,NA,NA,NA,NA,NA,NA,NA,NA,NA,NA,NA,NA,NA,NA,NA,NA,NA,NA,NA,NA,NA
"78","ANI-22-0279",4,NA,NA,NA,NA,NA,NA,NA,NA,NA,NA,NA,NA,NA,NA,NA,NA,NA,NA,NA,NA,NA,NA,NA,NA,NA,NA,NA,NA,NA,NA,NA,NA,NA
"79","ANI-22-0301",8,NA,NA,NA,NA,NA,NA,NA,NA,NA,NA,NA,NA,NA,NA,NA,NA,NA,NA,NA,NA,NA,NA,NA,NA,NA,NA,NA,NA,NA,NA,NA,NA,NA
"80","ANI-21-0545",2,1.078,NA,NA,NA,NA,NA,NA,NA,NA,NA,NA,NA,NA,NA,NA,NA,NA,NA,NA,NA,NA,NA,NA,NA,NA,NA,NA,NA,NA,NA,NA,NA,NA
"81","ANI-21-0556",2,NA,NA,NA,NA,NA,NA,NA,NA,NA,NA,NA,NA,NA,NA,NA,NA,NA,NA,NA,NA,NA,NA,NA,NA,NA,NA,NA,NA,NA,NA,NA,NA,NA
"82","ANI-21-0611",3,1.1208,NA,NA,NA,NA,NA,NA,NA,NA,NA,NA,NA,NA,NA,NA,NA,NA,NA,NA,NA,NA,NA,NA,NA,NA,NA,NA,NA,NA,NA,NA,NA,NA
"83","ANI-21-0633",23,NA,NA,NA,NA,NA,NA,NA,NA,NA,NA,NA,NA,NA,NA,NA,NA,NA,NA,NA,NA,NA,NA,NA,NA,NA,NA,NA,NA,NA,NA,NA,NA,NA
"84","ANI-21-0644",2,1.0049,NA,NA,NA,NA,NA,NA,NA,NA,NA,NA,NA,NA,NA,NA,NA,NA,NA,NA,NA,NA,NA,NA,NA,NA,NA,NA,NA,NA,NA,NA,NA,NA
"85","ANI-21-0666",3,NA,NA,NA,NA,NA,NA,NA,NA,NA,NA,NA,NA,NA,NA,NA,NA,NA,NA,NA,NA,NA,NA,NA,NA,NA,NA,NA,NA,NA,NA,NA,NA,NA
"86","ANI-21-0754",18,NA,NA,NA,NA,NA,NA,NA,NA,NA,NA,NA,NA,NA,NA,NA,NA,NA,NA,NA,NA,NA,NA,NA,NA,NA,NA,NA,NA,NA,NA,NA,NA,NA
"87","ANI-21-0765",5,NA,NA,NA,NA,NA,NA,NA,NA,NA,NA,NA,NA,NA,NA,NA,NA,NA,NA,NA,NA,NA,NA,NA,NA,NA,NA,NA,NA,NA,NA,NA,NA,NA
"88","ANI-21-0776",5,NA,NA,NA,NA,NA,NA,NA,NA,NA,NA,NA,NA,NA,NA,NA,NA,NA,NA,NA,NA,NA,NA,NA,NA,NA,NA,NA,NA,NA,NA,NA,NA,NA
"89","ANI-21-0886",2,1.0274,1,1,1,0,0,0,0.032258064516129,0.0967741935483871,0,0.290322580645161,0.32258064516129,0,0.0645161290322581,0,0,0,0,0,0,0,0,0,0.0967741935483871,0,0,0,0,0,0,0.0967741935483871,2.43763926302091,30.625
"90","ANI-21-0897",3,1.1781,1,1,1,0,0,0,0,0,0,0.272727272727273,0.272727272727273,0,0.181818181818182,0,0.272727272727273,0,0,0,0,0,0,0,0,0,0,0,0,0,0,0,1.98082593622908,30
"91","ANI-21-0908",2,1.0104,1,1,1,0,0,0,0,0,0,0.333333333333333,0.222222222222222,0,0.222222222222222,0,0,0.222222222222222,0,0,0,0,0,0,0,0,0,0,0,0,0,0,1.97493750120193,18
"92","ANI-22-0060",2,NA,NA,NA,NA,NA,NA,NA,NA,NA,NA,NA,NA,NA,NA,NA,NA,NA,NA,NA,NA,NA,NA,NA,NA,NA,NA,NA,NA,NA,NA,NA,NA,NA
"93","ANI-22-0115",2,NA,NA,NA,NA,NA,NA,NA,NA,NA,NA,NA,NA,NA,NA,NA,NA,NA,NA,NA,NA,NA,NA,NA,NA,NA,NA,NA,NA,NA,NA,NA,NA,NA
"94","ANI-22-0258",3,NA,NA,NA,NA,NA,NA,NA,NA,NA,NA,NA,NA,NA,NA,NA,NA,NA,NA,NA,NA,NA,NA,NA,NA,NA,NA,NA,NA,NA,NA,NA,NA,NA
"95","ANI-22-0280",2,NA,NA,NA,NA,NA,NA,NA,NA,NA,NA,NA,NA,NA,NA,NA,NA,NA,NA,NA,NA,NA,NA,NA,NA,NA,NA,NA,NA,NA,NA,NA,NA,NA
"96","ANI-22-0291",3,NA,NA,NA,NA,NA,NA,NA,NA,NA,NA,NA,NA,NA,NA,NA,NA,NA,NA,NA,NA,NA,NA,NA,NA,NA,NA,NA,NA,NA,NA,NA,NA,NA
"97","ANI-22-0302",3,NA,NA,NA,NA,NA,NA,NA,NA,NA,NA,NA,NA,NA,NA,NA,NA,NA,NA,NA,NA,NA,NA,NA,NA,NA,NA,NA,NA,NA,NA,NA,NA,NA
"98","ANI-21-0568",2,1.1661,1,1,1,0,0,0,0.032258064516129,0.0967741935483871,0,0.290322580645161,0.32258064516129,0,0.0645161290322581,0,0,0,0,0,0,0,0,0,0.0967741935483871,0,0,0,0,0,0,0.0967741935483871,2.43763926302091,30.625
"99","ANI-21-0612",2,1.0131,NA,NA,NA,NA,NA,NA,NA,NA,NA,NA,NA,NA,NA,NA,NA,NA,NA,NA,NA,NA,NA,NA,NA,NA,NA,NA,NA,NA,NA,NA,NA,NA
"100","ANI-21-0634",23,NA,NA,NA,NA,NA,NA,NA,NA,NA,NA,NA,NA,NA,NA,NA,NA,NA,NA,NA,NA,NA,NA,NA,NA,NA,NA,NA,NA,NA,NA,NA,NA,NA
"101","ANI-21-0678",2,1.0026,NA,NA,NA,NA,NA,NA,NA,NA,NA,NA,NA,NA,NA,NA,NA,NA,NA,NA,NA,NA,NA,NA,NA,NA,NA,NA,NA,NA,NA,NA,NA,NA
"102","ANI-21-0755",11,NA,NA,NA,NA,NA,NA,NA,NA,NA,NA,NA,NA,NA,NA,NA,NA,NA,NA,NA,NA,NA,NA,NA,NA,NA,NA,NA,NA,NA,NA,NA,NA,NA
"103","ANI-21-0766",2,NA,NA,NA,NA,NA,NA,NA,NA,NA,NA,NA,NA,NA,NA,NA,NA,NA,NA,NA,NA,NA,NA,NA,NA,NA,NA,NA,NA,NA,NA,NA,NA,NA
"104","ANI-21-0777",4,NA,NA,NA,NA,NA,NA,NA,NA,NA,NA,NA,NA,NA,NA,NA,NA,NA,NA,NA,NA,NA,NA,NA,NA,NA,NA,NA,NA,NA,NA,NA,NA,NA
"105","ANI-21-0854",2,1.044,1,1,1,0,0.166666666666667,0,0,0,0,0,0.166666666666667,0,0,0,0.333333333333333,0,0,0.166666666666667,0.166666666666667,0,0,0,0,0,0,0,0,0,0,0,2.25162916738782,45
"106","ANI-21-0887",2,1.0611,1,1,1,0,0,0,0.032258064516129,0.0967741935483871,0,0.290322580645161,0.32258064516129,0,0.0645161290322581,0,0,0,0,0,0,0,0,0,0.0967741935483871,0,0,0,0,0,0,0.0967741935483871,2.43763926302091,30.625
"107","ANI-21-0898",2,1.0763,1,1,1,0,0,0,0,0,0,0.272727272727273,0.272727272727273,0,0.181818181818182,0,0.272727272727273,0,0,0,0,0,0,0,0,0,0,0,0,0,0,0,1.98082593622908,30
"108","ANI-21-0964",2,NA,NA,NA,NA,NA,NA,NA,NA,NA,NA,NA,NA,NA,NA,NA,NA,NA,NA,NA,NA,NA,NA,NA,NA,NA,NA,NA,NA,NA,NA,NA,NA,NA
"109","ANI-21-0975",2,1.021,NA,NA,NA,NA,NA,NA,NA,NA,NA,NA,NA,NA,NA,NA,NA,NA,NA,NA,NA,NA,NA,NA,NA,NA,NA,NA,NA,NA,NA,NA,NA,NA
"110","ANI-21-0986",2,1.0075,NA,NA,NA,NA,NA,NA,NA,NA,NA,NA,NA,NA,NA,NA,NA,NA,NA,NA,NA,NA,NA,NA,NA,NA,NA,NA,NA,NA,NA,NA,NA,NA
"111","ANI-22-0006",3,NA,NA,NA,NA,NA,NA,NA,NA,NA,NA,NA,NA,NA,NA,NA,NA,NA,NA,NA,NA,NA,NA,NA,NA,NA,NA,NA,NA,NA,NA,NA,NA,NA
"112","ANI-22-0083",2,NA,NA,NA,NA,NA,NA,NA,NA,NA,NA,NA,NA,NA,NA,NA,NA,NA,NA,NA,NA,NA,NA,NA,NA,NA,NA,NA,NA,NA,NA,NA,NA,NA
"113","ANI-22-0105",5,NA,NA,NA,NA,NA,NA,NA,NA,NA,NA,NA,NA,NA,NA,NA,NA,NA,NA,NA,NA,NA,NA,NA,NA,NA,NA,NA,NA,NA,NA,NA,NA,NA
"114","ANI-22-0149",2,NA,NA,NA,NA,NA,NA,NA,NA,NA,NA,NA,NA,NA,NA,NA,NA,NA,NA,NA,NA,NA,NA,NA,NA,NA,NA,NA,NA,NA,NA,NA,NA,NA
"115","ANI-22-0292",3,NA,NA,NA,NA,NA,NA,NA,NA,NA,NA,NA,NA,NA,NA,NA,NA,NA,NA,NA,NA,NA,NA,NA,NA,NA,NA,NA,NA,NA,NA,NA,NA,NA
"116","ANI-22-0303",2,NA,NA,NA,NA,NA,NA,NA,NA,NA,NA,NA,NA,NA,NA,NA,NA,NA,NA,NA,NA,NA,NA,NA,NA,NA,NA,NA,NA,NA,NA,NA,NA,NA
"117","ANI-21-0547",9,2.4014,2,1.64938488846612,1.47058823529412,0,0,0,0,0,0,0.278181818181818,0.298181818181818,0,0.205454545454545,0,0.218181818181818,0,0,0,0,0,0,0,0,0,0,0,0,0,0,0,1.8988508678742,28.7
"118","ANI-21-0558",5,3.5186,3,2.82842712474619,2.66666666666667,0.00892857142857143,0.0267857142857143,0,0.0161290322580645,0.0751728110599078,0,0.238018433179724,0.279147465437788,0.00892857142857143,0.134043778801843,0,0.0357142857142857,0.00892857142857143,0,0.0178571428571429,0.0178571428571429,0,0,0.00892857142857143,0.057315668202765,0,0,0,0.00892857142857143,0.00892857142857143,0,0.0483870967741935,2.54317580968772,67.7075
"119","ANI-21-0569",2,1.116,NA,NA,NA,NA,NA,NA,NA,NA,NA,NA,NA,NA,NA,NA,NA,NA,NA,NA,NA,NA,NA,NA,NA,NA,NA,NA,NA,NA,NA,NA,NA,NA
"120","ANI-21-0580",2,1.0509,1,1,1,0,0,0.0285714285714286,0.0571428571428571,0,0,0.285714285714286,0.0428571428571429,0.0285714285714286,0.157142857142857,0,0.114285714285714,0.185714285714286,0,0,0,0,0,0,0,0.0285714285714286,0.0428571428571429,0,0,0,0.0285714285714286,0,2.95631443061756,25.5777272727273
"121","ANI-21-0624",11,2.9054,3,2.4602329762891,2.13333333333333,0,0,0,0,0,0,0.227272727272727,0.227272727272727,0,0.151515151515152,0,0.227272727272727,0,0,0,0.166666666666667,0,0,0,0,0,0,0,0,0,0,0,1.6506882801909,39.6875
"122","ANI-21-0657",2,1.111,NA,NA,NA,NA,NA,NA,NA,NA,NA,NA,NA,NA,NA,NA,NA,NA,NA,NA,NA,NA,NA,NA,NA,NA,NA,NA,NA,NA,NA,NA,NA,NA
"123","ANI-21-0668",23,4.789,7,6.08914187922086,5.48780487804878,0.0035377358490566,0,0.0308814858490566,0.0179834905660377,0.0141509433962264,0,0.455774792228212,0.171159029649596,0.0179834905660377,0.127242671832884,0,0.00471698113207547,0.0230689858490566,0.0546875,0,0,0.0035377358490566,0.01171875,0.0416666666666667,0.0218897405660377,0,0,0,0,0,0,0,1.73278094313809,12.2584134615385
"124","ANI-21-0679",20,3.6573,4,2.67269615442102,2.05714285714286,0,0,0,0,0,0,0.3,0,0,0,0,0.15,0,0,0,0,0,0.55,0,0,0,0,0,0,0,0,0,1.40600757931233,42.6666666666667
"125","ANI-21-0690",4,2.9608,2,2,2,0,0,0,0,0,0,0,0.5,0,0.5,0,0,0,0,0,0,0,0,0,0,0,0,0,0,0,0,0,1,11
"126","ANI-21-0767",3,1.13,1,1,1,NA,NA,NA,NA,NA,NA,NA,NA,NA,NA,NA,NA,NA,NA,NA,NA,NA,NA,NA,NA,NA,NA,NA,NA,NA,NA,NA,NA,71.89
"127","ANI-21-0778",2,1.191,1,1,1,NA,NA,NA,NA,NA,NA,NA,NA,NA,NA,NA,NA,NA,NA,NA,NA,NA,NA,NA,NA,NA,NA,NA,NA,NA,NA,NA,NA,65
"128","ANI-21-0822",2,1.076,NA,NA,NA,NA,NA,NA,NA,NA,NA,NA,NA,NA,NA,NA,NA,NA,NA,NA,NA,NA,NA,NA,NA,NA,NA,NA,NA,NA,NA,NA,NA,NA
"129","ANI-21-0888",18,6.1619,5,4.75682846001088,4.57142857142857,0.0151515151515152,0.0673400673400673,0,0.010752688172043,0.032258064516129,0,0.187683284457478,0.201802975996524,0,0.0972629521016618,0,0.127946127946128,0.0151515151515152,0,0.0858585858585859,0.0336700336700337,0,0,0.0151515151515152,0.0474095796676442,0.0151515151515152,0,0,0.0151515151515152,0,0,0.032258064516129,2.68831422948751,61.202
"130","ANI-21-0899",7,1.7846,3,2.58640928985893,2.27272727272727,0.00657894736842105,0.0131578947368421,0,0,0,0,0.230861244019139,0.217703349282297,0.0131578947368421,0.1561004784689,0,0.250598086124402,0.00657894736842105,0.00657894736842105,0.0131578947368421,0.0131578947368421,0,0,0.0197368421052632,0.00657894736842105,0,0,0.0197368421052632,0.00657894736842105,0.0197368421052632,0,0,2.42476557748628,34.375
"131","ANI-21-0954",5,1.2516,3,2.82842712474619,2.66666666666667,0.00707547169811321,0,0.00707547169811321,0.00471698113207547,0.0283018867924528,0,0.591981132075472,0.181603773584906,0.00471698113207547,0.14622641509434,0,0.00943396226415094,0.00707547169811321,0,0,0,0.00707547169811321,0,0,0.00471698113207547,0,0,0,0,0,0,0,0.939673010850177,13.9583333333333
"132","ANI-21-0965",2,1.0041,NA,NA,NA,NA,NA,NA,NA,NA,NA,NA,NA,NA,NA,NA,NA,NA,NA,NA,NA,NA,NA,NA,NA,NA,NA,NA,NA,NA,NA,NA,NA,NA
"133","ANI-21-0987",2,1.0041,NA,NA,NA,NA,NA,NA,NA,NA,NA,NA,NA,NA,NA,NA,NA,NA,NA,NA,NA,NA,NA,NA,NA,NA,NA,NA,NA,NA,NA,NA,NA,NA
"134","ANI-21-0998",2,1.0081,NA,NA,NA,NA,NA,NA,NA,NA,NA,NA,NA,NA,NA,NA,NA,NA,NA,NA,NA,NA,NA,NA,NA,NA,NA,NA,NA,NA,NA,NA,NA,NA
"135","ANI-21-0559",2,1.1459,1,1,1,0,0,0,0.032258064516129,0.0967741935483871,0,0.290322580645161,0.32258064516129,0,0.0645161290322581,0,0,0,0,0,0,0,0,0,0.0967741935483871,0,0,0,0,0,0,0.0967741935483871,2.43763926302091,30.625
"136","ANI-21-0570",5,1.5297,2,1.75476535060332,1.6,0,0,0,0,0,0,0.287878787878788,0.26010101010101,0,0.191919191919192,0,0.204545454545455,0.0555555555555556,0,0,0,0,0,0,0,0,0,0,0,0,0,0,1.97935382747229,27
"137","ANI-21-0581",7,1.2587,3,2.82842712474619,2.66666666666667,0,0,0,0,0,0,0.29469696969697,0.291919191919192,0,0.221464646464646,0,0.136363636363636,0.0555555555555556,0,0,0,0,0,0,0,0,0,0,0,0,0,0,1.87688499202869,25.375
"138","ANI-21-0614",5,1.294,1,1,1,0,0,0,0,0,0,0.272727272727273,0.272727272727273,0,0.181818181818182,0,0.272727272727273,0,0,0,0,0,0,0,0,0,0,0,0,0,0,0,1.98082593622908,30
"139","ANI-21-0625",6,2.568,2,1.75476535060332,1.6,0,0,0,0,0,0,0.204545454545455,0.204545454545455,0,0.136363636363636,0,0.204545454545455,0,0,0,0.25,0,0,0,0,0,0,0,0,0,0,0,1.48561945217181,40.625
"140","ANI-21-0658",2,1.096,NA,NA,NA,NA,NA,NA,NA,NA,NA,NA,NA,NA,NA,NA,NA,NA,NA,NA,NA,NA,NA,NA,NA,NA,NA,NA,NA,NA,NA,NA,NA,NA
"141","ANI-21-0669",8,1.0767,2,1.96013170420779,1.92307692307692,0,0,0,0,0,0,0.866666666666667,0,0,0,0,0,0,0,0,0,0,0,0.133333333333333,0,0,0,0,0,0,0,0,0.367318333621796,17.8
"142","ANI-21-0680",3,1.1988,2,2,2,0,0,0,0,0,0,0.571428571428571,0,0,0,0,0,0,0,0,0,0,0,0.428571428571429,0,0,0,0,0,0,0,0,0.985228136034252,27.5833333333333
"143","ANI-21-0702",3,1.296,NA,NA,NA,NA,NA,NA,NA,NA,NA,NA,NA,NA,NA,NA,NA,NA,NA,NA,NA,NA,NA,NA,NA,NA,NA,NA,NA,NA,NA,NA,NA,NA
"144","ANI-21-0757",9,1.6231,2,1.75476535060332,1.6,0,0,0.0285714285714286,0.0571428571428571,0,0,0.285714285714286,0.0428571428571429,0.0285714285714286,0.157142857142857,0,0.114285714285714,0.185714285714286,0,0,0,0,0,0,0,0.0285714285714286,0.0428571428571429,0,0,0,0.0285714285714286,0,2.95631443061756,60.3119318181818
"145","ANI-21-0779",2,1.067,NA,NA,NA,NA,NA,NA,NA,NA,NA,NA,NA,NA,NA,NA,NA,NA,NA,NA,NA,NA,NA,NA,NA,NA,NA,NA,NA,NA,NA,NA,NA,NA
"146","ANI-21-0790",2,1.045,NA,NA,NA,NA,NA,NA,NA,NA,NA,NA,NA,NA,NA,NA,NA,NA,NA,NA,NA,NA,NA,NA,NA,NA,NA,NA,NA,NA,NA,NA,NA,NA
"147","ANI-21-0823",2,1.185,NA,NA,NA,NA,NA,NA,NA,NA,NA,NA,NA,NA,NA,NA,NA,NA,NA,NA,NA,NA,NA,NA,NA,NA,NA,NA,NA,NA,NA,NA,NA,NA
"148","ANI-21-0834",6,1.069,NA,NA,NA,NA,NA,NA,NA,NA,NA,NA,NA,NA,NA,NA,NA,NA,NA,NA,NA,NA,NA,NA,NA,NA,NA,NA,NA,NA,NA,NA,NA,NA
"149","ANI-21-0889",4,1.1308,1,1,1,0,0,0,0,0,0,0.272727272727273,0.272727272727273,0,0.181818181818182,0,0.272727272727273,0,0,0,0,0,0,0,0,0,0,0,0,0,0,0,1.98082593622908,30
"150","ANI-21-0900",5,1.1896,2,1.88988157484231,1.8,0,0,0,0,0,0,0.333333333333333,0.222222222222222,0,0.222222222222222,0,0,0.222222222222222,0,0,0,0,0,0,0,0,0,0,0,0,0,0,1.97493750120193,18
"151","ANI-21-0911",6,1.0343,1,1,1,0,0,0,0,0,0,0.333333333333333,0.222222222222222,0,0.222222222222222,0,0,0.222222222222222,0,0,0,0,0,0,0,0,0,0,0,0,0,0,1.97493750120193,18
"152","ANI-21-0955",3,1.914,1,1,1,NA,NA,NA,NA,NA,NA,NA,NA,NA,NA,NA,NA,NA,NA,NA,NA,NA,NA,NA,NA,NA,NA,NA,NA,NA,NA,NA,NA,NA
"153","ANI-21-0966",3,1.271,1,1,1,NA,NA,NA,NA,NA,NA,NA,NA,NA,NA,NA,NA,NA,NA,NA,NA,NA,NA,NA,NA,NA,NA,NA,NA,NA,NA,NA,NA,NA
"154","ANI-21-1010",2,1.001,NA,NA,NA,NA,NA,NA,NA,NA,NA,NA,NA,NA,NA,NA,NA,NA,NA,NA,NA,NA,NA,NA,NA,NA,NA,NA,NA,NA,NA,NA,NA,NA
"155","ANI-22-0019",18,8.993,4,3.74674829750099,3.55555555555556,0,0.222222222222222,0,0,0,0,0,0.111111111111111,0,0,0,0.222222222222222,0,0,0.333333333333333,0.111111111111111,0,0,0,0,0,0,0,0,0,0,0,2.19715972342415,73.159
"156","ANI-22-0052",2,NA,NA,NA,NA,NA,NA,NA,NA,NA,NA,NA,NA,NA,NA,NA,NA,NA,NA,NA,NA,NA,NA,NA,NA,NA,NA,NA,NA,NA,NA,NA,NA,NA
"157","ANI-22-0085",2,NA,NA,NA,NA,NA,NA,NA,NA,NA,NA,NA,NA,NA,NA,NA,NA,NA,NA,NA,NA,NA,NA,NA,NA,NA,NA,NA,NA,NA,NA,NA,NA,NA
"158","ANI-22-0206",3,1.019,NA,NA,NA,NA,NA,NA,NA,NA,NA,NA,NA,NA,NA,NA,NA,NA,NA,NA,NA,NA,NA,NA,NA,NA,NA,NA,NA,NA,NA,NA,NA,NA
"159","ANI-22-0217",2,NA,NA,NA,NA,NA,NA,NA,NA,NA,NA,NA,NA,NA,NA,NA,NA,NA,NA,NA,NA,NA,NA,NA,NA,NA,NA,NA,NA,NA,NA,NA,NA,NA
"160","ANI-22-0228",6,1.375,1,1,1,NA,NA,NA,NA,NA,NA,NA,NA,NA,NA,NA,NA,NA,NA,NA,NA,NA,NA,NA,NA,NA,NA,NA,NA,NA,NA,NA,NA,NA
"161","ANI-22-0239",7,1.155,NA,NA,NA,NA,NA,NA,NA,NA,NA,NA,NA,NA,NA,NA,NA,NA,NA,NA,NA,NA,NA,NA,NA,NA,NA,NA,NA,NA,NA,NA,NA,NA
"162","ANI-22-0250",10,1.207,NA,NA,NA,NA,NA,NA,NA,NA,NA,NA,NA,NA,NA,NA,NA,NA,NA,NA,NA,NA,NA,NA,NA,NA,NA,NA,NA,NA,NA,NA,NA,NA
"163","ANI-22-0261",2,1.28,NA,NA,NA,NA,NA,NA,NA,NA,NA,NA,NA,NA,NA,NA,NA,NA,NA,NA,NA,NA,NA,NA,NA,NA,NA,NA,NA,NA,NA,NA,NA,NA
"164","ANI-22-0283",3,1.482,NA,NA,NA,NA,NA,NA,NA,NA,NA,NA,NA,NA,NA,NA,NA,NA,NA,NA,NA,NA,NA,NA,NA,NA,NA,NA,NA,NA,NA,NA,NA,NA
"165","ANI-22-0294",2,NA,NA,NA,NA,NA,NA,NA,NA,NA,NA,NA,NA,NA,NA,NA,NA,NA,NA,NA,NA,NA,NA,NA,NA,NA,NA,NA,NA,NA,NA,NA,NA,NA
"166","ANI-21-0549",4,1.1718,2,1.88988157484231,1.8,0,0.0196078431372549,0,0,0,0,0.240641711229946,0.240641711229946,0,0.180035650623886,0,0.221033868092692,0.0196078431372549,0,0.0196078431372549,0,0,0,0.0196078431372549,0.0196078431372549,0.0196078431372549,0,0,0,0,0,0,2.36412328679518,32.4489333333333
"167","ANI-21-0582",4,1.146,2,1.88988157484231,1.8,0,0,0,0.010752688172043,0.032258064516129,0,0.318996415770609,0.255675029868578,0,0.169653524492234,0,0,0.148148148148148,0,0,0,0,0,0,0.032258064516129,0,0,0,0,0,0,0.032258064516129,2.12917142180826,22.2083333333333
"168","ANI-21-0615",2,1.167,1,1,1,0.0454545454545455,0.0909090909090909,0,0,0,0,0.136363636363636,0.0909090909090909,0,0.136363636363636,0,0.136363636363636,0.0454545454545455,0,0.0909090909090909,0.0454545454545455,0,0,0.0454545454545455,0.0454545454545455,0.0454545454545455,0,0,0.0454545454545455,0,0,0,3.53831059561501,95
"169","ANI-21-0670",4,1.998,1,1,1,NA,NA,NA,NA,NA,NA,NA,NA,NA,NA,NA,NA,NA,NA,NA,NA,NA,NA,NA,NA,NA,NA,NA,NA,NA,NA,NA,NA,NA
"170","ANI-21-0681",5,1.1577,1,1,1,0,0,0,0,0,0,0.714285714285714,0.214285714285714,0,0.0714285714285714,0,0,0,0,0,0,0,0,0,0,0,0,0,0,0,0,0,1.0949143184121,9
"171","ANI-21-0692",3,2.075,2,2,2,0,0,0,0,0,0,0.666666666666667,0,0,0,0,0,0,0,0,0,0,0,0.333333333333333,0,0,0,0,0,0,0,0,0.91829583405449,14.5
"172","ANI-21-0703",2,2.372,1,1,1,NA,NA,NA,NA,NA,NA,NA,NA,NA,NA,NA,NA,NA,NA,NA,NA,NA,NA,NA,NA,NA,NA,NA,NA,NA,NA,NA,NA,NA
"173","ANI-21-0769",3,1.0521,1,1,1,0,0,0.0285714285714286,0.0571428571428571,0,0,0.285714285714286,0.0428571428571429,0.0285714285714286,0.157142857142857,0,0.114285714285714,0.185714285714286,0,0,0,0,0,0,0,0.0285714285714286,0.0428571428571429,0,0,0,0.0285714285714286,0,2.95631443061756,25.5777272727273
"174","ANI-21-0824",6,2.059,1,1,1,NA,NA,NA,NA,NA,NA,NA,NA,NA,NA,NA,NA,NA,NA,NA,NA,NA,NA,NA,NA,NA,NA,NA,NA,NA,NA,NA,NA,73.582
"175","ANI-21-0890",6,1.554,2,1.75476535060332,1.6,0,0,0,0,0,0,0.272727272727273,0.272727272727273,0,0.181818181818182,0,0.272727272727273,0,0,0,0,0,0,0,0,0,0,0,0,0,0,0,1.98082593622908,30
"176","ANI-21-0901",7,1.0983,3,2.58640928985893,2.27272727272727,0,0,0,0,0,0,0.287878787878788,0.26010101010101,0,0.191919191919192,0,0.204545454545455,0.0555555555555556,0,0,0,0,0,0,0,0,0,0,0,0,0,0,1.97935382747229,27
"177","ANI-21-0912",3,1.0109,2,2,2,0,0,0,0,0,0,0.316666666666667,0.311111111111111,0,0.261111111111111,0,0,0.111111111111111,0,0,0,0,0,0,0,0,0,0,0,0,0,0,1.7729440478283,20.75
"178","ANI-21-0923",4,1.3392,2,2,2,0,0.0833333333333333,0,0,0,0,0.166666666666667,0.194444444444444,0,0.111111111111111,0,0.166666666666667,0.111111111111111,0,0.0833333333333333,0.0833333333333333,0,0,0,0,0,0,0,0,0,0,0,2.11328333429487,31.5
"179","ANI-22-0009",6,1.269,NA,NA,NA,NA,NA,NA,NA,NA,NA,NA,NA,NA,NA,NA,NA,NA,NA,NA,NA,NA,NA,NA,NA,NA,NA,NA,NA,NA,NA,NA,NA,NA
"180","ANI-22-0020",16,8.948,3,2.82842712474619,2.66666666666667,0.0357142857142857,0.107142857142857,0,0,0.107142857142857,0,0.0714285714285714,0.0714285714285714,0.0357142857142857,0.107142857142857,0,0.142857142857143,0.0357142857142857,0,0.0714285714285714,0.0714285714285714,0,0,0.0357142857142857,0.0357142857142857,0,0,0,0.0357142857142857,0.0357142857142857,0,0,3.72647411825438,148.016666666667
"181","ANI-22-0053",4,NA,NA,NA,NA,NA,NA,NA,NA,NA,NA,NA,NA,NA,NA,NA,NA,NA,NA,NA,NA,NA,NA,NA,NA,NA,NA,NA,NA,NA,NA,NA,NA,NA
"182","ANI-22-0119",4,NA,NA,NA,NA,NA,NA,NA,NA,NA,NA,NA,NA,NA,NA,NA,NA,NA,NA,NA,NA,NA,NA,NA,NA,NA,NA,NA,NA,NA,NA,NA,NA,NA
"183","ANI-22-0152",9,1.781,2,2,2,NA,NA,NA,NA,NA,NA,NA,NA,NA,NA,NA,NA,NA,NA,NA,NA,NA,NA,NA,NA,NA,NA,NA,NA,NA,NA,NA,NA,68.445
"184","ANI-22-0174",4,1.612,2,2,2,NA,NA,NA,NA,NA,NA,NA,NA,NA,NA,NA,NA,NA,NA,NA,NA,NA,NA,NA,NA,NA,NA,NA,NA,NA,NA,NA,NA,72.736
"185","ANI-22-0207",2,1.008,NA,NA,NA,NA,NA,NA,NA,NA,NA,NA,NA,NA,NA,NA,NA,NA,NA,NA,NA,NA,NA,NA,NA,NA,NA,NA,NA,NA,NA,NA,NA,NA
"186","ANI-22-0218",2,NA,NA,NA,NA,NA,NA,NA,NA,NA,NA,NA,NA,NA,NA,NA,NA,NA,NA,NA,NA,NA,NA,NA,NA,NA,NA,NA,NA,NA,NA,NA,NA,NA
"187","ANI-22-0229",55,2.977,1,1,1,0,0.0588235294117647,0,0,0,0,0.176470588235294,0.176470588235294,0,0.176470588235294,0,0.117647058823529,0.0588235294117647,0,0.0588235294117647,0,0,0,0.0588235294117647,0.0588235294117647,0.0588235294117647,0,0,0,0,0,0,3.13071798792737,37.3468
"188","ANI-22-0251",11,1.345,NA,NA,NA,NA,NA,NA,NA,NA,NA,NA,NA,NA,NA,NA,NA,NA,NA,NA,NA,NA,NA,NA,NA,NA,NA,NA,NA,NA,NA,NA,NA,NA
"189","ANI-22-0273",3,1.707,NA,NA,NA,NA,NA,NA,NA,NA,NA,NA,NA,NA,NA,NA,NA,NA,NA,NA,NA,NA,NA,NA,NA,NA,NA,NA,NA,NA,NA,NA,NA,NA
"190","ANI-22-0295",2,1.405,NA,NA,NA,NA,NA,NA,NA,NA,NA,NA,NA,NA,NA,NA,NA,NA,NA,NA,NA,NA,NA,NA,NA,NA,NA,NA,NA,NA,NA,NA,NA,NA
"191","ANI-21-0583",2,1.003,1,1,1,0,0,0,0,0,0,0.333333333333333,0.222222222222222,0,0.222222222222222,0,0,0.222222222222222,0,0,0,0,0,0,0,0,0,0,0,0,0,0,1.97493750120193,18
"192","ANI-21-0616",6,1.588,3,3,3,0.0245854774156661,0.0303030303030303,0.00943396226415094,0.00628930817610063,0.0377358490566038,0,0.259005145797599,0.196683819325329,0.00628930817610063,0.134362492853059,0,0.148942252715838,0.0245854774156661,0,0.0303030303030303,0.0151515151515152,0.00943396226415094,0,0.0151515151515152,0.0214408233276158,0.0151515151515152,0,0,0.0151515151515152,0,0,0,2.75927619174826,45.9583333333333
"193","ANI-21-0627",3,1.387,1,1,1,NA,NA,NA,NA,NA,NA,NA,NA,NA,NA,NA,NA,NA,NA,NA,NA,NA,NA,NA,NA,NA,NA,NA,NA,NA,NA,NA,NA,47.5
"194","ANI-21-0638",4,1.705,2,2,2,0,0,0,0,0,0,0.272727272727273,0.272727272727273,0,0.181818181818182,0,0.272727272727273,0,0,0,0,0,0,0,0,0,0,0,0,0,0,0,1.98082593622908,38.75
"195","ANI-21-0671",5,1.4203,2,2,2,0,0,0,0.032258064516129,0.0967741935483871,0,0.290322580645161,0.32258064516129,0,0.0645161290322581,0,0,0,0,0,0,0,0,0,0.0967741935483871,0,0,0,0,0,0,0.0967741935483871,2.43763926302091,39.0625
"196","ANI-21-0704",6,1.744,1,1,1,NA,NA,NA,NA,NA,NA,NA,NA,NA,NA,NA,NA,NA,NA,NA,NA,NA,NA,NA,NA,NA,NA,NA,NA,NA,NA,NA,NA,73.582
"197","ANI-21-0770",4,1.128,1,1,1,NA,NA,NA,NA,NA,NA,NA,NA,NA,NA,NA,NA,NA,NA,NA,NA,NA,NA,NA,NA,NA,NA,NA,NA,NA,NA,NA,NA,NA
"198","ANI-21-0792",3,1.004,NA,NA,NA,NA,NA,NA,NA,NA,NA,NA,NA,NA,NA,NA,NA,NA,NA,NA,NA,NA,NA,NA,NA,NA,NA,NA,NA,NA,NA,NA,NA,NA
"199","ANI-21-0902",2,1.0082,1,1,1,0,0,0,0,0,0,0.333333333333333,0.222222222222222,0,0.222222222222222,0,0,0.222222222222222,0,0,0,0,0,0,0,0,0,0,0,0,0,0,1.97493750120193,18
"200","ANI-21-0913",3,1.0056,2,2,2,0,0,0,0,0,0,0.316666666666667,0.311111111111111,0,0.261111111111111,0,0,0.111111111111111,0,0,0,0,0,0,0,0,0,0,0,0,0,0,1.7729440478283,20.75
"201","ANI-21-0924",6,1.458,NA,NA,NA,NA,NA,NA,NA,NA,NA,NA,NA,NA,NA,NA,NA,NA,NA,NA,NA,NA,NA,NA,NA,NA,NA,NA,NA,NA,NA,NA,NA,NA
"202","ANI-21-0935",4,1.157,NA,NA,NA,NA,NA,NA,NA,NA,NA,NA,NA,NA,NA,NA,NA,NA,NA,NA,NA,NA,NA,NA,NA,NA,NA,NA,NA,NA,NA,NA,NA,NA
"203","ANI-22-0021",7,3.68,1,1,1,NA,NA,NA,NA,NA,NA,NA,NA,NA,NA,NA,NA,NA,NA,NA,NA,NA,NA,NA,NA,NA,NA,NA,NA,NA,NA,NA,NA,73.582
"204","ANI-22-0076",2,NA,NA,NA,NA,NA,NA,NA,NA,NA,NA,NA,NA,NA,NA,NA,NA,NA,NA,NA,NA,NA,NA,NA,NA,NA,NA,NA,NA,NA,NA,NA,NA,NA
"205","ANI-22-0120",7,2.282,NA,NA,NA,NA,NA,NA,NA,NA,NA,NA,NA,NA,NA,NA,NA,NA,NA,NA,NA,NA,NA,NA,NA,NA,NA,NA,NA,NA,NA,NA,NA,NA
"206","ANI-22-0219",2,1.246,NA,NA,NA,NA,NA,NA,NA,NA,NA,NA,NA,NA,NA,NA,NA,NA,NA,NA,NA,NA,NA,NA,NA,NA,NA,NA,NA,NA,NA,NA,NA,NA
"207","ANI-22-0230",3,NA,NA,NA,NA,NA,NA,NA,NA,NA,NA,NA,NA,NA,NA,NA,NA,NA,NA,NA,NA,NA,NA,NA,NA,NA,NA,NA,NA,NA,NA,NA,NA,NA
"208","ANI-22-0241",6,1.354,NA,NA,NA,NA,NA,NA,NA,NA,NA,NA,NA,NA,NA,NA,NA,NA,NA,NA,NA,NA,NA,NA,NA,NA,NA,NA,NA,NA,NA,NA,NA,NA
"209","ANI-22-0252",4,2.607,NA,NA,NA,NA,NA,NA,NA,NA,NA,NA,NA,NA,NA,NA,NA,NA,NA,NA,NA,NA,NA,NA,NA,NA,NA,NA,NA,NA,NA,NA,NA,NA
"210","ANI-22-0274",2,1.809,NA,NA,NA,NA,NA,NA,NA,NA,NA,NA,NA,NA,NA,NA,NA,NA,NA,NA,NA,NA,NA,NA,NA,NA,NA,NA,NA,NA,NA,NA,NA,NA
"211","ANI-22-0285",5,3.195,NA,NA,NA,NA,NA,NA,NA,NA,NA,NA,NA,NA,NA,NA,NA,NA,NA,NA,NA,NA,NA,NA,NA,NA,NA,NA,NA,NA,NA,NA,NA,NA
"212","ANI-22-0296",5,1.488,NA,NA,NA,NA,NA,NA,NA,NA,NA,NA,NA,NA,NA,NA,NA,NA,NA,NA,NA,NA,NA,NA,NA,NA,NA,NA,NA,NA,NA,NA,NA,NA
"213","ANI-21-0562",2,1.106,1,1,1,NA,NA,NA,NA,NA,NA,NA,NA,NA,NA,NA,NA,NA,NA,NA,NA,NA,NA,NA,NA,NA,NA,NA,NA,NA,NA,NA,NA,47.5
"214","ANI-21-0573",2,1.018,1,1,1,0,0,0,0,0,0,0.272727272727273,0.272727272727273,0,0.181818181818182,0,0.272727272727273,0,0,0,0,0,0,0,0,0,0,0,0,0,0,0,1.98082593622908,30
"215","ANI-21-0584",2,1.0053,1,1,1,0,0,0,0,0,0,0.333333333333333,0.222222222222222,0,0.222222222222222,0,0,0.222222222222222,0,0,0,0,0,0,0,0,0,0,0,0,0,0,1.97493750120193,18
"216","ANI-21-0617",4,1.097,1,1,1,0,0,0,0,0,0,0.272727272727273,0.272727272727273,0,0.181818181818182,0,0.272727272727273,0,0,0,0,0,0,0,0,0,0,0,0,0,0,0,1.98082593622908,30
"217","ANI-21-0628",4,1.3254,1,1,1,0,0,0,0,0,0,0.272727272727273,0.272727272727273,0,0.181818181818182,0,0.272727272727273,0,0,0,0,0,0,0,0,0,0,0,0,0,0,0,1.98082593622908,30
"218","ANI-21-0650",3,1.0116,1,1,1,0,0,0,0,0,0,0.272727272727273,0.272727272727273,0,0.181818181818182,0,0.272727272727273,0,0,0,0,0,0,0,0,0,0,0,0,0,0,0,1.98082593622908,30
"219","ANI-21-0683",7,1.531,3,2.82842712474619,2.66666666666667,NA,NA,NA,NA,NA,NA,NA,NA,NA,NA,NA,NA,NA,NA,NA,NA,NA,NA,NA,NA,NA,NA,NA,NA,NA,NA,NA,NA,47.5
"220","ANI-21-0694",2,1.013,NA,NA,NA,NA,NA,NA,NA,NA,NA,NA,NA,NA,NA,NA,NA,NA,NA,NA,NA,NA,NA,NA,NA,NA,NA,NA,NA,NA,NA,NA,NA,NA
"221","ANI-21-0705",2,1.201,1,1,1,NA,NA,NA,NA,NA,NA,NA,NA,NA,NA,NA,NA,NA,NA,NA,NA,NA,NA,NA,NA,NA,NA,NA,NA,NA,NA,NA,NA,73.582
"222","ANI-21-0782",6,1.018,NA,NA,NA,NA,NA,NA,NA,NA,NA,NA,NA,NA,NA,NA,NA,NA,NA,NA,NA,NA,NA,NA,NA,NA,NA,NA,NA,NA,NA,NA,NA,NA
"223","ANI-21-0826",2,1.91,NA,NA,NA,NA,NA,NA,NA,NA,NA,NA,NA,NA,NA,NA,NA,NA,NA,NA,NA,NA,NA,NA,NA,NA,NA,NA,NA,NA,NA,NA,NA,NA
"224","ANI-21-0837",7,1.226,1,1,1,NA,NA,NA,NA,NA,NA,NA,NA,NA,NA,NA,NA,NA,NA,NA,NA,NA,NA,NA,NA,NA,NA,NA,NA,NA,NA,NA,NA,71.89
"225","ANI-21-0892",4,1.179,NA,NA,NA,NA,NA,NA,NA,NA,NA,NA,NA,NA,NA,NA,NA,NA,NA,NA,NA,NA,NA,NA,NA,NA,NA,NA,NA,NA,NA,NA,NA,NA
"226","ANI-21-0914",4,1.0315,1,1,1,0,0,0,0,0,0,0.333333333333333,0.222222222222222,0,0.222222222222222,0,0,0.222222222222222,0,0,0,0,0,0,0,0,0,0,0,0,0,0,1.97493750120193,18
"227","ANI-21-0925",9,1.057,1,1,1,0,0,0,0,0,0,0.333333333333333,0.222222222222222,0,0.222222222222222,0,0,0.222222222222222,0,0,0,0,0,0,0,0,0,0,0,0,0,0,1.97493750120193,18
"228","ANI-22-0011",3,1.409,NA,NA,NA,NA,NA,NA,NA,NA,NA,NA,NA,NA,NA,NA,NA,NA,NA,NA,NA,NA,NA,NA,NA,NA,NA,NA,NA,NA,NA,NA,NA,NA
"229","ANI-22-0121",4,1.119,NA,NA,NA,NA,NA,NA,NA,NA,NA,NA,NA,NA,NA,NA,NA,NA,NA,NA,NA,NA,NA,NA,NA,NA,NA,NA,NA,NA,NA,NA,NA,NA
"230","ANI-22-0176",4,1.342,1,1,1,NA,NA,NA,NA,NA,NA,NA,NA,NA,NA,NA,NA,NA,NA,NA,NA,NA,NA,NA,NA,NA,NA,NA,NA,NA,NA,NA,NA,73.582
"231","ANI-22-0220",2,NA,NA,NA,NA,NA,NA,NA,NA,NA,NA,NA,NA,NA,NA,NA,NA,NA,NA,NA,NA,NA,NA,NA,NA,NA,NA,NA,NA,NA,NA,NA,NA,NA
"232","ANI-22-0231",3,1.042,NA,NA,NA,NA,NA,NA,NA,NA,NA,NA,NA,NA,NA,NA,NA,NA,NA,NA,NA,NA,NA,NA,NA,NA,NA,NA,NA,NA,NA,NA,NA,NA
"233","ANI-22-0253",6,NA,NA,NA,NA,NA,NA,NA,NA,NA,NA,NA,NA,NA,NA,NA,NA,NA,NA,NA,NA,NA,NA,NA,NA,NA,NA,NA,NA,NA,NA,NA,NA,NA
"234","ANI-22-0286",4,1.38,NA,NA,NA,NA,NA,NA,NA,NA,NA,NA,NA,NA,NA,NA,NA,NA,NA,NA,NA,NA,NA,NA,NA,NA,NA,NA,NA,NA,NA,NA,NA,NA
"235","ANI-22-0051",2,1.207,1,1,1,NA,NA,NA,NA,NA,NA,NA,NA,NA,NA,NA,NA,NA,NA,NA,NA,NA,NA,NA,NA,NA,NA,NA,NA,NA,NA,NA,NA,73.582
"236","ANI-22-0106",2,2.002,1,1,1,NA,NA,NA,NA,NA,NA,NA,NA,NA,NA,NA,NA,NA,NA,NA,NA,NA,NA,NA,NA,NA,NA,NA,NA,NA,NA,NA,NA,200
"237","ANI-22-0117",8,2.873,2,2,2,NA,NA,NA,NA,NA,NA,NA,NA,NA,NA,NA,NA,NA,NA,NA,NA,NA,NA,NA,NA,NA,NA,NA,NA,NA,NA,NA,NA,68.445
"238","ANI-22-0205",7,1.047,1,1,1,0,0.0588235294117647,0,0,0,0,0.176470588235294,0.176470588235294,0,0.176470588235294,0,0.117647058823529,0.0588235294117647,0,0.0588235294117647,0,0,0,0.0588235294117647,0.0588235294117647,0.0588235294117647,0,0,0,0,0,0,3.13071798792737,37.3468
"239","ANI-22-0216",2,1.413,NA,NA,NA,NA,NA,NA,NA,NA,NA,NA,NA,NA,NA,NA,NA,NA,NA,NA,NA,NA,NA,NA,NA,NA,NA,NA,NA,NA,NA,NA,NA,NA
"240","ANI-22-0260",2,1.704,NA,NA,NA,NA,NA,NA,NA,NA,NA,NA,NA,NA,NA,NA,NA,NA,NA,NA,NA,NA,NA,NA,NA,NA,NA,NA,NA,NA,NA,NA,NA,NA
"241","ANI-22-0271",2,1.326,NA,NA,NA,NA,NA,NA,NA,NA,NA,NA,NA,NA,NA,NA,NA,NA,NA,NA,NA,NA,NA,NA,NA,NA,NA,NA,NA,NA,NA,NA,NA,NA
"242","ANI-22-0282",4,4.933,1,1,1,NA,NA,NA,NA,NA,NA,NA,NA,NA,NA,NA,NA,NA,NA,NA,NA,NA,NA,NA,NA,NA,NA,NA,NA,NA,NA,NA,NA,NA
