"","id_sample","id_plot","habitat","gradient","massif","Dispositif"
"1","ANI-21-0816","RIS_1900","Milieu_forestier_RIS","RIS","AlpS","Orchamp"
"2","ANI-21-0827","RIS_2195","Milieu_ouvert_RIS","RIS","AlpS","Orchamp"
"3","ANI-21-0838","RIS_2340","Milieu_ouvert_RIS","RIS","AlpS","Orchamp"
"4","ANI-21-0849","RIS_2570","Milieu_ouvert_RIS","RIS","AlpS","Orchamp"
"5","ANI-21-0860","RIS_2770","Milieu_ouvert_RIS","RIS","AlpS","Orchamp"
"6","ANI-21-0871","RIS_2890","Milieu_ouvert_RIS","RIS","AlpS","Orchamp"
"7","ANI-21-0882","TAN_1420","Milieu_forestier_TAN","TAN","AlpN","Orchamp"
"8","ANI-21-0893","TAN_1700","Milieu_forestier_TAN","TAN","AlpN","Orchamp"
"9","ANI-21-0904","TAN_1890","Milieu_ouvert_TAN","TAN","AlpN","Orchamp"
"10","ANI-21-0915","TAN_2100","Milieu_ouvert_TAN","TAN","AlpN","Orchamp"
"11","ANI-21-0948","VCHA_1910","Milieu_forestier_VCHA","VCHA","AlpS","Orchamp"
"12","ANI-21-0959","VCHA_2150","Milieu_ouvert_VCHA","VCHA","AlpS","Orchamp"
"13","ANI-21-0970","VCHA_2330","Milieu_ouvert_VCHA","VCHA","AlpS","Orchamp"
"14","ANI-21-0981","VCHA_2510","Milieu_ouvert_VCHA","VCHA","AlpS","Orchamp"
"15","ANI-22-0001","ARM_1520","Milieu_ouvert_ARM","ARM","AlpN","Orchamp"
"16","ANI-22-0012","ARM_1750","Milieu_ouvert_ARM","ARM","AlpN","Orchamp"
"17","ANI-22-0045","MSB_1370","Milieu_forestier_MSB","MSB","Pyr","Orchamp"
"18","ANI-22-0056","MSB_1420","Milieu_forestier_MSB","MSB","Pyr","Orchamp"
"19","ANI-22-0067","MSB_1890","Milieu_ouvert_MSB","MSB","Pyr","Orchamp"
"20","ANI-22-0078","MSB_2020","Milieu_ouvert_MSB","MSB","Pyr","Orchamp"
"21","ANI-22-0111","PEC_1375","Milieu_forestier_PEC","PEC","AlpN","Orchamp"
"22","ANI-22-0199","VER_1200","Milieu_forestier_VER","VER","Pyr","Orchamp"
"23","ANI-22-0221","VER_1400P","Milieu_ouvert_VER","VER","Pyr","Orchamp"
"24","ANI-22-0232","VER_1800","Milieu_ouvert_VER","VER","Pyr","Orchamp"
"25","ANI-22-0243","VER_2000","Milieu_ouvert_VER","VER","Pyr","Orchamp"
"26","ANI-22-0254","VTN_1130","Milieu_forestier_VTN","VTN","AlpS","Orchamp"
"27","ANI-22-0265","VTN_1340","Milieu_forestier_VTN","VTN","AlpS","Orchamp"
"28","ANI-22-0287","VTN_1675","Milieu_forestier_VTN","VTN","AlpS","Orchamp"
"29","ANI-22-0298","VTN_1860","Milieu_ouvert_VTN","VTN","AlpS","Orchamp"
"30","ANI-21-0817","RIS_1900","Milieu_forestier_RIS","RIS","AlpS","Orchamp"
"31","ANI-21-0828","RIS_2195","Milieu_ouvert_RIS","RIS","AlpS","Orchamp"
"32","ANI-21-0839","RIS_2340","Milieu_ouvert_RIS","RIS","AlpS","Orchamp"
"33","ANI-21-0850","RIS_2570","Milieu_ouvert_RIS","RIS","AlpS","Orchamp"
"34","ANI-21-0861","RIS_2770","Milieu_ouvert_RIS","RIS","AlpS","Orchamp"
"35","ANI-21-0872","RIS_2890","Milieu_ouvert_RIS","RIS","AlpS","Orchamp"
"36","ANI-21-0883","TAN_1420","Milieu_forestier_TAN","TAN","AlpN","Orchamp"
"37","ANI-21-0894","TAN_1700","Milieu_forestier_TAN","TAN","AlpN","Orchamp"
"38","ANI-21-0916","TAN_2100","Milieu_ouvert_TAN","TAN","AlpN","Orchamp"
"39","ANI-21-0949","VCHA_1910","Milieu_forestier_VCHA","VCHA","AlpS","Orchamp"
"40","ANI-21-0960","VCHA_2150","Milieu_ouvert_VCHA","VCHA","AlpS","Orchamp"
"41","ANI-21-0971","VCHA_2330","Milieu_ouvert_VCHA","VCHA","AlpS","Orchamp"
"42","ANI-21-0993","VCHA_2760","Milieu_ouvert_VCHA","VCHA","AlpS","Orchamp"
"43","ANI-22-0002","ARM_1520","Milieu_ouvert_ARM","ARM","AlpN","Orchamp"
"44","ANI-22-0013","ARM_1750","Milieu_ouvert_ARM","ARM","AlpN","Orchamp"
"45","ANI-22-0046","MSB_1370","Milieu_forestier_MSB","MSB","Pyr","Orchamp"
"46","ANI-22-0057","MSB_1420","Milieu_forestier_MSB","MSB","Pyr","Orchamp"
"47","ANI-22-0068","MSB_1890","Milieu_ouvert_MSB","MSB","Pyr","Orchamp"
"48","ANI-22-0079","MSB_2020","Milieu_ouvert_MSB","MSB","Pyr","Orchamp"
"49","ANI-22-0090","MSB_2260","Milieu_ouvert_MSB","MSB","Pyr","Orchamp"
"50","ANI-22-0101","PEC_1152","Milieu_forestier_PEC","PEC","AlpN","Orchamp"
"51","ANI-22-0112","PEC_1375","Milieu_forestier_PEC","PEC","AlpN","Orchamp"
"52","ANI-22-0200","VER_1200","Milieu_forestier_VER","VER","Pyr","Orchamp"
"53","ANI-22-0222","VER_1400P","Milieu_ouvert_VER","VER","Pyr","Orchamp"
"54","ANI-22-0255","VTN_1130","Milieu_forestier_VTN","VTN","AlpS","Orchamp"
"55","ANI-22-0266","VTN_1340","Milieu_forestier_VTN","VTN","AlpS","Orchamp"
"56","ANI-22-0277","VTN_1510","Milieu_forestier_VTN","VTN","AlpS","Orchamp"
"57","ANI-22-0288","VTN_1675","Milieu_forestier_VTN","VTN","AlpS","Orchamp"
"58","ANI-22-0299","VTN_1860","Milieu_ouvert_VTN","VTN","AlpS","Orchamp"
"59","ANI-21-0818","RIS_1900","Milieu_forestier_RIS","RIS","AlpS","Orchamp"
"60","ANI-21-0829","RIS_2195","Milieu_ouvert_RIS","RIS","AlpS","Orchamp"
"61","ANI-21-0840","RIS_2340","Milieu_ouvert_RIS","RIS","AlpS","Orchamp"
"62","ANI-21-0851","RIS_2570","Milieu_ouvert_RIS","RIS","AlpS","Orchamp"
"63","ANI-21-0884","TAN_1420","Milieu_forestier_TAN","TAN","AlpN","Orchamp"
"64","ANI-21-0895","TAN_1700","Milieu_forestier_TAN","TAN","AlpN","Orchamp"
"65","ANI-21-0906","TAN_1890","Milieu_ouvert_TAN","TAN","AlpN","Orchamp"
"66","ANI-21-0917","TAN_2100","Milieu_ouvert_TAN","TAN","AlpN","Orchamp"
"67","ANI-21-0950","VCHA_1910","Milieu_forestier_VCHA","VCHA","AlpS","Orchamp"
"68","ANI-21-0961","VCHA_2150","Milieu_ouvert_VCHA","VCHA","AlpS","Orchamp"
"69","ANI-21-0972","VCHA_2330","Milieu_ouvert_VCHA","VCHA","AlpS","Orchamp"
"70","ANI-21-0994","VCHA_2760","Milieu_ouvert_VCHA","VCHA","AlpS","Orchamp"
"71","ANI-21-1005","VCHA_2940","Milieu_ouvert_VCHA","VCHA","AlpS","Orchamp"
"72","ANI-22-0003","ARM_1520","Milieu_ouvert_ARM","ARM","AlpN","Orchamp"
"73","ANI-22-0014","ARM_1750","Milieu_ouvert_ARM","ARM","AlpN","Orchamp"
"74","ANI-22-0047","MSB_1370","Milieu_forestier_MSB","MSB","Pyr","Orchamp"
"75","ANI-22-0069","MSB_1890","Milieu_ouvert_MSB","MSB","Pyr","Orchamp"
"76","ANI-22-0080","MSB_2020","Milieu_ouvert_MSB","MSB","Pyr","Orchamp"
"77","ANI-22-0091","MSB_2260","Milieu_ouvert_MSB","MSB","Pyr","Orchamp"
"78","ANI-22-0102","PEC_1152","Milieu_forestier_PEC","PEC","AlpN","Orchamp"
"79","ANI-22-0113","PEC_1375","Milieu_forestier_PEC","PEC","AlpN","Orchamp"
"80","ANI-22-0146","VAL_1860","Milieu_ouvert_VAL","VAL","AlpN","Orchamp"
"81","ANI-22-0190","VAL_2715","Milieu_ouvert_VAL","VAL","AlpN","Orchamp"
"82","ANI-22-0201","VER_1200","Milieu_forestier_VER","VER","Pyr","Orchamp"
"83","ANI-22-0245","VER_2000","Milieu_ouvert_VER","VER","Pyr","Orchamp"
"84","ANI-22-0256","VTN_1130","Milieu_forestier_VTN","VTN","AlpS","Orchamp"
"85","ANI-22-0267","VTN_1340","Milieu_forestier_VTN","VTN","AlpS","Orchamp"
"86","ANI-22-0278","VTN_1510","Milieu_forestier_VTN","VTN","AlpS","Orchamp"
"87","ANI-22-0289","VTN_1675","Milieu_forestier_VTN","VTN","AlpS","Orchamp"
"88","ANI-22-0300","VTN_1860","Milieu_ouvert_VTN","VTN","AlpS","Orchamp"
"89","ANI-21-0819","RIS_1900","Milieu_forestier_RIS","RIS","AlpS","Orchamp"
"90","ANI-21-0830","RIS_2195","Milieu_ouvert_RIS","RIS","AlpS","Orchamp"
"91","ANI-21-0841","RIS_2340","Milieu_ouvert_RIS","RIS","AlpS","Orchamp"
"92","ANI-21-0852","RIS_2570","Milieu_ouvert_RIS","RIS","AlpS","Orchamp"
"93","ANI-21-0863","RIS_2770","Milieu_ouvert_RIS","RIS","AlpS","Orchamp"
"94","ANI-21-0885","TAN_1420","Milieu_forestier_TAN","TAN","AlpN","Orchamp"
"95","ANI-21-0896","TAN_1700","Milieu_forestier_TAN","TAN","AlpN","Orchamp"
"96","ANI-21-0907","TAN_1890","Milieu_ouvert_TAN","TAN","AlpN","Orchamp"
"97","ANI-21-0918","TAN_2100","Milieu_ouvert_TAN","TAN","AlpN","Orchamp"
"98","ANI-21-0962","VCHA_2150","Milieu_ouvert_VCHA","VCHA","AlpS","Orchamp"
"99","ANI-21-0973","VCHA_2330","Milieu_ouvert_VCHA","VCHA","AlpS","Orchamp"
"100","ANI-21-0984","VCHA_2510","Milieu_ouvert_VCHA","VCHA","AlpS","Orchamp"
"101","ANI-21-1006","VCHA_2940","Milieu_ouvert_VCHA","VCHA","AlpS","Orchamp"
"102","ANI-22-0004","ARM_1520","Milieu_ouvert_ARM","ARM","AlpN","Orchamp"
"103","ANI-22-0015","ARM_1750","Milieu_ouvert_ARM","ARM","AlpN","Orchamp"
"104","ANI-22-0048","MSB_1370","Milieu_forestier_MSB","MSB","Pyr","Orchamp"
"105","ANI-22-0059","MSB_1420","Milieu_forestier_MSB","MSB","Pyr","Orchamp"
"106","ANI-22-0070","MSB_1890","Milieu_ouvert_MSB","MSB","Pyr","Orchamp"
"107","ANI-22-0081","MSB_2020","Milieu_ouvert_MSB","MSB","Pyr","Orchamp"
"108","ANI-22-0092","MSB_2260","Milieu_ouvert_MSB","MSB","Pyr","Orchamp"
"109","ANI-22-0103","PEC_1152","Milieu_forestier_PEC","PEC","AlpN","Orchamp"
"110","ANI-22-0114","PEC_1375","Milieu_forestier_PEC","PEC","AlpN","Orchamp"
"111","ANI-22-0147","VAL_1860","Milieu_ouvert_VAL","VAL","AlpN","Orchamp"
"112","ANI-22-0202","VER_1200","Milieu_forestier_VER","VER","Pyr","Orchamp"
"113","ANI-22-0224","VER_1400P","Milieu_ouvert_VER","VER","Pyr","Orchamp"
"114","ANI-22-0257","VTN_1130","Milieu_forestier_VTN","VTN","AlpS","Orchamp"
"115","ANI-22-0268","VTN_1340","Milieu_forestier_VTN","VTN","AlpS","Orchamp"
"116","ANI-22-0279","VTN_1510","Milieu_forestier_VTN","VTN","AlpS","Orchamp"
"117","ANI-22-0301","VTN_1860","Milieu_ouvert_VTN","VTN","AlpS","Orchamp"
"118","ANI-21-0820","RIS_1900","Milieu_forestier_RIS","RIS","AlpS","Orchamp"
"119","ANI-21-0831","RIS_2195","Milieu_ouvert_RIS","RIS","AlpS","Orchamp"
"120","ANI-21-0842","RIS_2340","Milieu_ouvert_RIS","RIS","AlpS","Orchamp"
"121","ANI-21-0853","RIS_2570","Milieu_ouvert_RIS","RIS","AlpS","Orchamp"
"122","ANI-21-0864","RIS_2770","Milieu_ouvert_RIS","RIS","AlpS","Orchamp"
"123","ANI-21-0886","TAN_1420","Milieu_forestier_TAN","TAN","AlpN","Orchamp"
"124","ANI-21-0897","TAN_1700","Milieu_forestier_TAN","TAN","AlpN","Orchamp"
"125","ANI-21-0919","TAN_2100","Milieu_ouvert_TAN","TAN","AlpN","Orchamp"
"126","ANI-21-0952","VCHA_1910","Milieu_forestier_VCHA","VCHA","AlpS","Orchamp"
"127","ANI-21-0963","VCHA_2150","Milieu_ouvert_VCHA","VCHA","AlpS","Orchamp"
"128","ANI-21-0974","VCHA_2330","Milieu_ouvert_VCHA","VCHA","AlpS","Orchamp"
"129","ANI-21-0985","VCHA_2510","Milieu_ouvert_VCHA","VCHA","AlpS","Orchamp"
"130","ANI-22-0005","ARM_1520","Milieu_ouvert_ARM","ARM","AlpN","Orchamp"
"131","ANI-22-0016","ARM_1750","Milieu_ouvert_ARM","ARM","AlpN","Orchamp"
"132","ANI-22-0049","MSB_1370","Milieu_forestier_MSB","MSB","Pyr","Orchamp"
"133","ANI-22-0060","MSB_1420","Milieu_forestier_MSB","MSB","Pyr","Orchamp"
"134","ANI-22-0071","MSB_1890","Milieu_ouvert_MSB","MSB","Pyr","Orchamp"
"135","ANI-22-0082","MSB_2020","Milieu_ouvert_MSB","MSB","Pyr","Orchamp"
"136","ANI-22-0104","PEC_1152","Milieu_forestier_PEC","PEC","AlpN","Orchamp"
"137","ANI-22-0115","PEC_1375","Milieu_forestier_PEC","PEC","AlpN","Orchamp"
"138","ANI-22-0148","VAL_1860","Milieu_ouvert_VAL","VAL","AlpN","Orchamp"
"139","ANI-22-0181","VAL_2450","Milieu_ouvert_VAL","VAL","AlpN","Orchamp"
"140","ANI-22-0192","VAL_2715","Milieu_ouvert_VAL","VAL","AlpN","Orchamp"
"141","ANI-22-0225","VER_1400P","Milieu_ouvert_VER","VER","Pyr","Orchamp"
"142","ANI-22-0236","VER_1800","Milieu_ouvert_VER","VER","Pyr","Orchamp"
"143","ANI-22-0258","VTN_1130","Milieu_forestier_VTN","VTN","AlpS","Orchamp"
"144","ANI-22-0269","VTN_1340","Milieu_forestier_VTN","VTN","AlpS","Orchamp"
"145","ANI-22-0280","VTN_1510","Milieu_forestier_VTN","VTN","AlpS","Orchamp"
"146","ANI-22-0291","VTN_1675","Milieu_forestier_VTN","VTN","AlpS","Orchamp"
"147","ANI-22-0302","VTN_1860","Milieu_ouvert_VTN","VTN","AlpS","Orchamp"
"148","ANI-21-0821","RIS_1900","Milieu_forestier_RIS","RIS","AlpS","Orchamp"
"149","ANI-21-0832","RIS_2195","Milieu_ouvert_RIS","RIS","AlpS","Orchamp"
"150","ANI-21-0843","RIS_2340","Milieu_ouvert_RIS","RIS","AlpS","Orchamp"
"151","ANI-21-0854","RIS_2570","Milieu_ouvert_RIS","RIS","AlpS","Orchamp"
"152","ANI-21-0865","RIS_2770","Milieu_ouvert_RIS","RIS","AlpS","Orchamp"
"153","ANI-21-0876","RIS_2890","Milieu_ouvert_RIS","RIS","AlpS","Orchamp"
"154","ANI-21-0887","TAN_1420","Milieu_forestier_TAN","TAN","AlpN","Orchamp"
"155","ANI-21-0898","TAN_1700","Milieu_forestier_TAN","TAN","AlpN","Orchamp"
"156","ANI-21-0909","TAN_1890","Milieu_ouvert_TAN","TAN","AlpN","Orchamp"
"157","ANI-21-0920","TAN_2100","Milieu_ouvert_TAN","TAN","AlpN","Orchamp"
"158","ANI-21-0953","VCHA_1910","Milieu_forestier_VCHA","VCHA","AlpS","Orchamp"
"159","ANI-21-0964","VCHA_2150","Milieu_ouvert_VCHA","VCHA","AlpS","Orchamp"
"160","ANI-21-0975","VCHA_2330","Milieu_ouvert_VCHA","VCHA","AlpS","Orchamp"
"161","ANI-21-0997","VCHA_2760","Milieu_ouvert_VCHA","VCHA","AlpS","Orchamp"
"162","ANI-22-0006","ARM_1520","Milieu_ouvert_ARM","ARM","AlpN","Orchamp"
"163","ANI-22-0017","ARM_1750","Milieu_ouvert_ARM","ARM","AlpN","Orchamp"
"164","ANI-22-0050","MSB_1370","Milieu_forestier_MSB","MSB","Pyr","Orchamp"
"165","ANI-22-0061","MSB_1420","Milieu_forestier_MSB","MSB","Pyr","Orchamp"
"166","ANI-22-0072","MSB_1890","Milieu_ouvert_MSB","MSB","Pyr","Orchamp"
"167","ANI-22-0083","MSB_2020","Milieu_ouvert_MSB","MSB","Pyr","Orchamp"
"168","ANI-22-0094","MSB_2260","Milieu_ouvert_MSB","MSB","Pyr","Orchamp"
"169","ANI-22-0105","PEC_1152","Milieu_forestier_PEC","PEC","AlpN","Orchamp"
"170","ANI-22-0116","PEC_1375","Milieu_forestier_PEC","PEC","AlpN","Orchamp"
"171","ANI-22-0149","VAL_1860","Milieu_ouvert_VAL","VAL","AlpN","Orchamp"
"172","ANI-22-0182","VAL_2450","Milieu_ouvert_VAL","VAL","AlpN","Orchamp"
"173","ANI-22-0248","VER_2000","Milieu_ouvert_VER","VER","Pyr","Orchamp"
"174","ANI-22-0259","VTN_1130","Milieu_forestier_VTN","VTN","AlpS","Orchamp"
"175","ANI-22-0281","VTN_1510","Milieu_forestier_VTN","VTN","AlpS","Orchamp"
"176","ANI-22-0292","VTN_1675","Milieu_forestier_VTN","VTN","AlpS","Orchamp"
"177","ANI-22-0303","VTN_1860","Milieu_ouvert_VTN","VTN","AlpS","Orchamp"
"178","ANI-21-0822","RIS_1900","Milieu_forestier_RIS","RIS","AlpS","Orchamp"
"179","ANI-21-0833","RIS_2195","Milieu_ouvert_RIS","RIS","AlpS","Orchamp"
"180","ANI-21-0844","RIS_2340","Milieu_ouvert_RIS","RIS","AlpS","Orchamp"
"181","ANI-21-0855","RIS_2570","Milieu_ouvert_RIS","RIS","AlpS","Orchamp"
"182","ANI-21-0866","RIS_2770","Milieu_ouvert_RIS","RIS","AlpS","Orchamp"
"183","ANI-21-0877","RIS_2890","Milieu_ouvert_RIS","RIS","AlpS","Orchamp"
"184","ANI-21-0954","VCHA_1910","Milieu_forestier_VCHA","VCHA","AlpS","Orchamp"
"185","ANI-21-0976","VCHA_2330","Milieu_ouvert_VCHA","VCHA","AlpS","Orchamp"
"186","ANI-21-0998","VCHA_2760","Milieu_ouvert_VCHA","VCHA","AlpS","Orchamp"
"187","ANI-21-1009","VCHA_2940","Milieu_ouvert_VCHA","VCHA","AlpS","Orchamp"
"188","ANI-21-0878","RIS_2890","Milieu_ouvert_RIS","RIS","AlpS","Orchamp"
"189","ANI-22-0008","ARM_1520","Milieu_ouvert_ARM","ARM","AlpN","Orchamp"
"190","ANI-22-0052","MSB_1370","Milieu_forestier_MSB","MSB","Pyr","Orchamp"
"191","ANI-22-0151","VAL_1860","Milieu_ouvert_VAL","VAL","AlpN","Orchamp"
"192","ANI-22-0173","VAL_2250","Milieu_ouvert_VAL","VAL","AlpN","Orchamp"
"193","ANI-22-0206","VER_1200","Milieu_forestier_VER","VER","Pyr","Orchamp"
"194","ANI-22-0228","VER_1400P","Milieu_ouvert_VER","VER","Pyr","Orchamp"
"195","ANI-22-0294","VTN_1675","Milieu_forestier_VTN","VTN","AlpS","Orchamp"
"196","ANI-21-0967","VCHA_2150","Milieu_ouvert_VCHA","VCHA","AlpS","Orchamp"
"197","ANI-22-0075","MSB_1890","Milieu_ouvert_MSB","MSB","Pyr","Orchamp"
"198","ANI-22-0086","MSB_2020","Milieu_ouvert_MSB","MSB","Pyr","Orchamp"
"199","ANI-22-0119","PEC_1375","Milieu_forestier_PEC","PEC","AlpN","Orchamp"
"200","ANI-22-0207","VER_1200","Milieu_forestier_VER","VER","Pyr","Orchamp"
"201","ANI-22-0218","VER_1400F","Milieu_forestier_VER","VER","Pyr","Orchamp"
"202","ANI-22-0229","VER_1400P","Milieu_ouvert_VER","VER","Pyr","Orchamp"
"203","ANI-22-0240","VER_1800","Milieu_ouvert_VER","VER","Pyr","Orchamp"
"204","ANI-22-0295","VTN_1675","Milieu_forestier_VTN","VTN","AlpS","Orchamp"
"205","ANI-21-0968","VCHA_2150","Milieu_ouvert_VCHA","VCHA","AlpS","Orchamp"
"206","ANI-22-0065","MSB_1420","Milieu_forestier_MSB","MSB","Pyr","Orchamp"
"207","ANI-22-0153","VAL_1860","Milieu_ouvert_VAL","VAL","AlpN","Orchamp"
"208","ANI-22-0219","VER_1400F","Milieu_forestier_VER","VER","Pyr","Orchamp"
"209","ANI-22-0230","VER_1400P","Milieu_ouvert_VER","VER","Pyr","Orchamp"
"210","ANI-22-0263","VTN_1130","Milieu_forestier_VTN","VTN","AlpS","Orchamp"
"211","ANI-22-0307","VTN_1860","Milieu_ouvert_VTN","VTN","AlpS","Orchamp"
"212","ANI-21-0837","RIS_2195","Milieu_ouvert_RIS","RIS","AlpS","Orchamp"
"213","ANI-21-0859","RIS_2570","Milieu_ouvert_RIS","RIS","AlpS","Orchamp"
"214","ANI-21-0980","VCHA_2330","Milieu_ouvert_VCHA","VCHA","AlpS","Orchamp"
"215","ANI-22-0011","ARM_1520","Milieu_ouvert_ARM","ARM","AlpN","Orchamp"
"216","ANI-22-0022","ARM_1750","Milieu_ouvert_ARM","ARM","AlpN","Orchamp"
"217","ANI-22-0055","MSB_1370","Milieu_forestier_MSB","MSB","Pyr","Orchamp"
"218","ANI-22-0066","MSB_1420","Milieu_forestier_MSB","MSB","Pyr","Orchamp"
"219","ANI-22-0099","MSB_2260","Milieu_ouvert_MSB","MSB","Pyr","Orchamp"
"220","ANI-22-0154","VAL_1860","Milieu_ouvert_VAL","VAL","AlpN","Orchamp"
"221","ANI-22-0231","VER_1400P","Milieu_ouvert_VER","VER","Pyr","Orchamp"
"222","ANI-22-0275","VTN_1340","Milieu_forestier_VTN","VTN","AlpS","Orchamp"
"223","ANI-22-0286","VTN_1510","Milieu_forestier_VTN","VTN","AlpS","Orchamp"
"224","ANI-22-0051","MSB_1370","Milieu_forestier_MSB","MSB","Pyr","Orchamp"
"225","ANI-22-0205","VER_1200","Milieu_forestier_VER","VER","Pyr","Orchamp"
"226","ANI-22-0216","VER_1400F","Milieu_forestier_VER","VER","Pyr","Orchamp"
"227","ANI-21-0541","ARG_1420","Milieu_forestier_ARG","ARG","AlpN","Orchamp"
"228","ANI-21-0552","ARG_1620","Milieu_forestier_ARG","ARG","AlpN","Orchamp"
"229","ANI-21-0563","ARG_1790","Milieu_ouvert_ARG","ARG","AlpN","Orchamp"
"230","ANI-21-0574","ARG_2000","Milieu_ouvert_ARG","ARG","AlpN","Orchamp"
"231","ANI-21-0585","ARG_2230","Milieu_ouvert_ARG","ARG","AlpN","Orchamp"
"232","ANI-21-0596","ARG_2400","Milieu_ouvert_ARG","ARG","AlpN","Orchamp"
"233","ANI-21-0607","BOU_1240","Milieu_forestier_BOU","BOU","AlpN","Orchamp"
"234","ANI-21-0618","BOU_1440","Milieu_forestier_BOU","BOU","AlpN","Orchamp"
"235","ANI-21-0629","BOU_1620","Milieu_forestier_BOU","BOU","AlpN","Orchamp"
"236","ANI-21-0640","BOU_1830","Milieu_ouvert_BOU","BOU","AlpN","Orchamp"
"237","ANI-21-0651","BOU_2000","Milieu_ouvert_BOU","BOU","AlpN","Orchamp"
"238","ANI-21-0662","CAU_1220","Milieu_forestier_CAU","CAU","Pyr","Orchamp"
"239","ANI-21-0673","CAU_1400","Milieu_forestier_CAU","CAU","Pyr","Orchamp"
"240","ANI-21-0684","CAU_1630","Milieu_forestier_CAU","CAU","Pyr","Orchamp"
"241","ANI-21-0706","CAU_2020","Milieu_ouvert_CAU","CAU","Pyr","Orchamp"
"242","ANI-21-0717","CAU_2225","Milieu_ouvert_CAU","CAU","Pyr","Orchamp"
"243","ANI-21-0728","CAU_2445","Milieu_ouvert_CAU","CAU","Pyr","Orchamp"
"244","ANI-21-0739","CAU_2650","Milieu_ouvert_CAU","CAU","Pyr","Orchamp"
"245","ANI-21-0750","MOU_1810","Milieu_ouvert_MOU","MOU","AlpS","Orchamp"
"246","ANI-21-0761","MOU_1940","Milieu_ouvert_MOU","MOU","AlpS","Orchamp"
"247","ANI-21-0772","MOU_2160","Milieu_ouvert_MOU","MOU","AlpS","Orchamp"
"248","ANI-21-0783","MOU_2355","Milieu_ouvert_MOU","MOU","AlpS","Orchamp"
"249","ANI-21-0794","MOU_2470","Milieu_ouvert_MOU","MOU","AlpS","Orchamp"
"250","ANI-21-0805","MOU_2720","Milieu_ouvert_MOU","MOU","AlpS","Orchamp"
"251","ANI-22-0089","MSB_2260","Milieu_ouvert_MSB","MSB","Pyr","Orchamp"
"252","ANI-22-0100","PEC_1152","Milieu_forestier_PEC","PEC","AlpN","Orchamp"
"253","ANI-22-0144","VAL_1860","Milieu_ouvert_VAL","VAL","AlpN","Orchamp"
"254","ANI-22-0210","VER_1400F","Milieu_forestier_VER","VER","Pyr","Orchamp"
"255","ANI-22-0276","VTN_1510","Milieu_forestier_VTN","VTN","AlpS","Orchamp"
"256","ANI-21-0542","ARG_1420","Milieu_forestier_ARG","ARG","AlpN","Orchamp"
"257","ANI-21-0553","ARG_1620","Milieu_forestier_ARG","ARG","AlpN","Orchamp"
"258","ANI-21-0564","ARG_1790","Milieu_ouvert_ARG","ARG","AlpN","Orchamp"
"259","ANI-21-0575","ARG_2000","Milieu_ouvert_ARG","ARG","AlpN","Orchamp"
"260","ANI-21-0586","ARG_2230","Milieu_ouvert_ARG","ARG","AlpN","Orchamp"
"261","ANI-21-0597","ARG_2400","Milieu_ouvert_ARG","ARG","AlpN","Orchamp"
"262","ANI-21-0608","BOU_1240","Milieu_forestier_BOU","BOU","AlpN","Orchamp"
"263","ANI-21-0619","BOU_1440","Milieu_forestier_BOU","BOU","AlpN","Orchamp"
"264","ANI-21-0630","BOU_1620","Milieu_forestier_BOU","BOU","AlpN","Orchamp"
"265","ANI-21-0641","BOU_1830","Milieu_ouvert_BOU","BOU","AlpN","Orchamp"
"266","ANI-21-0652","BOU_2000","Milieu_ouvert_BOU","BOU","AlpN","Orchamp"
"267","ANI-21-0674","CAU_1400","Milieu_forestier_CAU","CAU","Pyr","Orchamp"
"268","ANI-21-0685","CAU_1630","Milieu_forestier_CAU","CAU","Pyr","Orchamp"
"269","ANI-21-0696","CAU_1800","Milieu_ouvert_CAU","CAU","Pyr","Orchamp"
"270","ANI-21-0707","CAU_2020","Milieu_ouvert_CAU","CAU","Pyr","Orchamp"
"271","ANI-21-0718","CAU_2225","Milieu_ouvert_CAU","CAU","Pyr","Orchamp"
"272","ANI-21-0729","CAU_2445","Milieu_ouvert_CAU","CAU","Pyr","Orchamp"
"273","ANI-21-0740","CAU_2650","Milieu_ouvert_CAU","CAU","Pyr","Orchamp"
"274","ANI-21-0751","MOU_1810","Milieu_ouvert_MOU","MOU","AlpS","Orchamp"
"275","ANI-21-0762","MOU_1940","Milieu_ouvert_MOU","MOU","AlpS","Orchamp"
"276","ANI-21-0773","MOU_2160","Milieu_ouvert_MOU","MOU","AlpS","Orchamp"
"277","ANI-21-0784","MOU_2355","Milieu_ouvert_MOU","MOU","AlpS","Orchamp"
"278","ANI-21-0795","MOU_2470","Milieu_ouvert_MOU","MOU","AlpS","Orchamp"
"279","ANI-21-0806","MOU_2720","Milieu_ouvert_MOU","MOU","AlpS","Orchamp"
"280","ANI-21-0905","TAN_1890","Milieu_ouvert_TAN","TAN","AlpN","Orchamp"
"281","ANI-22-0145","VAL_1860","Milieu_ouvert_VAL","VAL","AlpN","Orchamp"
"282","ANI-22-0211","VER_1400F","Milieu_forestier_VER","VER","Pyr","Orchamp"
"283","ANI-22-0244","VER_2000","Milieu_ouvert_VER","VER","Pyr","Orchamp"
"284","ANI-21-0543","ARG_1420","Milieu_forestier_ARG","ARG","AlpN","Orchamp"
"285","ANI-21-0554","ARG_1620","Milieu_forestier_ARG","ARG","AlpN","Orchamp"
"286","ANI-21-0565","ARG_1790","Milieu_ouvert_ARG","ARG","AlpN","Orchamp"
"287","ANI-21-0576","ARG_2000","Milieu_ouvert_ARG","ARG","AlpN","Orchamp"
"288","ANI-21-0587","ARG_2230","Milieu_ouvert_ARG","ARG","AlpN","Orchamp"
"289","ANI-21-0598","ARG_2400","Milieu_ouvert_ARG","ARG","AlpN","Orchamp"
"290","ANI-21-0609","BOU_1240","Milieu_forestier_BOU","BOU","AlpN","Orchamp"
"291","ANI-21-0620","BOU_1440","Milieu_forestier_BOU","BOU","AlpN","Orchamp"
"292","ANI-21-0631","BOU_1620","Milieu_forestier_BOU","BOU","AlpN","Orchamp"
"293","ANI-21-0642","BOU_1830","Milieu_ouvert_BOU","BOU","AlpN","Orchamp"
"294","ANI-21-0653","BOU_2000","Milieu_ouvert_BOU","BOU","AlpN","Orchamp"
"295","ANI-21-0664","CAU_1220","Milieu_forestier_CAU","CAU","Pyr","Orchamp"
"296","ANI-21-0675","CAU_1400","Milieu_forestier_CAU","CAU","Pyr","Orchamp"
"297","ANI-21-0686","CAU_1630","Milieu_forestier_CAU","CAU","Pyr","Orchamp"
"298","ANI-21-0697","CAU_1800","Milieu_ouvert_CAU","CAU","Pyr","Orchamp"
"299","ANI-21-0708","CAU_2020","Milieu_ouvert_CAU","CAU","Pyr","Orchamp"
"300","ANI-21-0719","CAU_2225","Milieu_ouvert_CAU","CAU","Pyr","Orchamp"
"301","ANI-21-0730","CAU_2445","Milieu_ouvert_CAU","CAU","Pyr","Orchamp"
"302","ANI-21-0741","CAU_2650","Milieu_ouvert_CAU","CAU","Pyr","Orchamp"
"303","ANI-21-0752","MOU_1810","Milieu_ouvert_MOU","MOU","AlpS","Orchamp"
"304","ANI-21-0763","MOU_1940","Milieu_ouvert_MOU","MOU","AlpS","Orchamp"
"305","ANI-21-0774","MOU_2160","Milieu_ouvert_MOU","MOU","AlpS","Orchamp"
"306","ANI-21-0785","MOU_2355","Milieu_ouvert_MOU","MOU","AlpS","Orchamp"
"307","ANI-21-0807","MOU_2720","Milieu_ouvert_MOU","MOU","AlpS","Orchamp"
"308","ANI-21-0862","RIS_2770","Milieu_ouvert_RIS","RIS","AlpS","Orchamp"
"309","ANI-21-0983","VCHA_2510","Milieu_ouvert_VCHA","VCHA","AlpS","Orchamp"
"310","ANI-22-0058","MSB_1420","Milieu_forestier_MSB","MSB","Pyr","Orchamp"
"311","ANI-22-0212","VER_1400F","Milieu_forestier_VER","VER","Pyr","Orchamp"
"312","ANI-21-0544","ARG_1420","Milieu_forestier_ARG","ARG","AlpN","Orchamp"
"313","ANI-21-0555","ARG_1620","Milieu_forestier_ARG","ARG","AlpN","Orchamp"
"314","ANI-21-0566","ARG_1790","Milieu_ouvert_ARG","ARG","AlpN","Orchamp"
"315","ANI-21-0577","ARG_2000","Milieu_ouvert_ARG","ARG","AlpN","Orchamp"
"316","ANI-21-0588","ARG_2230","Milieu_ouvert_ARG","ARG","AlpN","Orchamp"
"317","ANI-21-0599","ARG_2400","Milieu_ouvert_ARG","ARG","AlpN","Orchamp"
"318","ANI-21-0610","BOU_1240","Milieu_forestier_BOU","BOU","AlpN","Orchamp"
"319","ANI-21-0621","BOU_1440","Milieu_forestier_BOU","BOU","AlpN","Orchamp"
"320","ANI-21-0632","BOU_1620","Milieu_forestier_BOU","BOU","AlpN","Orchamp"
"321","ANI-21-0643","BOU_1830","Milieu_ouvert_BOU","BOU","AlpN","Orchamp"
"322","ANI-21-0654","BOU_2000","Milieu_ouvert_BOU","BOU","AlpN","Orchamp"
"323","ANI-21-0665","CAU_1220","Milieu_forestier_CAU","CAU","Pyr","Orchamp"
"324","ANI-21-0676","CAU_1400","Milieu_forestier_CAU","CAU","Pyr","Orchamp"
"325","ANI-21-0687","CAU_1630","Milieu_forestier_CAU","CAU","Pyr","Orchamp"
"326","ANI-21-0709","CAU_2020","Milieu_ouvert_CAU","CAU","Pyr","Orchamp"
"327","ANI-21-0720","CAU_2225","Milieu_ouvert_CAU","CAU","Pyr","Orchamp"
"328","ANI-21-0731","CAU_2445","Milieu_ouvert_CAU","CAU","Pyr","Orchamp"
"329","ANI-21-0742","CAU_2650","Milieu_ouvert_CAU","CAU","Pyr","Orchamp"
"330","ANI-21-0753","MOU_1810","Milieu_ouvert_MOU","MOU","AlpS","Orchamp"
"331","ANI-21-0764","MOU_1940","Milieu_ouvert_MOU","MOU","AlpS","Orchamp"
"332","ANI-21-0775","MOU_2160","Milieu_ouvert_MOU","MOU","AlpS","Orchamp"
"333","ANI-21-0786","MOU_2355","Milieu_ouvert_MOU","MOU","AlpS","Orchamp"
"334","ANI-21-0797","MOU_2470","Milieu_ouvert_MOU","MOU","AlpS","Orchamp"
"335","ANI-21-0808","MOU_2720","Milieu_ouvert_MOU","MOU","AlpS","Orchamp"
"336","ANI-21-0874","RIS_2890","Milieu_ouvert_RIS","RIS","AlpS","Orchamp"
"337","ANI-21-0929","TAN_2300","Milieu_ouvert_TAN","TAN","AlpN","Orchamp"
"338","ANI-21-0951","VCHA_1910","Milieu_forestier_VCHA","VCHA","AlpS","Orchamp"
"339","ANI-22-0213","VER_1400F","Milieu_forestier_VER","VER","Pyr","Orchamp"
"340","ANI-22-0246","VER_2000","Milieu_ouvert_VER","VER","Pyr","Orchamp"
"341","ANI-22-0290","VTN_1675","Milieu_forestier_VTN","VTN","AlpS","Orchamp"
"342","ANI-21-0545","ARG_1420","Milieu_forestier_ARG","ARG","AlpN","Orchamp"
"343","ANI-21-0556","ARG_1620","Milieu_forestier_ARG","ARG","AlpN","Orchamp"
"344","ANI-21-0567","ARG_1790","Milieu_ouvert_ARG","ARG","AlpN","Orchamp"
"345","ANI-21-0578","ARG_2000","Milieu_ouvert_ARG","ARG","AlpN","Orchamp"
"346","ANI-21-0589","ARG_2230","Milieu_ouvert_ARG","ARG","AlpN","Orchamp"
"347","ANI-21-0600","ARG_2400","Milieu_ouvert_ARG","ARG","AlpN","Orchamp"
"348","ANI-21-0611","BOU_1240","Milieu_forestier_BOU","BOU","AlpN","Orchamp"
"349","ANI-21-0622","BOU_1440","Milieu_forestier_BOU","BOU","AlpN","Orchamp"
"350","ANI-21-0633","BOU_1620","Milieu_forestier_BOU","BOU","AlpN","Orchamp"
"351","ANI-21-0644","BOU_1830","Milieu_ouvert_BOU","BOU","AlpN","Orchamp"
"352","ANI-21-0655","BOU_2000","Milieu_ouvert_BOU","BOU","AlpN","Orchamp"
"353","ANI-21-0666","CAU_1220","Milieu_forestier_CAU","CAU","Pyr","Orchamp"
"354","ANI-21-0677","CAU_1400","Milieu_forestier_CAU","CAU","Pyr","Orchamp"
"355","ANI-21-0688","CAU_1630","Milieu_forestier_CAU","CAU","Pyr","Orchamp"
"356","ANI-21-0699","CAU_1800","Milieu_ouvert_CAU","CAU","Pyr","Orchamp"
"357","ANI-21-0710","CAU_2020","Milieu_ouvert_CAU","CAU","Pyr","Orchamp"
"358","ANI-21-0721","CAU_2225","Milieu_ouvert_CAU","CAU","Pyr","Orchamp"
"359","ANI-21-0732","CAU_2445","Milieu_ouvert_CAU","CAU","Pyr","Orchamp"
"360","ANI-21-0743","CAU_2650","Milieu_ouvert_CAU","CAU","Pyr","Orchamp"
"361","ANI-21-0754","MOU_1810","Milieu_ouvert_MOU","MOU","AlpS","Orchamp"
"362","ANI-21-0765","MOU_1940","Milieu_ouvert_MOU","MOU","AlpS","Orchamp"
"363","ANI-21-0776","MOU_2160","Milieu_ouvert_MOU","MOU","AlpS","Orchamp"
"364","ANI-21-0787","MOU_2355","Milieu_ouvert_MOU","MOU","AlpS","Orchamp"
"365","ANI-21-0798","MOU_2470","Milieu_ouvert_MOU","MOU","AlpS","Orchamp"
"366","ANI-21-0809","MOU_2720","Milieu_ouvert_MOU","MOU","AlpS","Orchamp"
"367","ANI-21-0908","TAN_1890","Milieu_ouvert_TAN","TAN","AlpN","Orchamp"
"368","ANI-21-0996","VCHA_2760","Milieu_ouvert_VCHA","VCHA","AlpS","Orchamp"
"369","ANI-22-0093","MSB_2260","Milieu_ouvert_MSB","MSB","Pyr","Orchamp"
"370","ANI-22-0214","VER_1400F","Milieu_forestier_VER","VER","Pyr","Orchamp"
"371","ANI-22-0247","VER_2000","Milieu_ouvert_VER","VER","Pyr","Orchamp"
"372","ANI-21-0546","ARG_1420","Milieu_forestier_ARG","ARG","AlpN","Orchamp"
"373","ANI-21-0557","ARG_1620","Milieu_forestier_ARG","ARG","AlpN","Orchamp"
"374","ANI-21-0568","ARG_1790","Milieu_ouvert_ARG","ARG","AlpN","Orchamp"
"375","ANI-21-0579","ARG_2000","Milieu_ouvert_ARG","ARG","AlpN","Orchamp"
"376","ANI-21-0590","ARG_2230","Milieu_ouvert_ARG","ARG","AlpN","Orchamp"
"377","ANI-21-0601","ARG_2400","Milieu_ouvert_ARG","ARG","AlpN","Orchamp"
"378","ANI-21-0612","BOU_1240","Milieu_forestier_BOU","BOU","AlpN","Orchamp"
"379","ANI-21-0623","BOU_1440","Milieu_forestier_BOU","BOU","AlpN","Orchamp"
"380","ANI-21-0634","BOU_1620","Milieu_forestier_BOU","BOU","AlpN","Orchamp"
"381","ANI-21-0645","BOU_1830","Milieu_ouvert_BOU","BOU","AlpN","Orchamp"
"382","ANI-21-0656","BOU_2000","Milieu_ouvert_BOU","BOU","AlpN","Orchamp"
"383","ANI-21-0667","CAU_1220","Milieu_forestier_CAU","CAU","Pyr","Orchamp"
"384","ANI-21-0678","CAU_1400","Milieu_forestier_CAU","CAU","Pyr","Orchamp"
"385","ANI-21-0689","CAU_1630","Milieu_forestier_CAU","CAU","Pyr","Orchamp"
"386","ANI-21-0700","CAU_1800","Milieu_ouvert_CAU","CAU","Pyr","Orchamp"
"387","ANI-21-0711","CAU_2020","Milieu_ouvert_CAU","CAU","Pyr","Orchamp"
"388","ANI-21-0722","CAU_2225","Milieu_ouvert_CAU","CAU","Pyr","Orchamp"
"389","ANI-21-0733","CAU_2445","Milieu_ouvert_CAU","CAU","Pyr","Orchamp"
"390","ANI-21-0744","CAU_2650","Milieu_ouvert_CAU","CAU","Pyr","Orchamp"
"391","ANI-21-0755","MOU_1810","Milieu_ouvert_MOU","MOU","AlpS","Orchamp"
"392","ANI-21-0766","MOU_1940","Milieu_ouvert_MOU","MOU","AlpS","Orchamp"
"393","ANI-21-0777","MOU_2160","Milieu_ouvert_MOU","MOU","AlpS","Orchamp"
"394","ANI-21-0788","MOU_2355","Milieu_ouvert_MOU","MOU","AlpS","Orchamp"
"395","ANI-21-0799","MOU_2470","Milieu_ouvert_MOU","MOU","AlpS","Orchamp"
"396","ANI-21-0810","MOU_2720","Milieu_ouvert_MOU","MOU","AlpS","Orchamp"
"397","ANI-21-0986","VCHA_2510","Milieu_ouvert_VCHA","VCHA","AlpS","Orchamp"
"398","ANI-21-1008","VCHA_2940","Milieu_ouvert_VCHA","VCHA","AlpS","Orchamp"
"399","ANI-22-0215","VER_1400F","Milieu_forestier_VER","VER","Pyr","Orchamp"
"400","ANI-22-0226","VER_1400P","Milieu_ouvert_VER","VER","Pyr","Orchamp"
"401","ANI-22-0270","VTN_1340","Milieu_forestier_VTN","VTN","AlpS","Orchamp"
"402","ANI-21-0547","ARG_1420","Milieu_forestier_ARG","ARG","AlpN","Orchamp"
"403","ANI-21-0558","ARG_1620","Milieu_forestier_ARG","ARG","AlpN","Orchamp"
"404","ANI-21-0569","ARG_1790","Milieu_ouvert_ARG","ARG","AlpN","Orchamp"
"405","ANI-21-0580","ARG_2000","Milieu_ouvert_ARG","ARG","AlpN","Orchamp"
"406","ANI-21-0591","ARG_2230","Milieu_ouvert_ARG","ARG","AlpN","Orchamp"
"407","ANI-21-0624","BOU_1440","Milieu_forestier_BOU","BOU","AlpN","Orchamp"
"408","ANI-21-0635","BOU_1620","Milieu_forestier_BOU","BOU","AlpN","Orchamp"
"409","ANI-21-0657","BOU_2000","Milieu_ouvert_BOU","BOU","AlpN","Orchamp"
"410","ANI-21-0668","CAU_1220","Milieu_forestier_CAU","CAU","Pyr","Orchamp"
"411","ANI-21-0679","CAU_1400","Milieu_forestier_CAU","CAU","Pyr","Orchamp"
"412","ANI-21-0690","CAU_1630","Milieu_forestier_CAU","CAU","Pyr","Orchamp"
"413","ANI-21-0701","CAU_1800","Milieu_ouvert_CAU","CAU","Pyr","Orchamp"
"414","ANI-21-0712","CAU_2020","Milieu_ouvert_CAU","CAU","Pyr","Orchamp"
"415","ANI-21-0723","CAU_2225","Milieu_ouvert_CAU","CAU","Pyr","Orchamp"
"416","ANI-21-0734","CAU_2445","Milieu_ouvert_CAU","CAU","Pyr","Orchamp"
"417","ANI-21-0745","CAU_2650","Milieu_ouvert_CAU","CAU","Pyr","Orchamp"
"418","ANI-21-0756","MOU_1810","Milieu_ouvert_MOU","MOU","AlpS","Orchamp"
"419","ANI-21-0767","MOU_1940","Milieu_ouvert_MOU","MOU","AlpS","Orchamp"
"420","ANI-21-0778","MOU_2160","Milieu_ouvert_MOU","MOU","AlpS","Orchamp"
"421","ANI-21-0789","MOU_2355","Milieu_ouvert_MOU","MOU","AlpS","Orchamp"
"422","ANI-21-0800","MOU_2470","Milieu_ouvert_MOU","MOU","AlpS","Orchamp"
"423","ANI-21-0888","TAN_1420","Milieu_forestier_TAN","TAN","AlpN","Orchamp"
"424","ANI-21-0899","TAN_1700","Milieu_forestier_TAN","TAN","AlpN","Orchamp"
"425","ANI-21-0965","VCHA_2150","Milieu_ouvert_VCHA","VCHA","AlpS","Orchamp"
"426","ANI-21-0987","VCHA_2510","Milieu_ouvert_VCHA","VCHA","AlpS","Orchamp"
"427","ANI-21-0559","ARG_1620","Milieu_forestier_ARG","ARG","AlpN","Orchamp"
"428","ANI-21-0570","ARG_1790","Milieu_ouvert_ARG","ARG","AlpN","Orchamp"
"429","ANI-21-0581","ARG_2000","Milieu_ouvert_ARG","ARG","AlpN","Orchamp"
"430","ANI-21-0614","BOU_1240","Milieu_forestier_BOU","BOU","AlpN","Orchamp"
"431","ANI-21-0625","BOU_1440","Milieu_forestier_BOU","BOU","AlpN","Orchamp"
"432","ANI-21-0658","BOU_2000","Milieu_ouvert_BOU","BOU","AlpN","Orchamp"
"433","ANI-21-0669","CAU_1220","Milieu_forestier_CAU","CAU","Pyr","Orchamp"
"434","ANI-21-0680","CAU_1400","Milieu_forestier_CAU","CAU","Pyr","Orchamp"
"435","ANI-21-0691","CAU_1630","Milieu_forestier_CAU","CAU","Pyr","Orchamp"
"436","ANI-21-0702","CAU_1800","Milieu_ouvert_CAU","CAU","Pyr","Orchamp"
"437","ANI-21-0735","CAU_2445","Milieu_ouvert_CAU","CAU","Pyr","Orchamp"
"438","ANI-21-0757","MOU_1810","Milieu_ouvert_MOU","MOU","AlpS","Orchamp"
"439","ANI-21-0768","MOU_1940","Milieu_ouvert_MOU","MOU","AlpS","Orchamp"
"440","ANI-21-0779","MOU_2160","Milieu_ouvert_MOU","MOU","AlpS","Orchamp"
"441","ANI-21-0790","MOU_2355","Milieu_ouvert_MOU","MOU","AlpS","Orchamp"
"442","ANI-21-0812","MOU_2720","Milieu_ouvert_MOU","MOU","AlpS","Orchamp"
"443","ANI-21-0823","RIS_1900","Milieu_forestier_RIS","RIS","AlpS","Orchamp"
"444","ANI-21-0834","RIS_2195","Milieu_ouvert_RIS","RIS","AlpS","Orchamp"
"445","ANI-21-0845","RIS_2340","Milieu_ouvert_RIS","RIS","AlpS","Orchamp"
"446","ANI-21-0889","TAN_1420","Milieu_forestier_TAN","TAN","AlpN","Orchamp"
"447","ANI-21-0900","TAN_1700","Milieu_forestier_TAN","TAN","AlpN","Orchamp"
"448","ANI-21-0911","TAN_1890","Milieu_ouvert_TAN","TAN","AlpN","Orchamp"
"449","ANI-21-0955","VCHA_1910","Milieu_forestier_VCHA","VCHA","AlpS","Orchamp"
"450","ANI-21-0966","VCHA_2150","Milieu_ouvert_VCHA","VCHA","AlpS","Orchamp"
"451","ANI-21-1010","VCHA_2940","Milieu_ouvert_VCHA","VCHA","AlpS","Orchamp"
"452","ANI-22-0019","ARM_1750","Milieu_ouvert_ARM","ARM","AlpN","Orchamp"
"453","ANI-22-0063","MSB_1420","Milieu_forestier_MSB","MSB","Pyr","Orchamp"
"454","ANI-22-0074","MSB_1890","Milieu_ouvert_MSB","MSB","Pyr","Orchamp"
"455","ANI-22-0085","MSB_2020","Milieu_ouvert_MSB","MSB","Pyr","Orchamp"
"456","ANI-22-0096","MSB_2260","Milieu_ouvert_MSB","MSB","Pyr","Orchamp"
"457","ANI-22-0107","PEC_1152","Milieu_forestier_PEC","PEC","AlpN","Orchamp"
"458","ANI-22-0118","PEC_1375","Milieu_forestier_PEC","PEC","AlpN","Orchamp"
"459","ANI-22-0217","VER_1400F","Milieu_forestier_VER","VER","Pyr","Orchamp"
"460","ANI-22-0239","VER_1800","Milieu_ouvert_VER","VER","Pyr","Orchamp"
"461","ANI-22-0250","VER_2000","Milieu_ouvert_VER","VER","Pyr","Orchamp"
"462","ANI-22-0261","VTN_1130","Milieu_forestier_VTN","VTN","AlpS","Orchamp"
"463","ANI-22-0272","VTN_1340","Milieu_forestier_VTN","VTN","AlpS","Orchamp"
"464","ANI-22-0283","VTN_1510","Milieu_forestier_VTN","VTN","AlpS","Orchamp"
"465","ANI-21-0549","ARG_1420","Milieu_forestier_ARG","ARG","AlpN","Orchamp"
"466","ANI-21-0560","ARG_1620","Milieu_forestier_ARG","ARG","AlpN","Orchamp"
"467","ANI-21-0582","ARG_2000","Milieu_ouvert_ARG","ARG","AlpN","Orchamp"
"468","ANI-21-0615","BOU_1240","Milieu_forestier_BOU","BOU","AlpN","Orchamp"
"469","ANI-21-0626","BOU_1440","Milieu_forestier_BOU","BOU","AlpN","Orchamp"
"470","ANI-21-0637","BOU_1620","Milieu_forestier_BOU","BOU","AlpN","Orchamp"
"471","ANI-21-0670","CAU_1220","Milieu_forestier_CAU","CAU","Pyr","Orchamp"
"472","ANI-21-0681","CAU_1400","Milieu_forestier_CAU","CAU","Pyr","Orchamp"
"473","ANI-21-0692","CAU_1630","Milieu_forestier_CAU","CAU","Pyr","Orchamp"
"474","ANI-21-0703","CAU_1800","Milieu_ouvert_CAU","CAU","Pyr","Orchamp"
"475","ANI-21-0714","CAU_2020","Milieu_ouvert_CAU","CAU","Pyr","Orchamp"
"476","ANI-21-0725","CAU_2225","Milieu_ouvert_CAU","CAU","Pyr","Orchamp"
"477","ANI-21-0758","MOU_1810","Milieu_ouvert_MOU","MOU","AlpS","Orchamp"
"478","ANI-21-0769","MOU_1940","Milieu_ouvert_MOU","MOU","AlpS","Orchamp"
"479","ANI-21-0780","MOU_2160","Milieu_ouvert_MOU","MOU","AlpS","Orchamp"
"480","ANI-21-0791","MOU_2355","Milieu_ouvert_MOU","MOU","AlpS","Orchamp"
"481","ANI-21-0802","MOU_2470","Milieu_ouvert_MOU","MOU","AlpS","Orchamp"
"482","ANI-21-0813","MOU_2720","Milieu_ouvert_MOU","MOU","AlpS","Orchamp"
"483","ANI-21-0824","RIS_1900","Milieu_forestier_RIS","RIS","AlpS","Orchamp"
"484","ANI-21-0846","RIS_2340","Milieu_ouvert_RIS","RIS","AlpS","Orchamp"
"485","ANI-21-0868","RIS_2770","Milieu_ouvert_RIS","RIS","AlpS","Orchamp"
"486","ANI-21-0890","TAN_1420","Milieu_forestier_TAN","TAN","AlpN","Orchamp"
"487","ANI-21-0901","TAN_1700","Milieu_forestier_TAN","TAN","AlpN","Orchamp"
"488","ANI-21-0912","TAN_1890","Milieu_ouvert_TAN","TAN","AlpN","Orchamp"
"489","ANI-21-0923","TAN_2100","Milieu_ouvert_TAN","TAN","AlpN","Orchamp"
"490","ANI-22-0009","ARM_1520","Milieu_ouvert_ARM","ARM","AlpN","Orchamp"
"491","ANI-22-0020","ARM_1750","Milieu_ouvert_ARM","ARM","AlpN","Orchamp"
"492","ANI-22-0053","MSB_1370","Milieu_forestier_MSB","MSB","Pyr","Orchamp"
"493","ANI-22-0064","MSB_1420","Milieu_forestier_MSB","MSB","Pyr","Orchamp"
"494","ANI-22-0097","MSB_2260","Milieu_ouvert_MSB","MSB","Pyr","Orchamp"
"495","ANI-22-0108","PEC_1152","Milieu_forestier_PEC","PEC","AlpN","Orchamp"
"496","ANI-22-0152","VAL_1860","Milieu_ouvert_VAL","VAL","AlpN","Orchamp"
"497","ANI-22-0174","VAL_2250","Milieu_ouvert_VAL","VAL","AlpN","Orchamp"
"498","ANI-22-0251","VER_2000","Milieu_ouvert_VER","VER","Pyr","Orchamp"
"499","ANI-22-0262","VTN_1130","Milieu_forestier_VTN","VTN","AlpS","Orchamp"
"500","ANI-22-0273","VTN_1340","Milieu_forestier_VTN","VTN","AlpS","Orchamp"
"501","ANI-21-0550","ARG_1420","Milieu_forestier_ARG","ARG","AlpN","Orchamp"
"502","ANI-21-0561","ARG_1620","Milieu_forestier_ARG","ARG","AlpN","Orchamp"
"503","ANI-21-0572","ARG_1790","Milieu_ouvert_ARG","ARG","AlpN","Orchamp"
"504","ANI-21-0583","ARG_2000","Milieu_ouvert_ARG","ARG","AlpN","Orchamp"
"505","ANI-21-0616","BOU_1240","Milieu_forestier_BOU","BOU","AlpN","Orchamp"
"506","ANI-21-0627","BOU_1440","Milieu_forestier_BOU","BOU","AlpN","Orchamp"
"507","ANI-21-0638","BOU_1620","Milieu_forestier_BOU","BOU","AlpN","Orchamp"
"508","ANI-21-0649","BOU_1830","Milieu_ouvert_BOU","BOU","AlpN","Orchamp"
"509","ANI-21-0671","CAU_1220","Milieu_forestier_CAU","CAU","Pyr","Orchamp"
"510","ANI-21-0693","CAU_1630","Milieu_forestier_CAU","CAU","Pyr","Orchamp"
"511","ANI-21-0704","CAU_1800","Milieu_ouvert_CAU","CAU","Pyr","Orchamp"
"512","ANI-21-0715","CAU_2020","Milieu_ouvert_CAU","CAU","Pyr","Orchamp"
"513","ANI-21-0726","CAU_2225","Milieu_ouvert_CAU","CAU","Pyr","Orchamp"
"514","ANI-21-0759","MOU_1810","Milieu_ouvert_MOU","MOU","AlpS","Orchamp"
"515","ANI-21-0770","MOU_1940","Milieu_ouvert_MOU","MOU","AlpS","Orchamp"
"516","ANI-21-0792","MOU_2355","Milieu_ouvert_MOU","MOU","AlpS","Orchamp"
"517","ANI-21-0803","MOU_2470","Milieu_ouvert_MOU","MOU","AlpS","Orchamp"
"518","ANI-21-0847","RIS_2340","Milieu_ouvert_RIS","RIS","AlpS","Orchamp"
"519","ANI-21-0891","TAN_1420","Milieu_forestier_TAN","TAN","AlpN","Orchamp"
"520","ANI-21-0902","TAN_1700","Milieu_forestier_TAN","TAN","AlpN","Orchamp"
"521","ANI-21-0913","TAN_1890","Milieu_ouvert_TAN","TAN","AlpN","Orchamp"
"522","ANI-21-0924","TAN_2100","Milieu_ouvert_TAN","TAN","AlpN","Orchamp"
"523","ANI-21-0935","TAN_2300","Milieu_ouvert_TAN","TAN","AlpN","Orchamp"
"524","ANI-22-0010","ARM_1520","Milieu_ouvert_ARM","ARM","AlpN","Orchamp"
"525","ANI-22-0021","ARM_1750","Milieu_ouvert_ARM","ARM","AlpN","Orchamp"
"526","ANI-22-0054","MSB_1370","Milieu_forestier_MSB","MSB","Pyr","Orchamp"
"527","ANI-22-0076","MSB_1890","Milieu_ouvert_MSB","MSB","Pyr","Orchamp"
"528","ANI-22-0087","MSB_2020","Milieu_ouvert_MSB","MSB","Pyr","Orchamp"
"529","ANI-22-0098","MSB_2260","Milieu_ouvert_MSB","MSB","Pyr","Orchamp"
"530","ANI-22-0109","PEC_1152","Milieu_forestier_PEC","PEC","AlpN","Orchamp"
"531","ANI-22-0120","PEC_1375","Milieu_forestier_PEC","PEC","AlpN","Orchamp"
"532","ANI-22-0208","VER_1200","Milieu_forestier_VER","VER","Pyr","Orchamp"
"533","ANI-22-0241","VER_1800","Milieu_ouvert_VER","VER","Pyr","Orchamp"
"534","ANI-22-0252","VER_2000","Milieu_ouvert_VER","VER","Pyr","Orchamp"
"535","ANI-22-0274","VTN_1340","Milieu_forestier_VTN","VTN","AlpS","Orchamp"
"536","ANI-22-0285","VTN_1510","Milieu_forestier_VTN","VTN","AlpS","Orchamp"
"537","ANI-22-0296","VTN_1675","Milieu_forestier_VTN","VTN","AlpS","Orchamp"
"538","ANI-21-0562","ARG_1620","Milieu_forestier_ARG","ARG","AlpN","Orchamp"
"539","ANI-21-0573","ARG_1790","Milieu_ouvert_ARG","ARG","AlpN","Orchamp"
"540","ANI-21-0584","ARG_2000","Milieu_ouvert_ARG","ARG","AlpN","Orchamp"
"541","ANI-21-0617","BOU_1240","Milieu_forestier_BOU","BOU","AlpN","Orchamp"
"542","ANI-21-0628","BOU_1440","Milieu_forestier_BOU","BOU","AlpN","Orchamp"
"543","ANI-21-0639","BOU_1620","Milieu_forestier_BOU","BOU","AlpN","Orchamp"
"544","ANI-21-0650","BOU_1830","Milieu_ouvert_BOU","BOU","AlpN","Orchamp"
"545","ANI-21-0672","CAU_1220","Milieu_forestier_CAU","CAU","Pyr","Orchamp"
"546","ANI-21-0683","CAU_1400","Milieu_forestier_CAU","CAU","Pyr","Orchamp"
"547","ANI-21-0694","CAU_1630","Milieu_forestier_CAU","CAU","Pyr","Orchamp"
"548","ANI-21-0705","CAU_1800","Milieu_ouvert_CAU","CAU","Pyr","Orchamp"
"549","ANI-21-0716","CAU_2020","Milieu_ouvert_CAU","CAU","Pyr","Orchamp"
"550","ANI-21-0738","CAU_2445","Milieu_ouvert_CAU","CAU","Pyr","Orchamp"
"551","ANI-21-0760","MOU_1810","Milieu_ouvert_MOU","MOU","AlpS","Orchamp"
"552","ANI-21-0771","MOU_1940","Milieu_ouvert_MOU","MOU","AlpS","Orchamp"
"553","ANI-21-0782","MOU_2160","Milieu_ouvert_MOU","MOU","AlpS","Orchamp"
"554","ANI-21-0793","MOU_2355","Milieu_ouvert_MOU","MOU","AlpS","Orchamp"
"555","ANI-21-0804","MOU_2470","Milieu_ouvert_MOU","MOU","AlpS","Orchamp"
"556","ANI-21-0826","RIS_1900","Milieu_forestier_RIS","RIS","AlpS","Orchamp"
"557","ANI-21-0848","RIS_2340","Milieu_ouvert_RIS","RIS","AlpS","Orchamp"
"558","ANI-21-0892","TAN_1420","Milieu_forestier_TAN","TAN","AlpN","Orchamp"
"559","ANI-21-0914","TAN_1890","Milieu_ouvert_TAN","TAN","AlpN","Orchamp"
"560","ANI-21-0925","TAN_2100","Milieu_ouvert_TAN","TAN","AlpN","Orchamp"
"561","ANI-21-0958","VCHA_1910","Milieu_forestier_VCHA","VCHA","AlpS","Orchamp"
"562","ANI-21-0969","VCHA_2150","Milieu_ouvert_VCHA","VCHA","AlpS","Orchamp"
"563","ANI-22-0077","MSB_1890","Milieu_ouvert_MSB","MSB","Pyr","Orchamp"
"564","ANI-22-0088","MSB_2020","Milieu_ouvert_MSB","MSB","Pyr","Orchamp"
"565","ANI-22-0110","PEC_1152","Milieu_forestier_PEC","PEC","AlpN","Orchamp"
"566","ANI-22-0121","PEC_1375","Milieu_forestier_PEC","PEC","AlpN","Orchamp"
"567","ANI-22-0165","VAL_2050","Milieu_ouvert_VAL","VAL","AlpN","Orchamp"
"568","ANI-22-0176","VAL_2250","Milieu_ouvert_VAL","VAL","AlpN","Orchamp"
"569","ANI-22-0209","VER_1200","Milieu_forestier_VER","VER","Pyr","Orchamp"
"570","ANI-22-0220","VER_1400F","Milieu_forestier_VER","VER","Pyr","Orchamp"
"571","ANI-22-0242","VER_1800","Milieu_ouvert_VER","VER","Pyr","Orchamp"
"572","ANI-22-0253","VER_2000","Milieu_ouvert_VER","VER","Pyr","Orchamp"
"573","ANI-22-0264","VTN_1130","Milieu_forestier_VTN","VTN","AlpS","Orchamp"
"574","ANI-22-0007","ARM_1520","Milieu_ouvert_ARM","ARM","AlpN","Orchamp"
"575","ANI-22-0018","ARM_1750","Milieu_ouvert_ARM","ARM","AlpN","Orchamp"
"576","ANI-22-0062","MSB_1420","Milieu_forestier_MSB","MSB","Pyr","Orchamp"
"577","ANI-22-0073","MSB_1890","Milieu_ouvert_MSB","MSB","Pyr","Orchamp"
"578","ANI-22-0084","MSB_2020","Milieu_ouvert_MSB","MSB","Pyr","Orchamp"
"579","ANI-22-0095","MSB_2260","Milieu_ouvert_MSB","MSB","Pyr","Orchamp"
"580","ANI-22-0106","PEC_1152","Milieu_forestier_PEC","PEC","AlpN","Orchamp"
"581","ANI-22-0117","PEC_1375","Milieu_forestier_PEC","PEC","AlpN","Orchamp"
"582","ANI-22-0150","VAL_1860","Milieu_ouvert_VAL","VAL","AlpN","Orchamp"
"583","ANI-22-0161","VAL_2050","Milieu_ouvert_VAL","VAL","AlpN","Orchamp"
"584","ANI-22-0227","VER_1400P","Milieu_ouvert_VER","VER","Pyr","Orchamp"
"585","ANI-22-0238","VER_1800","Milieu_ouvert_VER","VER","Pyr","Orchamp"
"586","ANI-22-0249","VER_2000","Milieu_ouvert_VER","VER","Pyr","Orchamp"
"587","ANI-22-0260","VTN_1130","Milieu_forestier_VTN","VTN","AlpS","Orchamp"
"588","ANI-22-0271","VTN_1340","Milieu_forestier_VTN","VTN","AlpS","Orchamp"
"589","ANI-22-0282","VTN_1510","Milieu_forestier_VTN","VTN","AlpS","Orchamp"
"590","ANI-22-0293","VTN_1675","Milieu_forestier_VTN","VTN","AlpS","Orchamp"
