id_Site,method,Replicate number,Sample name in project,id_sample,id_plot,Class,Order,Family,Genus,Species,abundance,stade,�tat,sexe,remarque,Mass,
Orchamp_Armenaz,barber,1,ARM_1520-ba1,ANI-22-0001,ARM_1520,Arachnida,Araneae,,,,1,,,,,,
Orchamp_Armenaz,barber,1,ARM_1520-ba1,ANI-22-0001,ARM_1520,Insecta,Coleoptera,Carabidae,,,5,,,,,,
Orchamp_Armenaz,barber,1,ARM_1520-ba1,ANI-22-0001,ARM_1520,Insecta,Hemiptera,,,,2,,,,,,
Orchamp_Armenaz,barber,1,ARM_1520-ba1,ANI-22-0001,ARM_1520,Insecta,Hymenoptera,Formicidae,,,26,,,femelle,,,
Orchamp_Armenaz,barber,1,ARM_1520-ba1,ANI-22-0001,ARM_1520,Insecta,Orthoptera,,,,2,,,,,,
Orchamp_Armenaz,barber,1,ARM_1520-ba1,ANI-22-0001,ARM_1520,Insecta,Orthoptera,,,,2,,,,criquet,,
Orchamp_Armenaz,barber,2,ARM_1520-ba2,ANI-22-0002,ARM_1520,Arachnida,Araneae,,,,1,,,,,,
Orchamp_Armenaz,barber,2,ARM_1520-ba2,ANI-22-0002,ARM_1520,Gastropoda,Pulmonata,,,,1,,,,limace,,
Orchamp_Armenaz,barber,2,ARM_1520-ba2,ANI-22-0002,ARM_1520,Insecta,Coleoptera,Carabidae,,,2,,,,,,
Orchamp_Armenaz,barber,2,ARM_1520-ba2,ANI-22-0002,ARM_1520,Insecta,Hymenoptera,Formicidae,,,1,,,,,,
Orchamp_Armenaz,barber,3,ARM_1520-ba3,ANI-22-0003,ARM_1520,Arachnida,Araneae,,,,1,,,,,,
Orchamp_Armenaz,barber,3,ARM_1520-ba3,ANI-22-0003,ARM_1520,Insecta,,,,,1,larve,,,,,
Orchamp_Armenaz,barber,3,ARM_1520-ba3,ANI-22-0003,ARM_1520,Insecta,Coleoptera,Carabidae,,,1,,,,,,
Orchamp_Armenaz,barber,3,ARM_1520-ba3,ANI-22-0003,ARM_1520,Insecta,Hymenoptera,Formicidae,,,2,,,,,,
Orchamp_Armenaz,barber,3,ARM_1520-ba3,ANI-22-0003,ARM_1520,Insecta,Orthoptera,,,,2,,,,,,
Orchamp_Armenaz,barber,4,ARM_1520-ba4,ANI-22-0004,ARM_1520,Insecta,,,,,1,larve,,,,,
Orchamp_Armenaz,barber,4,ARM_1520-ba4,ANI-22-0004,ARM_1520,Insecta,Coleoptera,Carabidae,,,3,,,,,,
Orchamp_Armenaz,barber,4,ARM_1520-ba4,ANI-22-0004,ARM_1520,Insecta,Hymenoptera,Formicidae,,,8,,,,,,
Orchamp_Armenaz,barber,4,ARM_1520-ba4,ANI-22-0004,ARM_1520,Insecta,Orthoptera,,,,2,,,,,,
Orchamp_Armenaz,barber,5,ARM_1520-ba5,ANI-22-0005,ARM_1520,Arachnida,Araneae,,,,4,,,,,,
Orchamp_Armenaz,barber,5,ARM_1520-ba5,ANI-22-0005,ARM_1520,Entognatha,Collembola,,,,1,,,,Pas s�r du tout !!,,
Orchamp_Armenaz,barber,5,ARM_1520-ba5,ANI-22-0005,ARM_1520,Insecta,Coleoptera,Carabidae,,,5,,,,,,
Orchamp_Armenaz,barber,5,ARM_1520-ba5,ANI-22-0005,ARM_1520,Insecta,Homoptera,Cicadellidae,,,1,,,,,,
Orchamp_Armenaz,barber,5,ARM_1520-ba5,ANI-22-0005,ARM_1520,Insecta,Hymenoptera,Formicidae,,,4,,,,,,
Orchamp_Armenaz,barber,5,ARM_1520-ba5,ANI-22-0005,ARM_1520,Insecta,Orthoptera,,,,4,,,,,,
Orchamp_Armenaz,barber,5,ARM_1520-ba5,ANI-22-0005,ARM_1520,Insecta,Thysanoptera,,,,2,,,,Pas s�r du tout !!!,,
Orchamp_Armenaz,barber,6,ARM_1520-ba6,ANI-22-0006,ARM_1520,Arachnida,Araneae,,,,5,,,,,,
Orchamp_Armenaz,barber,6,ARM_1520-ba6,ANI-22-0006,ARM_1520,Arachnida,Opiliones,,,,1,adulte,,,,,
Orchamp_Armenaz,barber,6,ARM_1520-ba6,ANI-22-0006,ARM_1520,Arachnida,Opiliones,,,,11,juv�nile,,,Ils sont vraiments petits et en grand nombre,,
Orchamp_Armenaz,barber,6,ARM_1520-ba6,ANI-22-0006,ARM_1520,Diplopoda,,,,,1,,,,,,
Orchamp_Armenaz,barber,6,ARM_1520-ba6,ANI-22-0006,ARM_1520,Insecta,Coleoptera,,,,1,,,,,,
Orchamp_Armenaz,barber,6,ARM_1520-ba6,ANI-22-0006,ARM_1520,Insecta,Coleoptera,Carabidae,,,1,,,,,,
Orchamp_Armenaz,barber,6,ARM_1520-ba6,ANI-22-0006,ARM_1520,Insecta,Coleoptera,Carabidae,,,5,,,,,,
Orchamp_Armenaz,barber,6,ARM_1520-ba6,ANI-22-0006,ARM_1520,Insecta,Coleoptera,Staphylinidae,,,1,,,,,,
Orchamp_Armenaz,barber,6,ARM_1520-ba6,ANI-22-0006,ARM_1520,Insecta,Hemiptera,,,,1,,,,,,
Orchamp_Armenaz,barber,6,ARM_1520-ba6,ANI-22-0006,ARM_1520,Insecta,Hymenoptera,Formicidae,,,1,,,,,,
Orchamp_Armenaz,barber,6,ARM_1520-ba6,ANI-22-0006,ARM_1520,Insecta,Orthoptera,,,,2,,,,,,
Orchamp_Armenaz,barber,6,ARM_1520-ba6,ANI-22-0006,ARM_1520,Malacostracea,Isopoda,,,,1,,,,,,
Orchamp_Armenaz,tri manuel,1,ARM_1520-tm1,ANI-22-0008,ARM_1520,Gastropoda,Pulmonata,,,,1,,,,,,
Orchamp_Armenaz,tri manuel,3,ARM_1520-tm3,ANI-22-0009,ARM_1520,Insecta,Hymenoptera,Formicidae,,,2,adulte,,femelle,,,
Orchamp_Armenaz,tri manuel,3,ARM_1520-tm3,ANI-22-0009,ARM_1520,Oligochaeta,Opistophora,Lumbricidae,,,1,juv�nile,morceau,hermaphrodite,,0,24
Orchamp_Armenaz,tri manuel,3,ARM_1520-tm3,ANI-22-0009,ARM_1520,Oligochaeta,Opistophora,Lumbricidae,,,3,ind�termin�,morceau,hermaphrodite,,0,123
Orchamp_Armenaz,tri manuel,3,ARM_1520-tm3,ANI-22-0009,ARM_1520,Oligochaeta,Opistophora,Lumbricidae,Lumbricus,,1,juv�nile,entier,hermaphrodite,,0,122
Orchamp_Armenaz,tri manuel,6,ARM_1520-tm6,ANI-22-0011,ARM_1520,Diplopoda,Glomerida,Glomeridae,Glomeris,,1,,,,,,
Orchamp_Armenaz,tri manuel,6,ARM_1520-tm6,ANI-22-0011,ARM_1520,Gastropoda,Pulmonata,,,,5,ind�termin�,,,,,
Orchamp_Armenaz,tri manuel,6,ARM_1520-tm6,ANI-22-0011,ARM_1520,Insecta,Homoptera,Cicadellidae,,,1,,,,,,
Orchamp_Armenaz,tri manuel,6,ARM_1520-tm6,ANI-22-0011,ARM_1520,Insecta,Hymenoptera,Formicidae,Lasius,,1,adulte,,femelle,,,
Orchamp_Armenaz,tri manuel,6,ARM_1520-tm6,ANI-22-0011,ARM_1520,Oligochaeta,Opistophora,Lumbricidae,Lumbricus,,1,juv�nile,entier,hermaphrodite,,0,409
Orchamp_Armenaz,barber,1,ARM_1750-ba1,ANI-22-0012,ARM_1750,Arachnida,Araneae,,,,1,,,,,,
Orchamp_Armenaz,barber,1,ARM_1750-ba1,ANI-22-0012,ARM_1750,Arachnida,Opiliones,,,,4,,,,,,
Orchamp_Armenaz,barber,1,ARM_1750-ba1,ANI-22-0012,ARM_1750,Gastropoda,Pulmonata,,,,1,,,,limace,,
Orchamp_Armenaz,barber,1,ARM_1750-ba1,ANI-22-0012,ARM_1750,Insecta,Coleoptera,,,,1,,,,,,
Orchamp_Armenaz,barber,1,ARM_1750-ba1,ANI-22-0012,ARM_1750,Insecta,Coleoptera,Carabidae,,,1,adulte,,,,,
Orchamp_Armenaz,barber,1,ARM_1750-ba1,ANI-22-0012,ARM_1750,Insecta,Coleoptera,Carabidae,,,1,larve,,,,,
Orchamp_Armenaz,barber,1,ARM_1750-ba1,ANI-22-0012,ARM_1750,Insecta,Homoptera,Cicadellidae,,,8,,,,,,
Orchamp_Armenaz,barber,1,ARM_1750-ba1,ANI-22-0012,ARM_1750,Insecta,Hymenoptera,Formicidae,,,6,,,,,,
Orchamp_Armenaz,barber,1,ARM_1750-ba1,ANI-22-0012,ARM_1750,Insecta,Orthoptera,,,,3,,,,,,
Orchamp_Armenaz,barber,2,ARM_1750-ba2,ANI-22-0013,ARM_1750,Arachnida,Araneae,,,,10,,,,,,
Orchamp_Armenaz,barber,2,ARM_1750-ba2,ANI-22-0013,ARM_1750,Arachnida,Opiliones,,,,2,,,,,,
Orchamp_Armenaz,barber,2,ARM_1750-ba2,ANI-22-0013,ARM_1750,Gastropoda,Pulmonata,,,,2,,,,limace,,
Orchamp_Armenaz,barber,2,ARM_1750-ba2,ANI-22-0013,ARM_1750,Insecta,,,,,8,pupe,,,,,
Orchamp_Armenaz,barber,2,ARM_1750-ba2,ANI-22-0013,ARM_1750,Insecta,Coleoptera,,,,1,,,,,,
Orchamp_Armenaz,barber,2,ARM_1750-ba2,ANI-22-0013,ARM_1750,Insecta,Coleoptera,,,,6,,,,petit col�optere marron difficile de distinguer les hanches,,
Orchamp_Armenaz,barber,2,ARM_1750-ba2,ANI-22-0013,ARM_1750,Insecta,Coleoptera,Carabidae,,,1,,,,,,
Orchamp_Armenaz,barber,2,ARM_1750-ba2,ANI-22-0013,ARM_1750,Insecta,Coleoptera,Curculionidae,,,1,,,,charan�on,,
Orchamp_Armenaz,barber,2,ARM_1750-ba2,ANI-22-0013,ARM_1750,Insecta,Hemiptera,,,,2,,,,,,
Orchamp_Armenaz,barber,2,ARM_1750-ba2,ANI-22-0013,ARM_1750,Insecta,Homoptera,Cicadellidae,,,9,,,,,,
Orchamp_Armenaz,barber,2,ARM_1750-ba2,ANI-22-0013,ARM_1750,Insecta,Hymenoptera,,,,1,,,,,,
Orchamp_Armenaz,barber,2,ARM_1750-ba2,ANI-22-0013,ARM_1750,Insecta,Hymenoptera,Formicidae,,,27,,,,,,
Orchamp_Armenaz,barber,2,ARM_1750-ba2,ANI-22-0013,ARM_1750,Insecta,Orthoptera,,,,3,,,,,,
Orchamp_Armenaz,barber,3,ARM_1750-ba3,ANI-22-0014,ARM_1750,Arachnida,Araneae,,,,6,,,,,,
Orchamp_Armenaz,barber,3,ARM_1750-ba3,ANI-22-0014,ARM_1750,Arachnida,Opiliones,,,,2,,,,,,
Orchamp_Armenaz,barber,3,ARM_1750-ba3,ANI-22-0014,ARM_1750,Gastropoda,Pulmonata,,,,1,,,,limace,,
Orchamp_Armenaz,barber,3,ARM_1750-ba3,ANI-22-0014,ARM_1750,Insecta,,,,,1,mue,,,,,
Orchamp_Armenaz,barber,3,ARM_1750-ba3,ANI-22-0014,ARM_1750,Insecta,Coleoptera,,,,3,,,,,,
Orchamp_Armenaz,barber,3,ARM_1750-ba3,ANI-22-0014,ARM_1750,Insecta,Coleoptera,Carabidae,,,1,larve,,,,,
Orchamp_Armenaz,barber,3,ARM_1750-ba3,ANI-22-0014,ARM_1750,Insecta,Coleoptera,Carabidae,,,2,adulte,,,,,
Orchamp_Armenaz,barber,3,ARM_1750-ba3,ANI-22-0014,ARM_1750,Insecta,Hemiptera,,,,2,,,,,,
Orchamp_Armenaz,barber,3,ARM_1750-ba3,ANI-22-0014,ARM_1750,Insecta,Homoptera,Cicadellidae,,,3,,,,,,
Orchamp_Armenaz,barber,3,ARM_1750-ba3,ANI-22-0014,ARM_1750,Insecta,Hymenoptera,,,,2,,,,,,
Orchamp_Armenaz,barber,3,ARM_1750-ba3,ANI-22-0014,ARM_1750,Insecta,Hymenoptera,Formicidae,,,2,,,,,,
Orchamp_Armenaz,barber,3,ARM_1750-ba3,ANI-22-0014,ARM_1750,Insecta,Orthoptera,,,,4,,,,,,
Orchamp_Armenaz,barber,4,ARM_1750-ba4,ANI-22-0015,ARM_1750,Arachnida,Araneae,,,,7,,,,,,
Orchamp_Armenaz,barber,4,ARM_1750-ba4,ANI-22-0015,ARM_1750,Insecta,Coleoptera,Carabidae,,,1,,,,,,
Orchamp_Armenaz,barber,4,ARM_1750-ba4,ANI-22-0015,ARM_1750,Insecta,Hemiptera,,,,2,,,,,,
Orchamp_Armenaz,barber,4,ARM_1750-ba4,ANI-22-0015,ARM_1750,Insecta,Homoptera,Cicadellidae,,,1,,,,,,
Orchamp_Armenaz,barber,4,ARM_1750-ba4,ANI-22-0015,ARM_1750,Insecta,Hymenoptera,,,,1,,,,,,
Orchamp_Armenaz,barber,4,ARM_1750-ba4,ANI-22-0015,ARM_1750,Insecta,Hymenoptera,Formicidae,,,16,,,,,,
Orchamp_Armenaz,barber,4,ARM_1750-ba4,ANI-22-0015,ARM_1750,Insecta,Orthoptera,,,,4,,,,,,
Orchamp_Armenaz,barber,5,ARM_1750-ba5,ANI-22-0016,ARM_1750,Arachnida,Araneae,,,,7,,,,,,
Orchamp_Armenaz,barber,5,ARM_1750-ba5,ANI-22-0016,ARM_1750,Arachnida,Opiliones,,,,3,,,,,,
Orchamp_Armenaz,barber,5,ARM_1750-ba5,ANI-22-0016,ARM_1750,Gastropoda,Pulmonata,,,,1,,,,limace,,
Orchamp_Armenaz,barber,5,ARM_1750-ba5,ANI-22-0016,ARM_1750,Insecta,,,,,1,mue,,,,,
Orchamp_Armenaz,barber,5,ARM_1750-ba5,ANI-22-0016,ARM_1750,Insecta,Coleoptera,,,,1,,,,,,
Orchamp_Armenaz,barber,5,ARM_1750-ba5,ANI-22-0016,ARM_1750,Insecta,Coleoptera,,,,1,larve,,,,,
Orchamp_Armenaz,barber,5,ARM_1750-ba5,ANI-22-0016,ARM_1750,Insecta,Coleoptera,Carabidae,,,1,,,,,,
Orchamp_Armenaz,barber,5,ARM_1750-ba5,ANI-22-0016,ARM_1750,Insecta,Homoptera,Cicadellidae,,,4,,,,,,
Orchamp_Armenaz,barber,5,ARM_1750-ba5,ANI-22-0016,ARM_1750,Insecta,Hymenoptera,Formicidae,,,17,,,,,,
Orchamp_Armenaz,barber,5,ARM_1750-ba5,ANI-22-0016,ARM_1750,Insecta,Orthoptera,,,,1,,,,,,
Orchamp_Armenaz,barber,5,ARM_1750-ba5,ANI-22-0016,ARM_1750,Oligochaeta,Opistophora,Lumbricidae,,,1,,,,,,
Orchamp_Armenaz,barber,6,ARM_1750-ba6,ANI-22-0017,ARM_1750,Arachnida,Araneae,,,,8,,,,,,
Orchamp_Armenaz,barber,6,ARM_1750-ba6,ANI-22-0017,ARM_1750,Chilopoda,Lithobiomorpha,Lithobiidae,Lithobius,,1,,,,,,
Orchamp_Armenaz,barber,6,ARM_1750-ba6,ANI-22-0017,ARM_1750,Insecta,Coleoptera,,,,2,,,,,,
Orchamp_Armenaz,barber,6,ARM_1750-ba6,ANI-22-0017,ARM_1750,Insecta,Coleoptera,Carabidae,,,2,,,,,,
Orchamp_Armenaz,barber,6,ARM_1750-ba6,ANI-22-0017,ARM_1750,Insecta,Coleoptera,Curculionidae,,,1,,,,,,
Orchamp_Armenaz,barber,6,ARM_1750-ba6,ANI-22-0017,ARM_1750,Insecta,Hemiptera,,,,1,,,,,,
Orchamp_Armenaz,barber,6,ARM_1750-ba6,ANI-22-0017,ARM_1750,Insecta,Homoptera,Cicadellidae,,,6,,,,,,
Orchamp_Armenaz,barber,6,ARM_1750-ba6,ANI-22-0017,ARM_1750,Insecta,Hymenoptera,Formicidae,,,19,,,,,,
Orchamp_Armenaz,barber,6,ARM_1750-ba6,ANI-22-0017,ARM_1750,Insecta,Orthoptera,,,,1,,,,,,
Orchamp_Armenaz,barber,6,ARM_1750-ba6,ANI-22-0017,ARM_1750,Oligochaeta,Opistophora,Lumbricidae,,,1,,,,,,
Orchamp_Armenaz,barber,6,ARM_1750-ba6,ANI-22-0017,ARM_1750,Oligochaeta,Opistophora,Lumbricidae,,,2,,,,coup�s,,
Orchamp_Armenaz,tri manuel,1,ARM_1750-tm1,ANI-22-0019,ARM_1750,Oligochaeta,Opistophora,Lumbricidae,,,4,juv�nile,entier,hermaphrodite,,0,850
Orchamp_Armenaz,tri manuel,1,ARM_1750-tm1,ANI-22-0019,ARM_1750,Oligochaeta,Opistophora,Lumbricidae,,,5,ind�termin�,morceau,hermaphrodite,,2,581
Orchamp_Armenaz,tri manuel,1,ARM_1750-tm1,ANI-22-0019,ARM_1750,Oligochaeta,Opistophora,Lumbricidae,Aporrectodea,icterica icterica,1,adulte,entier,hermaphrodite,,0,430
Orchamp_Armenaz,tri manuel,1,ARM_1750-tm1,ANI-22-0019,ARM_1750,Oligochaeta,Opistophora,Lumbricidae,Aporrectodea,icterica icterica,1,adulte,entier,hermaphrodite,,0,517
Orchamp_Armenaz,tri manuel,1,ARM_1750-tm1,ANI-22-0019,ARM_1750,Oligochaeta,Opistophora,Lumbricidae,Aporrectodea,rosea rosea,1,adulte,entier,hermaphrodite,,0,261
Orchamp_Armenaz,tri manuel,1,ARM_1750-tm1,ANI-22-0019,ARM_1750,Oligochaeta,Opistophora,Lumbricidae,Nicodrilus,nocturnus,1,adulte,entier,hermaphrodite,,0,864
Orchamp_Armenaz,tri manuel,1,ARM_1750-tm1,ANI-22-0019,ARM_1750,Oligochaeta,Opistophora,Lumbricidae,Nicodrilus,nocturnus,1,adulte,entier,hermaphrodite,,1,439
Orchamp_Armenaz,tri manuel,1,ARM_1750-tm1,ANI-22-0019,ARM_1750,Oligochaeta,Opistophora,Lumbricidae,Nicodrilus,nocturnus,1,subadulte,entier,hermaphrodite,,0,380
Orchamp_Armenaz,tri manuel,1,ARM_1750-tm1,ANI-22-0019,ARM_1750,Oligochaeta,Opistophora,Lumbricidae,Octolasion,lacteum,1,adulte,entier,hermaphrodite,,0,291
Orchamp_Armenaz,tri manuel,1,ARM_1750-tm1,ANI-22-0019,ARM_1750,Oligochaeta,Opistophora,Lumbricidae,Octolasion,lacteum,1,adulte,entier,hermaphrodite,,0,380
Orchamp_Armenaz,tri manuel,3,ARM_1750-tm3,ANI-22-0020,ARM_1750,Oligochaeta,Opistophora,Lumbricidae,,,3,juv�nile,entier,hermaphrodite,,0,675
Orchamp_Armenaz,tri manuel,3,ARM_1750-tm3,ANI-22-0020,ARM_1750,Oligochaeta,Opistophora,Lumbricidae,,,8,ind�termin�,morceau,hermaphrodite,,2,185
Orchamp_Armenaz,tri manuel,3,ARM_1750-tm3,ANI-22-0020,ARM_1750,Oligochaeta,Opistophora,Lumbricidae,Aporrectodea,rosea rosea,1,adulte,entier,hermaphrodite,,0,88
Orchamp_Armenaz,tri manuel,3,ARM_1750-tm3,ANI-22-0020,ARM_1750,Oligochaeta,Opistophora,Lumbricidae,Lumbricus,terrestris,1,adulte,entier,hermaphrodite,,3,410
Orchamp_Armenaz,tri manuel,3,ARM_1750-tm3,ANI-22-0020,ARM_1750,Oligochaeta,Opistophora,Lumbricidae,Lumbricus,terrestris,1,adulte,entier,hermaphrodite,petit,1,70
Orchamp_Armenaz,tri manuel,3,ARM_1750-tm3,ANI-22-0020,ARM_1750,Oligochaeta,Opistophora,Lumbricidae,Octolasion,lacteum,1,adulte,morceau,hermaphrodite,,0,520
Orchamp_Armenaz,tri manuel,4,ARM_1750-tm4,ANI-22-0021,ARM_1750,Oligochaeta,Opistophora,Lumbricidae,,,1,ind�termin�,morceau,hermaphrodite,,0,457
Orchamp_Armenaz,tri manuel,4,ARM_1750-tm4,ANI-22-0021,ARM_1750,Oligochaeta,Opistophora,Lumbricidae,Aporrectodea,caliginosa caliginosa,1,subadulte,entier,hermaphrodite,,0,289
Orchamp_Armenaz,tri manuel,4,ARM_1750-tm4,ANI-22-0021,ARM_1750,Oligochaeta,Opistophora,Lumbricidae,Lumbricus,,1,juv�nile,entier,hermaphrodite,,0,130
Orchamp_Armenaz,tri manuel,4,ARM_1750-tm4,ANI-22-0021,ARM_1750,Oligochaeta,Opistophora,Lumbricidae,Lumbricus,,1,juv�nile,entier,hermaphrodite,,0,162
Orchamp_Armenaz,tri manuel,4,ARM_1750-tm4,ANI-22-0021,ARM_1750,Oligochaeta,Opistophora,Lumbricidae,Lumbricus,,1,juv�nile,entier,hermaphrodite,,0,599
Orchamp_Armenaz,tri manuel,4,ARM_1750-tm4,ANI-22-0021,ARM_1750,Oligochaeta,Opistophora,Lumbricidae,Lumbricus,,1,juv�nile,morceau,hermaphrodite,,1,43
Orchamp_Armenaz,tri manuel,6,ARM_1750-tm6,ANI-22-0022,ARM_1750,Chilopoda,Geophilomorpha,,,,1,,,,,,
Orchamp_Armenaz,tri manuel,6,ARM_1750-tm6,ANI-22-0022,ARM_1750,Insecta,Coleoptera,Elateridae,,,1,larve,,,,,
Orchamp_Armenaz,tri manuel,6,ARM_1750-tm6,ANI-22-0022,ARM_1750,Oligochaeta,Opistophora,Lumbricidae,,,1,ind�termin�,morceau,hermaphrodite,,0,844
Orchamp_Armenaz,tri manuel,6,ARM_1750-tm6,ANI-22-0022,ARM_1750,Oligochaeta,Opistophora,Lumbricidae,Aporrectodea,caliginosa caliginosa,1,subadulte,entier,hermaphrodite,,0,256
Orchamp_Armenaz,tri manuel,6,ARM_1750-tm6,ANI-22-0022,ARM_1750,Oligochaeta,Opistophora,Lumbricidae,Lumbricus,terrestris,1,subadulte,entier,hermaphrodite,,2,156
Orchamp_StBarthelemy,barber,1,MSB_1370-ba1,ANI-22-0045,MSB_1370,Arachnida,Araneae,,,,3,,,,,,
Orchamp_StBarthelemy,barber,1,MSB_1370-ba1,ANI-22-0045,MSB_1370,Insecta,Coleoptera,Geotrupidae,,,7,,,,,,
Orchamp_StBarthelemy,barber,1,MSB_1370-ba1,ANI-22-0045,MSB_1370,Insecta,Hymenoptera,,,,1,,,,apocrite,,
Orchamp_StBarthelemy,barber,2,MSB_1370-ba2,ANI-22-0046,MSB_1370,Arachnida,Araneae,,,,1,,,,,,
Orchamp_StBarthelemy,barber,2,MSB_1370-ba2,ANI-22-0046,MSB_1370,Insecta,Coleoptera,Geotrupidae,,,1,,,,,,
Orchamp_StBarthelemy,barber,2,MSB_1370-ba2,ANI-22-0046,MSB_1370,Insecta,Coleoptera,Staphylinidae,,,1,,,,,,
Orchamp_StBarthelemy,barber,3,MSB_1370-ba3,ANI-22-0047,MSB_1370,Arachnida,Araneae,,,,2,,,,,,
Orchamp_StBarthelemy,barber,3,MSB_1370-ba3,ANI-22-0047,MSB_1370,Gastropoda,Pulmonata,,,,1,,,,,,
Orchamp_StBarthelemy,barber,3,MSB_1370-ba3,ANI-22-0047,MSB_1370,Insecta,Coleoptera,Geotrupidae,,,2,,,,,,
Orchamp_StBarthelemy,barber,3,MSB_1370-ba3,ANI-22-0047,MSB_1370,Insecta,Coleoptera,Staphylinidae,,,2,,,,,,
Orchamp_StBarthelemy,barber,3,MSB_1370-ba3,ANI-22-0047,MSB_1370,Insecta,Hymenoptera,Formicidae,,,66,,,,,,
Orchamp_StBarthelemy,barber,4,MSB_1370-ba4,ANI-22-0048,MSB_1370,Arachnida,Araneae,,,,3,,,,,,
Orchamp_StBarthelemy,barber,4,MSB_1370-ba4,ANI-22-0048,MSB_1370,Insecta,,,,,1,mue,,,partiellement presente,,
Orchamp_StBarthelemy,barber,4,MSB_1370-ba4,ANI-22-0048,MSB_1370,Insecta,Coleoptera,Carabidae,,,2,,,,,,
Orchamp_StBarthelemy,barber,4,MSB_1370-ba4,ANI-22-0048,MSB_1370,Insecta,Coleoptera,Geotrupidae,,,6,,,,,,
Orchamp_StBarthelemy,barber,4,MSB_1370-ba4,ANI-22-0048,MSB_1370,Insecta,Coleoptera,Staphylinidae,,,2,,,,,,
Orchamp_StBarthelemy,barber,4,MSB_1370-ba4,ANI-22-0048,MSB_1370,Insecta,Hymenoptera,,,,1,,,,apocrite,,
Orchamp_StBarthelemy,barber,4,MSB_1370-ba4,ANI-22-0048,MSB_1370,Insecta,Hymenoptera,Formicidae,,,55,,,,,,
Orchamp_StBarthelemy,barber,5,MSB_1370-ba5,ANI-22-0049,MSB_1370,Arachnida,Araneae,,,,1,,,,,,
Orchamp_StBarthelemy,barber,5,MSB_1370-ba5,ANI-22-0049,MSB_1370,Insecta,,,,,1,?uf,,,,,
Orchamp_StBarthelemy,barber,5,MSB_1370-ba5,ANI-22-0049,MSB_1370,Insecta,Coleoptera,,,,1,larve,,,Pas sur,,
Orchamp_StBarthelemy,barber,5,MSB_1370-ba5,ANI-22-0049,MSB_1370,Insecta,Coleoptera,Geotrupidae,,,12,,,,,,
Orchamp_StBarthelemy,barber,5,MSB_1370-ba5,ANI-22-0049,MSB_1370,Insecta,Hymenoptera,,,,1,,,,apocrite,,
Orchamp_StBarthelemy,barber,5,MSB_1370-ba5,ANI-22-0049,MSB_1370,Insecta,Hymenoptera,Formicidae,,,5,,,,,,
Orchamp_StBarthelemy,barber,6,MSB_1370-ba6,ANI-22-0050,MSB_1370,Insecta,Coleoptera,Carabidae,,,1,,,,,,
Orchamp_StBarthelemy,tri manuel qualitatif,,MSB_1370-Q,ANI-22-0051,MSB_1370,Chilopoda,Geophilomorpha,,,,1,,,,,,
Orchamp_StBarthelemy,tri manuel qualitatif,,MSB_1370-Q,ANI-22-0051,MSB_1370,Chilopoda,Lithobiomorpha,Lithobiidae,Lithobius,,2,,,,,,
Orchamp_StBarthelemy,tri manuel qualitatif,,MSB_1370-Q,ANI-22-0051,MSB_1370,Insecta,Coleoptera,Elateridae,,,1,larve,,,,,
Orchamp_StBarthelemy,tri manuel qualitatif,,MSB_1370-Q,ANI-22-0051,MSB_1370,Oligochaeta,Opistophora,Lumbricidae,Aporrectodea,caliginosa caliginosa,1,adulte,entier,hermaphrodite,,0,207
Orchamp_StBarthelemy,tri manuel,1,MSB_1370-tm1,ANI-22-0052,MSB_1370,Arachnida,Araneae,Linyphiidae,,,1,adulte,,m�le,,,
Orchamp_StBarthelemy,tri manuel,1,MSB_1370-tm1,ANI-22-0052,MSB_1370,Diplopoda,Julida,Julidae,,,1,,,,,,
Orchamp_StBarthelemy,tri manuel,3,MSB_1370-tm3,ANI-22-0053,MSB_1370,Oligochaeta,Opistophora,Enchytraeidae,,,3,,,,,,
Orchamp_StBarthelemy,tri manuel,6,MSB_1370-tm6,ANI-22-0055,MSB_1370,Chilopoda,Geophilomorpha,,,,1,,,,,,
Orchamp_StBarthelemy,tri manuel,6,MSB_1370-tm6,ANI-22-0055,MSB_1370,Diplopoda,Polydesmida,Polydesmidae,Polydesmus,,1,,,,,,
Orchamp_StBarthelemy,barber,1,MSB_1420-ba1,ANI-22-0056,MSB_1420,Insecta,Coleoptera,,,,1,,,,,,
Orchamp_StBarthelemy,barber,1,MSB_1420-ba1,ANI-22-0056,MSB_1420,Insecta,Coleoptera,,,,2,larve,,,,,
Orchamp_StBarthelemy,barber,1,MSB_1420-ba1,ANI-22-0056,MSB_1420,Insecta,Coleoptera,Carabidae,,,1,,,,,,
Orchamp_StBarthelemy,barber,1,MSB_1420-ba1,ANI-22-0056,MSB_1420,Insecta,Coleoptera,Geotrupidae,,,16,,,,,,
Orchamp_StBarthelemy,barber,1,MSB_1420-ba1,ANI-22-0056,MSB_1420,Insecta,Coleoptera,Staphylinidae,,,3,,,,,,
Orchamp_StBarthelemy,barber,1,MSB_1420-ba1,ANI-22-0056,MSB_1420,Insecta,Homoptera,Cicadellidae,,,3,,,,,,
Orchamp_StBarthelemy,barber,1,MSB_1420-ba1,ANI-22-0056,MSB_1420,Insecta,Hymenoptera,,,,8,,,,apocrite,,
Orchamp_StBarthelemy,barber,1,MSB_1420-ba1,ANI-22-0056,MSB_1420,Insecta,Hymenoptera,Formicidae,,,88,,,,,,
Orchamp_StBarthelemy,barber,2,MSB_1420-ba2,ANI-22-0057,MSB_1420,Arachnida,Araneae,,,,4,,,,,,
Orchamp_StBarthelemy,barber,2,MSB_1420-ba2,ANI-22-0057,MSB_1420,Insecta,,,,,1,mue,,,,,
Orchamp_StBarthelemy,barber,2,MSB_1420-ba2,ANI-22-0057,MSB_1420,Insecta,Coleoptera,,,,3,,,,,,
Orchamp_StBarthelemy,barber,2,MSB_1420-ba2,ANI-22-0057,MSB_1420,Insecta,Coleoptera,Carabidae,,,4,,,,,,
Orchamp_StBarthelemy,barber,2,MSB_1420-ba2,ANI-22-0057,MSB_1420,Insecta,Coleoptera,Geotrupidae,,,2,,,,,,
Orchamp_StBarthelemy,barber,2,MSB_1420-ba2,ANI-22-0057,MSB_1420,Insecta,Coleoptera,Staphylinidae,,,1,,,,,,
Orchamp_StBarthelemy,barber,2,MSB_1420-ba2,ANI-22-0057,MSB_1420,Insecta,Hemiptera,,,,2,,,,,,
Orchamp_StBarthelemy,barber,2,MSB_1420-ba2,ANI-22-0057,MSB_1420,Insecta,Hymenoptera,,,,4,,,,apocrites,,
Orchamp_StBarthelemy,barber,2,MSB_1420-ba2,ANI-22-0057,MSB_1420,Insecta,Hymenoptera,Formicidae,,,32,,,,,,
Orchamp_StBarthelemy,barber,3,MSB_1420-ba3,ANI-22-0058,MSB_1420,,,,,,1,,,,,,
Orchamp_StBarthelemy,barber,4,MSB_1420-ba4,ANI-22-0059,MSB_1420,Arachnida,Araneae,,,,5,,,,,,
Orchamp_StBarthelemy,barber,4,MSB_1420-ba4,ANI-22-0059,MSB_1420,Insecta,,,,,1,?uf,,,,,
Orchamp_StBarthelemy,barber,4,MSB_1420-ba4,ANI-22-0059,MSB_1420,Insecta,Coleoptera,,,,2,,,,,,
Orchamp_StBarthelemy,barber,4,MSB_1420-ba4,ANI-22-0059,MSB_1420,Insecta,Homoptera,Cicadellidae,,,2,,,,,,
Orchamp_StBarthelemy,barber,4,MSB_1420-ba4,ANI-22-0059,MSB_1420,Insecta,Hymenoptera,,,,1,,,,apocrite,,
Orchamp_StBarthelemy,barber,4,MSB_1420-ba4,ANI-22-0059,MSB_1420,Insecta,Hymenoptera,Formicidae,,,43,,,,,,
Orchamp_StBarthelemy,barber,5,MSB_1420-ba5,ANI-22-0060,MSB_1420,Arachnida,Araneae,,,,2,,,,,,
Orchamp_StBarthelemy,barber,5,MSB_1420-ba5,ANI-22-0060,MSB_1420,Diplopoda,,,,,1,,,,,,
Orchamp_StBarthelemy,barber,5,MSB_1420-ba5,ANI-22-0060,MSB_1420,Insecta,Coleoptera,,,,1,,,,,,
Orchamp_StBarthelemy,barber,5,MSB_1420-ba5,ANI-22-0060,MSB_1420,Insecta,Coleoptera,Staphylinidae,,,1,,,,,,
Orchamp_StBarthelemy,barber,5,MSB_1420-ba5,ANI-22-0060,MSB_1420,Insecta,Hemiptera,,,,1,,,,,,
Orchamp_StBarthelemy,barber,5,MSB_1420-ba5,ANI-22-0060,MSB_1420,Insecta,Hymenoptera,Formicidae,,,23,,,,,,
Orchamp_StBarthelemy,barber,6,MSB_1420-ba6,ANI-22-0061,MSB_1420,Arachnida,Araneae,,,,1,,,,,,
Orchamp_StBarthelemy,barber,6,MSB_1420-ba6,ANI-22-0061,MSB_1420,Insecta,Coleoptera,tenebrionidae,,,1,,,,,,
Orchamp_StBarthelemy,barber,6,MSB_1420-ba6,ANI-22-0061,MSB_1420,Insecta,Hemiptera,,,,2,,,,,,
Orchamp_StBarthelemy,barber,6,MSB_1420-ba6,ANI-22-0061,MSB_1420,Insecta,Homoptera,Cicadellidae,,,5,,,,,,
Orchamp_StBarthelemy,barber,6,MSB_1420-ba6,ANI-22-0061,MSB_1420,Insecta,Hymenoptera,,,,3,,,,apocrite,,
Orchamp_StBarthelemy,barber,6,MSB_1420-ba6,ANI-22-0061,MSB_1420,Insecta,Hymenoptera,Formicidae,,,30,,,,,,
Orchamp_StBarthelemy,tri manuel,3,MSB_1420-tm3,ANI-22-0064,MSB_1420,Insecta,Lepidoptera,,,,1,chenille,,,,,
Orchamp_StBarthelemy,tri manuel,4,MSB_1420-tm4,ANI-22-0065,MSB_1420,Insecta,Coleoptera,Elateridae,,,1,adulte,,,,,
Orchamp_StBarthelemy,tri manuel,4,MSB_1420-tm4,ANI-22-0065,MSB_1420,Insecta,Coleoptera,Elateridae,,,1,larve,,,,,
Orchamp_StBarthelemy,tri manuel,4,MSB_1420-tm4,ANI-22-0065,MSB_1420,Insecta,Coleoptera,Elateridae,,,1,larve,,,mue de larve,,
Orchamp_StBarthelemy,tri manuel,4,MSB_1420-tm4,ANI-22-0065,MSB_1420,Insecta,Coleoptera,Staphylinidae,,,1,adulte,,,,,
Orchamp_StBarthelemy,tri manuel,4,MSB_1420-tm4,ANI-22-0065,MSB_1420,Insecta,Hymenoptera,Formicidae,,,22,adulte,,femelle,,,
Orchamp_StBarthelemy,tri manuel,4,MSB_1420-tm4,ANI-22-0065,MSB_1420,Insecta,Hymenoptera,Formicidae,Lasius,,1,adulte,,femelle,,,
Orchamp_StBarthelemy,tri manuel,6,MSB_1420-tm6,ANI-22-0066,MSB_1420,Gastropoda,Pulmonata,Arionidae,Arion,,1,,,,,,
Orchamp_StBarthelemy,tri manuel,6,MSB_1420-tm6,ANI-22-0066,MSB_1420,Insecta,Coleoptera,Elateridae,,,1,larve,,,,,
Orchamp_StBarthelemy,tri manuel,6,MSB_1420-tm6,ANI-22-0066,MSB_1420,Insecta,Diptera,,,,4,larve,,,,,
Orchamp_StBarthelemy,tri manuel,6,MSB_1420-tm6,ANI-22-0066,MSB_1420,Insecta,Homoptera,Cicadellidae,,,1,,,,,,
Orchamp_StBarthelemy,barber,1,MSB_1890-ba1,ANI-22-0067,MSB_1890,Arachnida,Araneae,,,,9,,,,,,
Orchamp_StBarthelemy,barber,1,MSB_1890-ba1,ANI-22-0067,MSB_1890,Insecta,Coleoptera,Staphylinidae,,,5,,,,,,
Orchamp_StBarthelemy,barber,1,MSB_1890-ba1,ANI-22-0067,MSB_1890,Insecta,Hymenoptera,Formicidae,,,12,,,,,,
Orchamp_StBarthelemy,barber,1,MSB_1890-ba1,ANI-22-0067,MSB_1890,Malacostracea,Isopoda,,,,1,,,,,,
Orchamp_StBarthelemy,barber,2,MSB_1890-ba2,ANI-22-0068,MSB_1890,Arachnida,Araneae,,,,1,,,,,,
Orchamp_StBarthelemy,barber,2,MSB_1890-ba2,ANI-22-0068,MSB_1890,Diplopoda,,,,,1,,,,,,
Orchamp_StBarthelemy,barber,2,MSB_1890-ba2,ANI-22-0068,MSB_1890,Insecta,Hymenoptera,Formicidae,,,1,,,,,,
Orchamp_StBarthelemy,barber,3,MSB_1890-ba3,ANI-22-0069,MSB_1890,Arachnida,Araneae,,,,1,,,,,,
Orchamp_StBarthelemy,barber,3,MSB_1890-ba3,ANI-22-0069,MSB_1890,Chilopoda,Lithobiomorpha,Lithobiidae,Lithobius,,1,,,,,,
Orchamp_StBarthelemy,barber,3,MSB_1890-ba3,ANI-22-0069,MSB_1890,Insecta,Coleoptera,,,,1,,,,,,
Orchamp_StBarthelemy,barber,3,MSB_1890-ba3,ANI-22-0069,MSB_1890,Insecta,Coleoptera,Carabidae,,,1,,,,,,
Orchamp_StBarthelemy,barber,3,MSB_1890-ba3,ANI-22-0069,MSB_1890,Insecta,Hymenoptera,Formicidae,,,33,,,,,,
Orchamp_StBarthelemy,barber,4,MSB_1890-ba4,ANI-22-0070,MSB_1890,Arachnida,Araneae,,,,6,,,,,,
Orchamp_StBarthelemy,barber,4,MSB_1890-ba4,ANI-22-0070,MSB_1890,Insecta,Coleoptera,Carabidae,,,3,,,,,,
Orchamp_StBarthelemy,barber,4,MSB_1890-ba4,ANI-22-0070,MSB_1890,Insecta,Coleoptera,Staphylinidae,,,5,,,,,,
Orchamp_StBarthelemy,barber,4,MSB_1890-ba4,ANI-22-0070,MSB_1890,Insecta,Hymenoptera,,,,1,,,,,,
Orchamp_StBarthelemy,barber,4,MSB_1890-ba4,ANI-22-0070,MSB_1890,Insecta,Hymenoptera,Formicidae,,,74,,,,,,
Orchamp_StBarthelemy,barber,5,MSB_1890-ba5,ANI-22-0071,MSB_1890,Arachnida,Araneae,,,,14,,,,,,
Orchamp_StBarthelemy,barber,5,MSB_1890-ba5,ANI-22-0071,MSB_1890,Insecta,Coleoptera,,,,1,,,,,,
Orchamp_StBarthelemy,barber,5,MSB_1890-ba5,ANI-22-0071,MSB_1890,Insecta,Coleoptera,Staphylinidae,,,8,,,,,,
Orchamp_StBarthelemy,barber,5,MSB_1890-ba5,ANI-22-0071,MSB_1890,Insecta,Hemiptera,,,,8,,,,,,
Orchamp_StBarthelemy,barber,5,MSB_1890-ba5,ANI-22-0071,MSB_1890,Insecta,Homoptera,,,,2,,,,,,
Orchamp_StBarthelemy,barber,5,MSB_1890-ba5,ANI-22-0071,MSB_1890,Insecta,Hymenoptera,Formicidae,,,20,,,,,,
Orchamp_StBarthelemy,barber,5,MSB_1890-ba5,ANI-22-0071,MSB_1890,Insecta,Lepidoptera,,,,1,larve,,,chenille,,
Orchamp_StBarthelemy,barber,6,MSB_1890-ba6,ANI-22-0072,MSB_1890,Insecta,Coleoptera,Geotrupidae,,,1,,,,,,
Orchamp_StBarthelemy,barber,6,MSB_1890-ba6,ANI-22-0072,MSB_1890,Insecta,Hymenoptera,Formicidae,,,1,,,,,,
Orchamp_StBarthelemy,barber,6,MSB_1890-ba6,ANI-22-0072,MSB_1890,Malacostracea,Isopoda,,,,1,,,,,,
Orchamp_StBarthelemy,tri manuel,3,MSB_1890-tm3,ANI-22-0075,MSB_1890,Insecta,Hymenoptera,Formicidae,,,2,adulte,,femelle,,,
Orchamp_StBarthelemy,tri manuel,4,MSB_1890-tm4,ANI-22-0076,MSB_1890,Diplopoda,Julida,Julidae,,,1,,,,,,
Orchamp_StBarthelemy,barber,1,MSB_2020-ba1,ANI-22-0078,MSB_2020,Arachnida,Araneae,,,,11,,,,,,
Orchamp_StBarthelemy,barber,1,MSB_2020-ba1,ANI-22-0078,MSB_2020,Insecta,Coleoptera,Staphylinidae,,,1,,,,,,
Orchamp_StBarthelemy,barber,1,MSB_2020-ba1,ANI-22-0078,MSB_2020,Insecta,Homoptera,Cicadellidae,,,1,,,,,,
Orchamp_StBarthelemy,barber,1,MSB_2020-ba1,ANI-22-0078,MSB_2020,Insecta,Hymenoptera,,,,1,,,,,,
Orchamp_StBarthelemy,barber,1,MSB_2020-ba1,ANI-22-0078,MSB_2020,Insecta,Hymenoptera,,,,4,,,,apocrite,,
Orchamp_StBarthelemy,barber,1,MSB_2020-ba1,ANI-22-0078,MSB_2020,Insecta,Hymenoptera,Formicidae,,,1,,,,,,
Orchamp_StBarthelemy,barber,2,MSB_2020-ba2,ANI-22-0079,MSB_2020,Arachnida,Araneae,,,,3,,,,,,
Orchamp_StBarthelemy,barber,2,MSB_2020-ba2,ANI-22-0079,MSB_2020,Insecta,Coleoptera,,,,1,larve,,,,,
Orchamp_StBarthelemy,barber,2,MSB_2020-ba2,ANI-22-0079,MSB_2020,Insecta,Coleoptera,Staphylinidae,,,1,,,,,,
Orchamp_StBarthelemy,barber,2,MSB_2020-ba2,ANI-22-0079,MSB_2020,Insecta,Dermaptera,Forficulidae,,,1,,,,,,
Orchamp_StBarthelemy,barber,2,MSB_2020-ba2,ANI-22-0079,MSB_2020,Insecta,Hemiptera,,,,2,,,,,,
Orchamp_StBarthelemy,barber,2,MSB_2020-ba2,ANI-22-0079,MSB_2020,Insecta,Homoptera,Cicadellidae,,,4,,,,,,
Orchamp_StBarthelemy,barber,2,MSB_2020-ba2,ANI-22-0079,MSB_2020,Insecta,Hymenoptera,,,,3,,,,apocrite,,
Orchamp_StBarthelemy,barber,2,MSB_2020-ba2,ANI-22-0079,MSB_2020,Insecta,Hymenoptera,Formicidae,,,3,,,,,,
Orchamp_StBarthelemy,barber,2,MSB_2020-ba2,ANI-22-0079,MSB_2020,Insecta,Lepidoptera,,,,1,adulte,,,,,
Orchamp_StBarthelemy,barber,2,MSB_2020-ba2,ANI-22-0079,MSB_2020,Insecta,Lepidoptera,,,,1,larve,,,chenille,,
Orchamp_StBarthelemy,barber,2,MSB_2020-ba2,ANI-22-0079,MSB_2020,Insecta,Orthoptera,,,,6,,,,+ un l�zard,,
Orchamp_StBarthelemy,barber,3,MSB_2020-ba3,ANI-22-0080,MSB_2020,Arachnida,Araneae,,,,14,,,,,,
Orchamp_StBarthelemy,barber,3,MSB_2020-ba3,ANI-22-0080,MSB_2020,Insecta,,,,,1,mue,,,,,
Orchamp_StBarthelemy,barber,3,MSB_2020-ba3,ANI-22-0080,MSB_2020,Insecta,Coleoptera,,,,5,,,,,,
Orchamp_StBarthelemy,barber,3,MSB_2020-ba3,ANI-22-0080,MSB_2020,Insecta,Homoptera,Cicadellidae,,,1,,,,,,
Orchamp_StBarthelemy,barber,3,MSB_2020-ba3,ANI-22-0080,MSB_2020,Insecta,Hymenoptera,,,,1,,,,,,
Orchamp_StBarthelemy,barber,3,MSB_2020-ba3,ANI-22-0080,MSB_2020,Insecta,Hymenoptera,,,,4,,,,apocrite,,
Orchamp_StBarthelemy,barber,3,MSB_2020-ba3,ANI-22-0080,MSB_2020,Insecta,Hymenoptera,Formicidae,,,3,,,,,,
Orchamp_StBarthelemy,barber,3,MSB_2020-ba3,ANI-22-0080,MSB_2020,Insecta,Lepidoptera,,,,1,larve,,,,,
Orchamp_StBarthelemy,barber,3,MSB_2020-ba3,ANI-22-0080,MSB_2020,Insecta,Orthoptera,,,,2,,,,,,
Orchamp_StBarthelemy,barber,4,MSB_2020-ba4,ANI-22-0081,MSB_2020,Insecta,Coleoptera,Carabidae,,,1,,,,,,
Orchamp_StBarthelemy,barber,4,MSB_2020-ba4,ANI-22-0081,MSB_2020,Insecta,Hymenoptera,,,,1,,,,apocrite,,
Orchamp_StBarthelemy,barber,4,MSB_2020-ba4,ANI-22-0081,MSB_2020,Insecta,Hymenoptera,Formicidae,,,1,,,,,,
Orchamp_StBarthelemy,barber,5,MSB_2020-ba5,ANI-22-0082,MSB_2020,Arachnida,Araneae,,,,3,,,,,,
Orchamp_StBarthelemy,barber,5,MSB_2020-ba5,ANI-22-0082,MSB_2020,Insecta,Homoptera,Cicadellidae,,,1,,,,,,
Orchamp_StBarthelemy,barber,5,MSB_2020-ba5,ANI-22-0082,MSB_2020,Insecta,Lepidoptera,,,,1,adulte,,,,,
Orchamp_StBarthelemy,barber,6,MSB_2020-ba6,ANI-22-0083,MSB_2020,Arachnida,Araneae,,,,4,,,,,,
Orchamp_StBarthelemy,barber,6,MSB_2020-ba6,ANI-22-0083,MSB_2020,Diplopoda,,,,,1,,,,,,
Orchamp_StBarthelemy,barber,6,MSB_2020-ba6,ANI-22-0083,MSB_2020,Insecta,Dermaptera,Forficulidae,,,2,,,,,,
Orchamp_StBarthelemy,barber,6,MSB_2020-ba6,ANI-22-0083,MSB_2020,Insecta,Homoptera,Cicadellidae,,,7,,,,,,
Orchamp_StBarthelemy,barber,6,MSB_2020-ba6,ANI-22-0083,MSB_2020,Insecta,Hymenoptera,,,,2,,,,apocrite,,
Orchamp_StBarthelemy,barber,6,MSB_2020-ba6,ANI-22-0083,MSB_2020,Insecta,Hymenoptera,Formicidae,,,24,,,,,,
Orchamp_StBarthelemy,barber,6,MSB_2020-ba6,ANI-22-0083,MSB_2020,Insecta,Orthoptera,,,,1,,,,,,
Orchamp_StBarthelemy,tri manuel,1,MSB_2020-tm1,ANI-22-0085,MSB_2020,Insecta,Diptera,,,,4,larve,,,,,
Orchamp_StBarthelemy,tri manuel,1,MSB_2020-tm1,ANI-22-0085,MSB_2020,Oligochaeta,Opistophora,Enchytraeidae,,,1,,,,,,
Orchamp_StBarthelemy,tri manuel,3,MSB_2020-tm3,ANI-22-0086,MSB_2020,Insecta,Hymenoptera,Formicidae,,,1,adulte,,femelle,,,
Orchamp_StBarthelemy,barber,1,MSB_2260-ba1,ANI-22-0089,MSB_2260,,,,,,1,,,,,,
Orchamp_StBarthelemy,barber,2,MSB_2260-ba2,ANI-22-0090,MSB_2260,Chilopoda,Lithobiomorpha,Lithobiidae,Lithobius,,1,,,,,,
Orchamp_StBarthelemy,barber,2,MSB_2260-ba2,ANI-22-0090,MSB_2260,Insecta,Coleoptera,,,,1,,,,,,
Orchamp_StBarthelemy,barber,2,MSB_2260-ba2,ANI-22-0090,MSB_2260,Insecta,Coleoptera,Carabidae,,,1,,,,,,
Orchamp_StBarthelemy,barber,2,MSB_2260-ba2,ANI-22-0090,MSB_2260,Insecta,Hymenoptera,Formicidae,,,27,,,,,,
Orchamp_StBarthelemy,barber,3,MSB_2260-ba3,ANI-22-0091,MSB_2260,Arachnida,Araneae,,,,1,,,,,,
Orchamp_StBarthelemy,barber,3,MSB_2260-ba3,ANI-22-0091,MSB_2260,Insecta,Dermaptera,,,,1,,,femelle,,,
Orchamp_StBarthelemy,barber,3,MSB_2260-ba3,ANI-22-0091,MSB_2260,Insecta,Hymenoptera,Formicidae,,,25,,,,,,
Orchamp_StBarthelemy,barber,3,MSB_2260-ba3,ANI-22-0091,MSB_2260,Insecta,Orthoptera,,,,1,,,,,,
Orchamp_StBarthelemy,barber,4,MSB_2260-ba4,ANI-22-0092,MSB_2260,Arachnida,Araneae,,,,1,,,,,,
Orchamp_StBarthelemy,barber,4,MSB_2260-ba4,ANI-22-0092,MSB_2260,Insecta,Coleoptera,Carabidae,,,1,,,,,,
Orchamp_StBarthelemy,barber,4,MSB_2260-ba4,ANI-22-0092,MSB_2260,Insecta,Hymenoptera,,,,1,,,,apocrite,,
Orchamp_StBarthelemy,barber,4,MSB_2260-ba4,ANI-22-0092,MSB_2260,Insecta,Hymenoptera,Formicidae,,,17,,,,dont une coupee en deux,,
Orchamp_StBarthelemy,barber,5,MSB_2260-ba5,ANI-22-0093,MSB_2260,,,,,,1,,,,,,
Orchamp_StBarthelemy,barber,6,MSB_2260-ba6,ANI-22-0094,MSB_2260,Arachnida,Araneae,,,,2,,,,,,
Orchamp_StBarthelemy,barber,6,MSB_2260-ba6,ANI-22-0094,MSB_2260,Insecta,Coleoptera,,,,1,,,,,,
Orchamp_StBarthelemy,barber,6,MSB_2260-ba6,ANI-22-0094,MSB_2260,Insecta,Coleoptera,Staphylinidae,,,4,,,,,,
Orchamp_StBarthelemy,barber,6,MSB_2260-ba6,ANI-22-0094,MSB_2260,Insecta,Hymenoptera,Formicidae,,,14,,,,,,
Orchamp_StBarthelemy,tri manuel,1,MSB_2260-tm1,ANI-22-0096,MSB_2260,Insecta,Diptera,,,,1,larve,,,,,
Orchamp_StBarthelemy,tri manuel,4,MSB_2260-tm4,ANI-22-0098,MSB_2260,Diplopoda,Polydesmida,Polydesmidae,Polydesmus,,1,,,,en 3 morceaux,,
Orchamp_StBarthelemy,tri manuel,4,MSB_2260-tm4,ANI-22-0098,MSB_2260,Insecta,Diptera,,,,1,larve,,,,,
Orchamp_StBarthelemy,tri manuel,6,MSB_2260-tm6,ANI-22-0099,MSB_2260,Insecta,Coleoptera,,,,1,adulte,,,,,
Orchamp_Pecloz,barber,1,PEC_1152-ba1,ANI-22-0100,PEC_1152,,,,,,1,,,,,,
Orchamp_Pecloz,barber,2,PEC_1152-ba2,ANI-22-0101,PEC_1152,Arachnida,Araneae,,,,1,,,,,,
Orchamp_Pecloz,barber,2,PEC_1152-ba2,ANI-22-0101,PEC_1152,Chilopoda,,,,,2,,,,,,
Orchamp_Pecloz,barber,2,PEC_1152-ba2,ANI-22-0101,PEC_1152,Insecta,,,,,2,larve,,,,,
Orchamp_Pecloz,barber,2,PEC_1152-ba2,ANI-22-0101,PEC_1152,Insecta,Coleoptera,Carabidae,,,4,,,,,,
Orchamp_Pecloz,barber,3,PEC_1152-ba3,ANI-22-0102,PEC_1152,Arachnida,Araneae,,,,5,,,,,,
Orchamp_Pecloz,barber,3,PEC_1152-ba3,ANI-22-0102,PEC_1152,Insecta,Coleoptera,Carabidae,,,12,,,,,,
Orchamp_Pecloz,barber,3,PEC_1152-ba3,ANI-22-0102,PEC_1152,Insecta,Coleoptera,Staphylinidae,,,1,larve,,,,,
Orchamp_Pecloz,barber,3,PEC_1152-ba3,ANI-22-0102,PEC_1152,Insecta,Homoptera,Cicadellidae,,,1,,,,,,
Orchamp_Pecloz,barber,3,PEC_1152-ba3,ANI-22-0102,PEC_1152,Insecta,Hymenoptera,,,,1,,,,,,
Orchamp_Pecloz,barber,3,PEC_1152-ba3,ANI-22-0102,PEC_1152,Oligochaeta,Opistophora,Lumbricidae,,,1,,,,,,
Orchamp_Pecloz,barber,4,PEC_1152-ba4,ANI-22-0103,PEC_1152,Arachnida,Araneae,,,,3,,,,,,
Orchamp_Pecloz,barber,4,PEC_1152-ba4,ANI-22-0103,PEC_1152,Diplopoda,,,,,1,,,,,,
Orchamp_Pecloz,barber,4,PEC_1152-ba4,ANI-22-0103,PEC_1152,Diplopoda,,,,,3,,,,glomeris,,
Orchamp_Pecloz,barber,4,PEC_1152-ba4,ANI-22-0103,PEC_1152,Gastropoda,Pulmonata,,,,1,,,,limace,,
Orchamp_Pecloz,barber,4,PEC_1152-ba4,ANI-22-0103,PEC_1152,Insecta,Coleoptera,Carabidae,,,1,,,,,,
Orchamp_Pecloz,barber,4,PEC_1152-ba4,ANI-22-0103,PEC_1152,Insecta,Hymenoptera,,,,1,,,,gu�pe,,
Orchamp_Pecloz,barber,4,PEC_1152-ba4,ANI-22-0103,PEC_1152,Insecta,Hymenoptera,,,,2,,,,,,
Orchamp_Pecloz,barber,4,PEC_1152-ba4,ANI-22-0103,PEC_1152,Malacostracea,Isopoda,,,,4,,,,,,
Orchamp_Pecloz,barber,5,PEC_1152-ba5,ANI-22-0104,PEC_1152,Insecta,Coleoptera,Carabidae,,,3,,,,l'un des carabes est d�capit� et la t�te est dasn le pot,,
Orchamp_Pecloz,barber,5,PEC_1152-ba5,ANI-22-0104,PEC_1152,Insecta,Diptera,,,,1,,,,,,
Orchamp_Pecloz,barber,6,PEC_1152-ba6,ANI-22-0105,PEC_1152,Arachnida,Araneae,,,,4,,,,,,
Orchamp_Pecloz,barber,6,PEC_1152-ba6,ANI-22-0105,PEC_1152,Gastropoda,Pulmonata,,,,3,,,,limace,,
Orchamp_Pecloz,barber,6,PEC_1152-ba6,ANI-22-0105,PEC_1152,Insecta,Coleoptera,Carabidae,,,8,,,,,,
Orchamp_Pecloz,barber,6,PEC_1152-ba6,ANI-22-0105,PEC_1152,Malacostracea,Isopoda,,,,3,,,,,,
Orchamp_Pecloz,barber,6,PEC_1152-ba6,ANI-22-0105,PEC_1152,Oligochaeta,Opistophora,Lumbricidae,,,1,,,,,,
Orchamp_Pecloz,tri manuel qualitatif,,PEC_1152-Q,ANI-22-0106,PEC_1152,Oligochaeta,Opistophora,Lumbricidae,Aporrectodea,giardi giardi,1,subadulte,entier,hermaphrodite,en 2 morceaux,1,2
Orchamp_Pecloz,barber,1,PEC_1375-ba1,ANI-22-0111,PEC_1375,Arachnida,Araneae,,,,4,,,,,,
Orchamp_Pecloz,barber,1,PEC_1375-ba1,ANI-22-0111,PEC_1375,Insecta,Coleoptera,,,,1,,,,,,
Orchamp_Pecloz,barber,1,PEC_1375-ba1,ANI-22-0111,PEC_1375,Insecta,Coleoptera,Carabidae,,,1,,,,,,
Orchamp_Pecloz,barber,1,PEC_1375-ba1,ANI-22-0111,PEC_1375,Insecta,Homoptera,Cicadellidae,,,1,Larve,,,,,
Orchamp_Pecloz,barber,1,PEC_1375-ba1,ANI-22-0111,PEC_1375,Insecta,Hymenoptera,Formicidae,,,1,,,,fourmis,,
Orchamp_Pecloz,barber,2,PEC_1375-ba2,ANI-22-0112,PEC_1375,Arachnida,Araneae,,,,1,,,,,,
Orchamp_Pecloz,barber,2,PEC_1375-ba2,ANI-22-0112,PEC_1375,Insecta,Coleoptera,,,,1,,,,,,
Orchamp_Pecloz,barber,2,PEC_1375-ba2,ANI-22-0112,PEC_1375,Insecta,Coleoptera,Carabidae,,,7,,,,,,
Orchamp_Pecloz,barber,2,PEC_1375-ba2,ANI-22-0112,PEC_1375,Insecta,Homoptera,Cicadellidae,,,1,larve,,,,,
Orchamp_Pecloz,barber,3,PEC_1375-ba3,ANI-22-0113,PEC_1375,Arachnida,Araneae,,,,3,,,,,,
Orchamp_Pecloz,barber,3,PEC_1375-ba3,ANI-22-0113,PEC_1375,Chilopoda,,,,,1,,,,,,
Orchamp_Pecloz,barber,3,PEC_1375-ba3,ANI-22-0113,PEC_1375,Gastropoda,Pulmonata,,,,1,,,,limace,,
Orchamp_Pecloz,barber,3,PEC_1375-ba3,ANI-22-0113,PEC_1375,Insecta,Coleoptera,,,,2,,,,,,
Orchamp_Pecloz,barber,3,PEC_1375-ba3,ANI-22-0113,PEC_1375,Insecta,Coleoptera,Carabidae,,,11,,,,,,
Orchamp_Pecloz,barber,3,PEC_1375-ba3,ANI-22-0113,PEC_1375,Insecta,Coleoptera,Staphylinidae,,,2,,,,,,
Orchamp_Pecloz,barber,4,PEC_1375-ba4,ANI-22-0114,PEC_1375,Arachnida,Araneae,,,,6,,,,,,
Orchamp_Pecloz,barber,4,PEC_1375-ba4,ANI-22-0114,PEC_1375,Arachnida,Opiliones,,,,1,,,,,,
Orchamp_Pecloz,barber,4,PEC_1375-ba4,ANI-22-0114,PEC_1375,Chilopoda,Lithobiomorpha,Lithobiidae,Lithobius,,1,adulte,,,,,
Orchamp_Pecloz,barber,4,PEC_1375-ba4,ANI-22-0114,PEC_1375,Chilopoda,Lithobiomorpha,Lithobiidae,Lithobius,,1,juv�nile,,,,,
Orchamp_Pecloz,barber,4,PEC_1375-ba4,ANI-22-0114,PEC_1375,Gastropoda,Pulmonata,,,,1,juv�nile,,,limace,,
Orchamp_Pecloz,barber,4,PEC_1375-ba4,ANI-22-0114,PEC_1375,Insecta,Coleoptera,Carabidae,,,6,adulte,,,,,
Orchamp_Pecloz,barber,4,PEC_1375-ba4,ANI-22-0114,PEC_1375,Insecta,Homoptera,Cicadellidae,,,1,larve,,,,,
Orchamp_Pecloz,barber,5,PEC_1375-ba5,ANI-22-0115,PEC_1375,Arachnida,Araneae,,,,5,,,,,,
Orchamp_Pecloz,barber,5,PEC_1375-ba5,ANI-22-0115,PEC_1375,Chilopoda,Lithobiomorpha,Lithobiidae,Lithobius,,1,,,,,,
Orchamp_Pecloz,barber,5,PEC_1375-ba5,ANI-22-0115,PEC_1375,Insecta,Coleoptera,Carabidae,,,2,larve,,,,,
Orchamp_Pecloz,barber,5,PEC_1375-ba5,ANI-22-0115,PEC_1375,Insecta,Coleoptera,Carabidae,,,6,adulte,,,,,
Orchamp_Pecloz,barber,5,PEC_1375-ba5,ANI-22-0115,PEC_1375,Insecta,Homoptera,Cicadellidae,,,1,larve,,,,,
Orchamp_Pecloz,barber,5,PEC_1375-ba5,ANI-22-0115,PEC_1375,Insecta,Lepidoptera,,,,2,larve,,,,,
Orchamp_Pecloz,barber,5,PEC_1375-ba5,ANI-22-0115,PEC_1375,Oligochaeta,Opistophora,Lumbricidae,,,1,,,,,,
Orchamp_Pecloz,barber,6,PEC_1375-ba6,ANI-22-0116,PEC_1375,Arachnida,Araneae,,,,4,,,,,,
Orchamp_Pecloz,barber,6,PEC_1375-ba6,ANI-22-0116,PEC_1375,Insecta,Coleoptera,Carabidae,,,1,juv�nile,,,,,
Orchamp_Pecloz,barber,6,PEC_1375-ba6,ANI-22-0116,PEC_1375,Insecta,Coleoptera,Carabidae,,,8,,,,,,
Orchamp_Pecloz,barber,6,PEC_1375-ba6,ANI-22-0116,PEC_1375,Insecta,Lepidoptera,,,,2,,,,,,
Orchamp_Pecloz,tri manuel qualitatif,,PEC_1375-Q,ANI-22-0117,PEC_1375,Oligochaeta,Opistophora,Lumbricidae,,,1,juv�nile,entier,hermaphrodite,,0,246
Orchamp_Pecloz,tri manuel qualitatif,,PEC_1375-Q,ANI-22-0117,PEC_1375,Oligochaeta,Opistophora,Lumbricidae,,,3,ind�termin�,morceau,hermaphrodite,,0,394
Orchamp_Pecloz,tri manuel qualitatif,,PEC_1375-Q,ANI-22-0117,PEC_1375,Oligochaeta,Opistophora,Lumbricidae,Allolobophora,chlorotica chlorotica,1,subadulte,entier,hermaphrodite,,0,129
Orchamp_Pecloz,tri manuel qualitatif,,PEC_1375-Q,ANI-22-0117,PEC_1375,Oligochaeta,Opistophora,Lumbricidae,Aporrectodea,rosea rosea,1,subadulte,entier,hermaphrodite,,0,91
Orchamp_Pecloz,tri manuel qualitatif,,PEC_1375-Q,ANI-22-0117,PEC_1375,Oligochaeta,Opistophora,Lumbricidae,Lumbricus,,1,juv�nile,morceau,hermaphrodite,,1,13
Orchamp_Pecloz,tri manuel,3,PEC_1375-tm3,ANI-22-0119,PEC_1375,Diplopoda,Julida,Julidae,,,2,,,,,,
Orchamp_Pecloz,tri manuel,3,PEC_1375-tm3,ANI-22-0119,PEC_1375,Gastropoda,Pulmonata,,,,1,,,,Discidae,,
Orchamp_Pecloz,tri manuel,3,PEC_1375-tm3,ANI-22-0119,PEC_1375,Oligochaeta,Opistophora,Enchytraeidae,,,1,,,,,,
Orchamp_Pecloz,tri manuel,4,PEC_1375-tm4,ANI-22-0120,PEC_1375,Diplopoda,Julida,Julidae,,,2,,,,,,
Orchamp_Pecloz,tri manuel,4,PEC_1375-tm4,ANI-22-0120,PEC_1375,Oligochaeta,Opistophora,Lumbricidae,,,2,ind�termin�,morceau,hermaphrodite,tr�s abim�s,0,774
Orchamp_Pecloz,tri manuel,4,PEC_1375-tm4,ANI-22-0120,PEC_1375,Oligochaeta,Opistophora,Lumbricidae,,,2,juv�nile,entier,hermaphrodite,,0,508
Orchamp_Pecloz,tri manuel,6,PEC_1375-tm6,ANI-22-0121,PEC_1375,Insecta,Hymenoptera,Formicidae,,,1,adulte,,femelle,,,
Orchamp_Pecloz,tri manuel,6,PEC_1375-tm6,ANI-22-0121,PEC_1375,Oligochaeta,Opistophora,Lumbricidae,,,1,juv�nile,entier,hermaphrodite,,0,119
Orchamp_Pecloz,tri manuel,6,PEC_1375-tm6,ANI-22-0121,PEC_1375,Oligochaeta,Opistophora,Lumbricidae,,,2,cocon,,,,,
Orchamp_Valloire,barber,1,VAL_1860-ba1,ANI-22-0144,VAL_1860,,,,,,1,,,,,,
Orchamp_Valloire,barber,2,VAL_1860-ba2,ANI-22-0145,VAL_1860,,,,,,1,,,,,,
Orchamp_Valloire,barber,3,VAL_1860-ba3,ANI-22-0146,VAL_1860,Arachnida,Araneae,,,,10,,,,,,
Orchamp_Valloire,barber,3,VAL_1860-ba3,ANI-22-0146,VAL_1860,Insecta,Coleoptera,,,,2,,,,,,
Orchamp_Valloire,barber,3,VAL_1860-ba3,ANI-22-0146,VAL_1860,Insecta,Coleoptera,Carabidae,,,32,,,,,,
Orchamp_Valloire,barber,3,VAL_1860-ba3,ANI-22-0146,VAL_1860,Insecta,Hemiptera,,,,1,,,,,,
Orchamp_Valloire,barber,3,VAL_1860-ba3,ANI-22-0146,VAL_1860,Insecta,Homoptera,Cicadellidae,,,2,larve,,,,,
Orchamp_Valloire,barber,3,VAL_1860-ba3,ANI-22-0146,VAL_1860,Insecta,Hymenoptera,Formicidae,,,29,,,femelle,,,
Orchamp_Valloire,barber,3,VAL_1860-ba3,ANI-22-0146,VAL_1860,Insecta,Lepidoptera,,,,1,,,,,,
Orchamp_Valloire,barber,3,VAL_1860-ba3,ANI-22-0146,VAL_1860,Insecta,Orthoptera,,,,5,,,,criquet,,
Orchamp_Valloire,barber,4,VAL_1860-ba4,ANI-22-0147,VAL_1860,Arachnida,Araneae,,,,1,,,,,,
Orchamp_Valloire,barber,4,VAL_1860-ba4,ANI-22-0147,VAL_1860,Insecta,,,,,1,?uf,,,,,
Orchamp_Valloire,barber,4,VAL_1860-ba4,ANI-22-0147,VAL_1860,Insecta,Coleoptera,,,,2,larve,,,,,
Orchamp_Valloire,barber,4,VAL_1860-ba4,ANI-22-0147,VAL_1860,Insecta,Coleoptera,Carabidae,,,9,,,,,,
Orchamp_Valloire,barber,4,VAL_1860-ba4,ANI-22-0147,VAL_1860,Insecta,Hemiptera,,,,1,,,,,,
Orchamp_Valloire,barber,4,VAL_1860-ba4,ANI-22-0147,VAL_1860,Insecta,Homoptera,,,,1,,,,,,
Orchamp_Valloire,barber,4,VAL_1860-ba4,ANI-22-0147,VAL_1860,Insecta,Homoptera,Cicadellidae,,,1,larve,,,,,
Orchamp_Valloire,barber,4,VAL_1860-ba4,ANI-22-0147,VAL_1860,Insecta,Hymenoptera,Formicidae,,,31,,,femelle,,,
Orchamp_Valloire,barber,4,VAL_1860-ba4,ANI-22-0147,VAL_1860,Insecta,Orthoptera,,,,2,,,,,,
Orchamp_Valloire,barber,5,VAL_1860-ba5,ANI-22-0148,VAL_1860,Arachnida,Araneae,,,,2,,,,,,
Orchamp_Valloire,barber,5,VAL_1860-ba5,ANI-22-0148,VAL_1860,Insecta,Coleoptera,,,,1,,,,charen�on,,
Orchamp_Valloire,barber,5,VAL_1860-ba5,ANI-22-0148,VAL_1860,Insecta,Coleoptera,,,,10,larve,,,,,
Orchamp_Valloire,barber,5,VAL_1860-ba5,ANI-22-0148,VAL_1860,Insecta,Coleoptera,Carabidae,,,6,,,,,,
Orchamp_Valloire,barber,5,VAL_1860-ba5,ANI-22-0148,VAL_1860,Insecta,Coleoptera,Staphylinidae,,,1,,,,,,
Orchamp_Valloire,barber,5,VAL_1860-ba5,ANI-22-0148,VAL_1860,Insecta,Hemiptera,,,,1,,,,,,
Orchamp_Valloire,barber,5,VAL_1860-ba5,ANI-22-0148,VAL_1860,Insecta,Homoptera,,,,2,,,,,,
Orchamp_Valloire,barber,5,VAL_1860-ba5,ANI-22-0148,VAL_1860,Insecta,Hymenoptera,Formicidae,,,1,,,,,,
Orchamp_Valloire,barber,5,VAL_1860-ba5,ANI-22-0148,VAL_1860,Insecta,Orthoptera,,,,2,,,,,,
Orchamp_Valloire,barber,6,VAL_1860-ba6,ANI-22-0149,VAL_1860,Arachnida,Araneae,,,,12,,,,,,
Orchamp_Valloire,barber,6,VAL_1860-ba6,ANI-22-0149,VAL_1860,Insecta,,,,,2,pupe,,,,,
Orchamp_Valloire,barber,6,VAL_1860-ba6,ANI-22-0149,VAL_1860,Insecta,Coleoptera,,,,1,,,,,,
Orchamp_Valloire,barber,6,VAL_1860-ba6,ANI-22-0149,VAL_1860,Insecta,Coleoptera,,,,3,larve,,,,,
Orchamp_Valloire,barber,6,VAL_1860-ba6,ANI-22-0149,VAL_1860,Insecta,Coleoptera,Carabidae,,,27,,,,,,
Orchamp_Valloire,barber,6,VAL_1860-ba6,ANI-22-0149,VAL_1860,Insecta,Coleoptera,Staphylinidae,,,3,,,,,,
Orchamp_Valloire,barber,6,VAL_1860-ba6,ANI-22-0149,VAL_1860,Insecta,Hemiptera,,,,2,,,,,,
Orchamp_Valloire,barber,6,VAL_1860-ba6,ANI-22-0149,VAL_1860,Insecta,Homoptera,,,,3,,,,,,
Orchamp_Valloire,barber,6,VAL_1860-ba6,ANI-22-0149,VAL_1860,Insecta,Hymenoptera,,,,2,,,,,,
Orchamp_Valloire,barber,6,VAL_1860-ba6,ANI-22-0149,VAL_1860,Insecta,Hymenoptera,Formicidae,,,28,,,femelle,,,
Orchamp_Valloire,barber,6,VAL_1860-ba6,ANI-22-0149,VAL_1860,Insecta,Orthoptera,,,,5,,,,,,
Orchamp_Valloire,barber,6,VAL_1860-ba6,ANI-22-0149,VAL_1860,Oligochaeta,Opistophora,Lumbricidae,,,1,,,,,,
Orchamp_Valloire,tri manuel,1,VAL_1860-tm1,ANI-22-0151,VAL_1860,Oligochaeta,Opistophora,Lumbricidae,,,1,juv�nile,entier,hermaphrodite,,0,60
Orchamp_Valloire,tri manuel,1,VAL_1860-tm1,ANI-22-0151,VAL_1860,Oligochaeta,Opistophora,Lumbricidae,Aporrectodea,caliginosa caliginosa,1,subadulte,entier,hermaphrodite,,0,316
Orchamp_Valloire,tri manuel,1,VAL_1860-tm1,ANI-22-0151,VAL_1860,Oligochaeta,Opistophora,Lumbricidae,Aporrectodea,rosea rosea,1,adulte,entier,hermaphrodite,,0,183
Orchamp_Valloire,tri manuel,1,VAL_1860-tm1,ANI-22-0151,VAL_1860,Oligochaeta,Opistophora,Lumbricidae,Aporrectodea,rosea rosea,1,adulte,morceau,hermaphrodite,,0,153
Orchamp_Valloire,tri manuel,1,VAL_1860-tm1,ANI-22-0151,VAL_1860,Oligochaeta,Opistophora,Lumbricidae,Aporrectodea,rosea rosea,1,subadulte,entier,hermaphrodite,,0,90
Orchamp_Valloire,tri manuel,3,VAL_1860-tm3,ANI-22-0152,VAL_1860,Oligochaeta,Opistophora,Lumbricidae,,,6,juv�nile,entier,hermaphrodite,,0,453
Orchamp_Valloire,tri manuel,3,VAL_1860-tm3,ANI-22-0152,VAL_1860,Oligochaeta,Opistophora,Lumbricidae,Allolobophora,chlorotica chlorotica,1,subadulte,morceau,hermaphrodite,,0,244
Orchamp_Valloire,tri manuel,3,VAL_1860-tm3,ANI-22-0152,VAL_1860,Oligochaeta,Opistophora,Lumbricidae,Aporrectodea,rosea rosea,1,subadulte,entier,hermaphrodite,,0,84
Orchamp_Valloire,tri manuel,4,VAL_1860-tm4,ANI-22-0153,VAL_1860,Insecta,Coleoptera,Carabidae,Amara,aenea,1,adulte,entier,m�le,,0,2094
Orchamp_Valloire,tri manuel,4,VAL_1860-tm4,ANI-22-0153,VAL_1860,Oligochaeta,Opistophora,Lumbricidae,,,3,ind�termin�,morceau,hermaphrodite,,0,204
Orchamp_Valloire,tri manuel,4,VAL_1860-tm4,ANI-22-0153,VAL_1860,Oligochaeta,Opistophora,Lumbricidae,,,4,juv�nile,morceau,hermaphrodite,,0,217
Orchamp_Valloire,tri manuel,4,VAL_1860-tm4,ANI-22-0153,VAL_1860,Oligochaeta,Opistophora,Lumbricidae,,,5,juv�nile,entier,hermaphrodite,,0,452
Orchamp_Valloire,tri manuel,4,VAL_1860-tm4,ANI-22-0153,VAL_1860,Oligochaeta,Opistophora,Lumbricidae,Aporrectodea,caliginosa caliginosa,1,adulte,morceau,hermaphrodite,,0,271
Orchamp_Valloire,tri manuel,4,VAL_1860-tm4,ANI-22-0153,VAL_1860,Oligochaeta,Opistophora,Lumbricidae,Lumbricus,,1,juv�nile,morceau,hermaphrodite,,0,48
Orchamp_Valloire,tri manuel,6,VAL_1860-tm6,ANI-22-0154,VAL_1860,Arachnida,Araneae,,,,1,adulte,,femelle,,,
Orchamp_Valloire,tri manuel,6,VAL_1860-tm6,ANI-22-0154,VAL_1860,Insecta,Coleoptera,Elateridae,,,1,larve,,,,,
Orchamp_Valloire,tri manuel,6,VAL_1860-tm6,ANI-22-0154,VAL_1860,Oligochaeta,Opistophora,Lumbricidae,,,1,cocon,,,,,
Orchamp_Valloire,tri manuel,6,VAL_1860-tm6,ANI-22-0154,VAL_1860,Oligochaeta,Opistophora,Lumbricidae,,,2,juv�nile,,hermaphrodite,,0,165
Orchamp_Valloire,tri manuel,6,VAL_1860-tm6,ANI-22-0154,VAL_1860,Oligochaeta,Opistophora,Lumbricidae,Allolobophora,chlorotica chlorotica,1,adulte,,hermaphrodite,,0,216
Orchamp_Valloire,tri manuel,6,VAL_1860-tm6,ANI-22-0154,VAL_1860,Oligochaeta,Opistophora,Lumbricidae,Allolobophora,chlorotica chlorotica,1,subadulte,,hermaphrodite,,0,102
Orchamp_Valloire,tri manuel qualitatif,,VAL_2050-Q,ANI-22-0161,VAL_2050,Insecta,,,,,1,larve,,,,,
Orchamp_Valloire,tri manuel,6,VAL_2050-tm6,ANI-22-0165,VAL_2050,Arachnida,Araneae,Lycosidae,,,1,adulte,,femelle,,,
Orchamp_Valloire,tri manuel,1,VAL_2250-tm1,ANI-22-0173,VAL_2250,Diplopoda,Julida,Julidae,,,1,,,,,,
Orchamp_Valloire,tri manuel,3,VAL_2250-tm3,ANI-22-0174,VAL_2250,Oligochaeta,Opistophora,Lumbricidae,,,1,juv�nile,,hermaphrodite,,0,11
Orchamp_Valloire,tri manuel,3,VAL_2250-tm3,ANI-22-0174,VAL_2250,Oligochaeta,Opistophora,Lumbricidae,Aporrectodea,caliginosa caliginosa,1,subadulte,,hermaphrodite,,0,380
Orchamp_Valloire,tri manuel,3,VAL_2250-tm3,ANI-22-0174,VAL_2250,Oligochaeta,Opistophora,Lumbricidae,Aporrectodea,rosea rosea,1,adulte,,hermaphrodite,,0,221
Orchamp_Valloire,tri manuel,6,VAL_2250-tm6,ANI-22-0176,VAL_2250,Insecta,Coleoptera,,,,1,larve,,,,,
Orchamp_Valloire,tri manuel,6,VAL_2250-tm6,ANI-22-0176,VAL_2250,Insecta,Coleoptera,Curculionidae,,,1,larve,,,,,
Orchamp_Valloire,tri manuel,6,VAL_2250-tm6,ANI-22-0176,VAL_2250,Oligochaeta,Opistophora,Lumbricidae,,,2,ind�termin�,morceau,hermaphrodite,,0,196
Orchamp_Valloire,tri manuel,6,VAL_2250-tm6,ANI-22-0176,VAL_2250,Oligochaeta,Opistophora,Lumbricidae,Aporrectodea,caliginosa caliginosa,1,subadulte,morceau,hermaphrodite,,0,146
Orchamp_Valloire,barber,1,VAL_2450-ba1,ANI-22-0177,VAL_2450,,,,,,1,,,,,,
Orchamp_Valloire,barber,2,VAL_2450-ba2,ANI-22-0178,VAL_2450,,,,,,1,,,,,,
Orchamp_Valloire,barber,3,VAL_2450-ba3,ANI-22-0179,VAL_2450,,,,,,1,,,,,,
Orchamp_Valloire,barber,4,VAL_2450-ba4,ANI-22-0180,VAL_2450,,,,,,1,,,,,,
Orchamp_Valloire,barber,5,VAL_2450-ba5,ANI-22-0181,VAL_2450,Arachnida,Araneae,,,,9,,,,,,
Orchamp_Valloire,barber,5,VAL_2450-ba5,ANI-22-0181,VAL_2450,Insecta,Coleoptera,Carabidae,,,4,,,,,,
Orchamp_Valloire,barber,5,VAL_2450-ba5,ANI-22-0181,VAL_2450,Insecta,Coleoptera,Staphylinidae,,,2,,,,,,
Orchamp_Valloire,barber,5,VAL_2450-ba5,ANI-22-0181,VAL_2450,Insecta,Dermaptera,,,,3,juv�nile,,femelle,,,
Orchamp_Valloire,barber,5,VAL_2450-ba5,ANI-22-0181,VAL_2450,Insecta,Dermaptera,,,,4,adulte,,femelle,,,
Orchamp_Valloire,barber,5,VAL_2450-ba5,ANI-22-0181,VAL_2450,Insecta,Hemiptera,,,,5,,,,,,
Orchamp_Valloire,barber,5,VAL_2450-ba5,ANI-22-0181,VAL_2450,Insecta,Homoptera,Cicadellidae,,,1,juv�nile,,,,,
Orchamp_Valloire,barber,5,VAL_2450-ba5,ANI-22-0181,VAL_2450,Insecta,Hymenoptera,Formicidae,,,42,,,,,,
Orchamp_Valloire,barber,5,VAL_2450-ba5,ANI-22-0181,VAL_2450,Insecta,Orthoptera,,,,1,mue,,,Pas s�r,,
Orchamp_Valloire,barber,5,VAL_2450-ba5,ANI-22-0181,VAL_2450,Insecta,Orthoptera,,,,2,,,,sauterelle,,
Orchamp_Valloire,barber,5,VAL_2450-ba5,ANI-22-0181,VAL_2450,Insecta,Orthoptera,,,,18,,,,criquet,,
Orchamp_Valloire,barber,6,VAL_2450-ba6,ANI-22-0182,VAL_2450,Arachnida,Araneae,,,,6,,,,,,
Orchamp_Valloire,barber,6,VAL_2450-ba6,ANI-22-0182,VAL_2450,Insecta,,,,,4,,,,Pas s�r de insectes,,
Orchamp_Valloire,barber,6,VAL_2450-ba6,ANI-22-0182,VAL_2450,Insecta,Coleoptera,Carabidae,,,11,,,,,,
Orchamp_Valloire,barber,6,VAL_2450-ba6,ANI-22-0182,VAL_2450,Insecta,Coleoptera,Staphylinidae,,,3,,,,,,
Orchamp_Valloire,barber,6,VAL_2450-ba6,ANI-22-0182,VAL_2450,Insecta,Dermaptera,,,,1,adulte,,m�le,,,
Orchamp_Valloire,barber,6,VAL_2450-ba6,ANI-22-0182,VAL_2450,Insecta,Dermaptera,,,,6,adulte,,femelle,,,
Orchamp_Valloire,barber,6,VAL_2450-ba6,ANI-22-0182,VAL_2450,Insecta,Diptera,,,,4,,,,,,
Orchamp_Valloire,barber,6,VAL_2450-ba6,ANI-22-0182,VAL_2450,Insecta,Hemiptera,,,,8,,,,,,
Orchamp_Valloire,barber,6,VAL_2450-ba6,ANI-22-0182,VAL_2450,Insecta,Homoptera,Cicadellidae,,,25,,,,,,
Orchamp_Valloire,barber,6,VAL_2450-ba6,ANI-22-0182,VAL_2450,Insecta,Hymenoptera,Formicidae,,,124,,,,,,
Orchamp_Valloire,barber,6,VAL_2450-ba6,ANI-22-0182,VAL_2450,Insecta,Lepidoptera,,,,2,larve,,,,,
Orchamp_Valloire,barber,6,VAL_2450-ba6,ANI-22-0182,VAL_2450,Insecta,Orthoptera,,,,6,,,,sauterelle,,
Orchamp_Valloire,barber,6,VAL_2450-ba6,ANI-22-0182,VAL_2450,Insecta,Orthoptera,,,,16,,,,Caelifera,,
Orchamp_Valloire,barber,1,VAL_2715-ba1,ANI-22-0188,VAL_2715,,,,,,1,,,,,,
Orchamp_Valloire,barber,2,VAL_2715-ba2,ANI-22-0189,VAL_2715,,,,,,1,,,,,,
Orchamp_Valloire,barber,3,VAL_2715-ba3,ANI-22-0190,VAL_2715,Insecta,Coleoptera,,,,1,,,,,,
Orchamp_Valloire,barber,3,VAL_2715-ba3,ANI-22-0190,VAL_2715,Insecta,Coleoptera,,,,2,,,,,,
Orchamp_Valloire,barber,3,VAL_2715-ba3,ANI-22-0190,VAL_2715,Insecta,Coleoptera,Staphylinidae,,,1,,,,,,
Orchamp_Valloire,barber,3,VAL_2715-ba3,ANI-22-0190,VAL_2715,Insecta,Homoptera,,,,1,,,,,,
Orchamp_Valloire,barber,3,VAL_2715-ba3,ANI-22-0190,VAL_2715,Insecta,Homoptera,Cicadellidae,,,1,,,,,,
Orchamp_Valloire,barber,3,VAL_2715-ba3,ANI-22-0190,VAL_2715,Insecta,Hymenoptera,,,,4,,,,,,
Orchamp_Valloire,barber,3,VAL_2715-ba3,ANI-22-0190,VAL_2715,Insecta,Hymenoptera,Formicidae,,,6,,,,,,
Orchamp_Valloire,barber,3,VAL_2715-ba3,ANI-22-0190,VAL_2715,Insecta,Orthoptera,,,,6,,,,,,
Orchamp_Valloire,barber,4,VAL_2715-ba4,ANI-22-0191,VAL_2715,,,,,,1,,,,,,
Orchamp_Valloire,barber,5,VAL_2715-ba5,ANI-22-0192,VAL_2715,Arachnida,Opiliones,,,,2,,,,,,
Orchamp_Valloire,barber,5,VAL_2715-ba5,ANI-22-0192,VAL_2715,Insecta,Coleoptera,Carabidae,,,1,,,,,,
Orchamp_Valloire,barber,5,VAL_2715-ba5,ANI-22-0192,VAL_2715,Insecta,Coleoptera,Staphylinidae,,,1,,,,,,
Orchamp_Valloire,barber,5,VAL_2715-ba5,ANI-22-0192,VAL_2715,Insecta,Homoptera,,,,1,,,,,,
Orchamp_Valloire,barber,5,VAL_2715-ba5,ANI-22-0192,VAL_2715,Insecta,Hymenoptera,Formicidae,,,1,,,,,,
Orchamp_Valloire,barber,5,VAL_2715-ba5,ANI-22-0192,VAL_2715,Insecta,Orthoptera,,,,3,,,,,,
Orchamp_Valloire,barber,6,VAL_2715-ba6,ANI-22-0193,VAL_2715,,,,,,1,,,,,,
Orchamp_LacVert,barber,1,VER_1200-ba1,ANI-22-0199,VER_1200,Arachnida,Opiliones,,,,1,,,,,,
Orchamp_LacVert,barber,1,VER_1200-ba1,ANI-22-0199,VER_1200,Insecta,Coleoptera,Carabidae,,,1,,,,,,
Orchamp_LacVert,barber,2,VER_1200-ba2,ANI-22-0200,VER_1200,Insecta,Coleoptera,Carabidae,,,5,,,,,,
Orchamp_LacVert,barber,2,VER_1200-ba2,ANI-22-0200,VER_1200,Insecta,Coleoptera,Curculionidae,,,3,,,,,,
Orchamp_LacVert,barber,3,VER_1200-ba3,ANI-22-0201,VER_1200,Arachnida,Araneae,,,,1,,,,,,
Orchamp_LacVert,barber,3,VER_1200-ba3,ANI-22-0201,VER_1200,Insecta,,,,,1,mue,,,,,
Orchamp_LacVert,barber,3,VER_1200-ba3,ANI-22-0201,VER_1200,Insecta,Coleoptera,Carabidae,,,2,,,,,,
Orchamp_LacVert,barber,3,VER_1200-ba3,ANI-22-0201,VER_1200,Insecta,Coleoptera,Geotrupidae,,,1,,,,,,
Orchamp_LacVert,barber,3,VER_1200-ba3,ANI-22-0201,VER_1200,Insecta,Coleoptera,Staphylinidae,,,1,,,,,,
Orchamp_LacVert,barber,4,VER_1200-ba4,ANI-22-0202,VER_1200,Insecta,Coleoptera,,,,1,,,,,,
Orchamp_LacVert,barber,4,VER_1200-ba4,ANI-22-0202,VER_1200,Insecta,Coleoptera,Carabidae,,,5,,,,,,
Orchamp_LacVert,barber,4,VER_1200-ba4,ANI-22-0202,VER_1200,Insecta,Hymenoptera,,,,1,,,,,,
Orchamp_LacVert,barber,4,VER_1200-ba4,ANI-22-0202,VER_1200,Insecta,Hymenoptera,Formicidae,,,1,,,,+ une grenouille,,
Orchamp_LacVert,barber,5,VER_1200-ba5,ANI-22-0203,VER_1200,,,,,,1,,,,,,
Orchamp_LacVert,barber,6,VER_1200-ba6,ANI-22-0204,VER_1200,,,,,,1,,,,,,
Orchamp_LacVert,tri manuel qualitatif,,VER_1200-Q,ANI-22-0205,VER_1200,Arachnida,Araneae,,,,1,,,,,,
Orchamp_LacVert,tri manuel qualitatif,,VER_1200-Q,ANI-22-0205,VER_1200,Chilopoda,Lithobiomorpha,Lithobiidae,Lithobius,,1,,,,,,
Orchamp_LacVert,tri manuel qualitatif,,VER_1200-Q,ANI-22-0205,VER_1200,Diplopoda,Julida,Julidae,,,2,,,,,,
Orchamp_LacVert,tri manuel qualitatif,,VER_1200-Q,ANI-22-0205,VER_1200,Oligochaeta,Opistophora,Enchytraeidae,,,3,,,,,,
Orchamp_LacVert,tri manuel qualitatif,,VER_1200-Q,ANI-22-0205,VER_1200,Oligochaeta,Opistophora,Lumbricidae,Dendrobaena,octaedra,1,,,hermaphrodite,,0,47
Orchamp_LacVert,tri manuel,1,VER_1200-tm1,ANI-22-0206,VER_1200,Arachnida,Araneae,,,,2,,,,,,
Orchamp_LacVert,tri manuel,1,VER_1200-tm1,ANI-22-0206,VER_1200,Chilopoda,Geophilomorpha,,,,1,,,,,,
Orchamp_LacVert,tri manuel,1,VER_1200-tm1,ANI-22-0206,VER_1200,Insecta,Coleoptera,Elateridae,,,1,adulte,,,,,
Orchamp_LacVert,tri manuel,1,VER_1200-tm1,ANI-22-0206,VER_1200,Oligochaeta,Opistophora,Enchytraeidae,,,1,,,,,,
Orchamp_LacVert,tri manuel,1,VER_1200-tm1,ANI-22-0206,VER_1200,Oligochaeta,Opistophora,Lumbricidae,,,1,juv�nile,morceau,hermaphrodite,,0,19
Orchamp_LacVert,tri manuel,3,VER_1200-tm3,ANI-22-0207,VER_1200,Insecta,Coleoptera,Elateridae,,,1,larve,,,,,
Orchamp_LacVert,tri manuel,3,VER_1200-tm3,ANI-22-0207,VER_1200,Oligochaeta,Opistophora,Lumbricidae,,,1,juv�nile,,hermaphrodite,,0,8
Orchamp_LacVert,tri manuel qualitatif,,VER_1400-Q,ANI-22-0216,VER_1400F,Insecta,Coleoptera,Carabidae,Carabus,splendens,1,adulte,entier,femelle,carabe d�ssech�,0,28628
Orchamp_LacVert,tri manuel qualitatif,,VER_1400-Q,ANI-22-0216,VER_1400F,Insecta,Lepidoptera,,,,1,chrysalide,,,,,
Orchamp_LacVert,tri manuel qualitatif,,VER_1400-Q,ANI-22-0216,VER_1400F,Oligochaeta,Opistophora,Lumbricidae,,,1,juv�nile,,hermaphrodite,,0,413
Orchamp_LacVert,tri manuel,1,VER_1400-tm1,ANI-22-0217,VER_1400F,Diplopoda,Julida,Julidae,,,1,,,,,,
Orchamp_LacVert,tri manuel,3,VER_1400-tm3,ANI-22-0218,VER_1400F,Diplopoda,Julida,Julidae,,,1,,,,,,
Orchamp_LacVert,tri manuel,3,VER_1400-tm3,ANI-22-0218,VER_1400F,Insecta,Coleoptera,Elateridae,,,1,adulte,,,,,
Orchamp_LacVert,tri manuel,4,VER_1400-tm4,ANI-22-0219,VER_1400F,Chilopoda,Geophilomorpha,,,,1,,,,,,
Orchamp_LacVert,tri manuel,4,VER_1400-tm4,ANI-22-0219,VER_1400F,Insecta,Coleoptera,Staphylinidae,,,1,adulte,,,,,
Orchamp_LacVert,tri manuel,4,VER_1400-tm4,ANI-22-0219,VER_1400F,Oligochaeta,Opistophora,Lumbricidae,,,1,juv�nile,,hermaphrodite,,0,246
Orchamp_LacVert,tri manuel,6,VER_1400-tm6,ANI-22-0220,VER_1400F,Diplopoda,Julida,Julidae,,,1,,,,,,
Orchamp_LacVert,barber,1,VER_1400-ba1,ANI-22-0221,VER_1400P,Arachnida,Araneae,,,,1,,,,,,
Orchamp_LacVert,barber,1,VER_1400-ba1,ANI-22-0221,VER_1400P,Insecta,Coleoptera,Carabidae,,,2,,,,,,
Orchamp_LacVert,barber,1,VER_1400-ba1,ANI-22-0221,VER_1400P,Insecta,Hemiptera,,,,2,,,,,,
Orchamp_LacVert,barber,1,VER_1400-ba1,ANI-22-0221,VER_1400P,Insecta,Hymenoptera,,,,1,,,,,,
Orchamp_LacVert,barber,1,VER_1400-ba1,ANI-22-0221,VER_1400P,Insecta,Hymenoptera,Formicidae,,,4,,,,,,
Orchamp_LacVert,barber,2,VER_1400-ba2,ANI-22-0222,VER_1400P,Arachnida,Araneae,,,,4,,,,,,
Orchamp_LacVert,barber,2,VER_1400-ba2,ANI-22-0222,VER_1400P,Insecta,Coleoptera,,,,1,,,,,,
Orchamp_LacVert,barber,2,VER_1400-ba2,ANI-22-0222,VER_1400P,Insecta,Coleoptera,,,,1,larve,,,,,
Orchamp_LacVert,barber,2,VER_1400-ba2,ANI-22-0222,VER_1400P,Insecta,Coleoptera,Carabidae,,,6,,,,,,
Orchamp_LacVert,barber,2,VER_1400-ba2,ANI-22-0222,VER_1400P,Insecta,Coleoptera,Geotrupidae,,,2,,,,,,
Orchamp_LacVert,barber,2,VER_1400-ba2,ANI-22-0222,VER_1400P,Insecta,Coleoptera,Staphylinidae,,,1,,,,,,
Orchamp_LacVert,barber,2,VER_1400-ba2,ANI-22-0222,VER_1400P,Insecta,Hemiptera,,,,2,,,,,,
Orchamp_LacVert,barber,2,VER_1400-ba2,ANI-22-0222,VER_1400P,Insecta,Homoptera,Cicadellidae,,,6,,,,,,
Orchamp_LacVert,barber,2,VER_1400-ba2,ANI-22-0222,VER_1400P,Insecta,Hymenoptera,Formicidae,,,74,,,,,,
Orchamp_LacVert,barber,2,VER_1400-ba2,ANI-22-0222,VER_1400P,Insecta,Orthoptera,,,,1,,,,,,
Orchamp_LacVert,barber,3,VER_1400-ba3,ANI-22-0223,VER_1400P,,,,,,1,,,,,,
Orchamp_LacVert,barber,4,VER_1400-ba4,ANI-22-0224,VER_1400P,Insecta,Coleoptera,Carabidae,,,2,,,,,,
Orchamp_LacVert,barber,4,VER_1400-ba4,ANI-22-0224,VER_1400P,Insecta,Hymenoptera,Formicidae,,,1,,,,,,
Orchamp_LacVert,barber,5,VER_1400-ba5,ANI-22-0225,VER_1400P,Arachnida,Araneae,,,,11,,,,,,
Orchamp_LacVert,barber,5,VER_1400-ba5,ANI-22-0225,VER_1400P,Chilopoda,Geophilomorpha,,,,1,,,,31 paires de pattes,,
Orchamp_LacVert,barber,5,VER_1400-ba5,ANI-22-0225,VER_1400P,Insecta,Coleoptera,Carabidae,,,2,,,,,,
Orchamp_LacVert,barber,5,VER_1400-ba5,ANI-22-0225,VER_1400P,Insecta,Coleoptera,Curculionidae,,,2,,,,,,
Orchamp_LacVert,barber,5,VER_1400-ba5,ANI-22-0225,VER_1400P,Insecta,Coleoptera,Geotrupidae,,,4,,,,,,
Orchamp_LacVert,barber,5,VER_1400-ba5,ANI-22-0225,VER_1400P,Insecta,Coleoptera,Staphylinidae,,,6,,,,,,
Orchamp_LacVert,barber,5,VER_1400-ba5,ANI-22-0225,VER_1400P,Insecta,Dermaptera,,,,1,,,femelle,,,
Orchamp_LacVert,barber,5,VER_1400-ba5,ANI-22-0225,VER_1400P,Insecta,Dermaptera,,,,1,juv�nile,,,,,
Orchamp_LacVert,barber,5,VER_1400-ba5,ANI-22-0225,VER_1400P,Insecta,Hemiptera,,,,12,,,,,,
Orchamp_LacVert,barber,5,VER_1400-ba5,ANI-22-0225,VER_1400P,Insecta,Homoptera,Cicadellidae,,,1,,,,,,
Orchamp_LacVert,barber,5,VER_1400-ba5,ANI-22-0225,VER_1400P,Insecta,Hymenoptera,Formicidae,,,50,,,,,,
Orchamp_LacVert,barber,5,VER_1400-ba5,ANI-22-0225,VER_1400P,Insecta,Orthoptera,,,,1,,,,criquet,,
Orchamp_LacVert,barber,6,VER_1400-ba6,ANI-22-0226,VER_1400P,Insecta,Coleoptera,,,,1,,,,certainement geotrupidaemais en morceaux,,
Orchamp_LacVert,tri manuel,1,VER_1400-tm1,ANI-22-0228,VER_1400P,Diplopoda,Julida,Julidae,,,3,,,,,,
Orchamp_LacVert,tri manuel,1,VER_1400-tm1,ANI-22-0228,VER_1400P,Insecta,Coleoptera,,,,1,larve,,,,,
Orchamp_LacVert,tri manuel,1,VER_1400-tm1,ANI-22-0228,VER_1400P,Insecta,Coleoptera,Elateridae,,,1,larve,,,,,
Orchamp_LacVert,tri manuel,1,VER_1400-tm1,ANI-22-0228,VER_1400P,Insecta,Dermaptera,,,,1,,,,,,
Orchamp_LacVert,tri manuel,1,VER_1400-tm1,ANI-22-0228,VER_1400P,Oligochaeta,Opistophora,Lumbricidae,,,1,juv�nile,entier,hermaphrodite,,0,8
Orchamp_LacVert,tri manuel,1,VER_1400-tm1,ANI-22-0228,VER_1400P,Oligochaeta,Opistophora,Lumbricidae,Octolasion,lacteum,1,subadulte,entier,hermaphrodite,,0,367
Orchamp_LacVert,tri manuel,3,VER_1400-tm3,ANI-22-0229,VER_1400P,Arachnida,,,,,4,,,,,,
Orchamp_LacVert,tri manuel,3,VER_1400-tm3,ANI-22-0229,VER_1400P,Insecta,Hymenoptera,Formicidae,Lasius,,1,adulte,,femelle,,,
Orchamp_LacVert,tri manuel,3,VER_1400-tm3,ANI-22-0229,VER_1400P,Oligochaeta,Opistophora,Enchytraeidae,,,1,,,,,,
Orchamp_LacVert,tri manuel,3,VER_1400-tm3,ANI-22-0229,VER_1400P,Oligochaeta,Opistophora,Lumbricidae,,,5,juv�nile,morceau,hermaphrodite,,0,257
Orchamp_LacVert,tri manuel,3,VER_1400-tm3,ANI-22-0229,VER_1400P,Oligochaeta,Opistophora,Lumbricidae,,,7,ind�termin�,morceau,hermaphrodite,,0,160
Orchamp_LacVert,tri manuel,3,VER_1400-tm3,ANI-22-0229,VER_1400P,Oligochaeta,Opistophora,Lumbricidae,,,37,juv�nile,entier,hermaphrodite,,1,313
Orchamp_LacVert,tri manuel,3,VER_1400-tm3,ANI-22-0229,VER_1400P,Oligochaeta,Opistophora,Lumbricidae,Dendrobaena,octaedra,1,adulte,entier,hermaphrodite,,0,37
Orchamp_LacVert,tri manuel,3,VER_1400-tm3,ANI-22-0229,VER_1400P,Oligochaeta,Opistophora,Lumbricidae,Dendrobaena,octaedra,1,adulte,entier,hermaphrodite,,0,42
Orchamp_LacVert,tri manuel,3,VER_1400-tm3,ANI-22-0229,VER_1400P,Oligochaeta,Opistophora,Lumbricidae,Dendrobaena,octaedra,1,subadulte,entier,hermaphrodite,,0,47
Orchamp_LacVert,tri manuel,3,VER_1400-tm3,ANI-22-0229,VER_1400P,Oligochaeta,Opistophora,Lumbricidae,Lumbricus,,1,juv�nile,entier,hermaphrodite,,0,121
Orchamp_LacVert,tri manuel,4,VER_1400-tm4,ANI-22-0230,VER_1400P,Diplopoda,Julida,Julidae,,,2,,,,,,
Orchamp_LacVert,tri manuel,4,VER_1400-tm4,ANI-22-0230,VER_1400P,Insecta,Coleoptera,Elateridae,,,1,larve,,,,,
Orchamp_LacVert,tri manuel,4,VER_1400-tm4,ANI-22-0230,VER_1400P,Insecta,Diptera,,,,2,larve,,,,,
Orchamp_LacVert,tri manuel,4,VER_1400-tm4,ANI-22-0230,VER_1400P,Insecta,Hymenoptera,Formicidae,Lasius,,3,adulte,,femelle,,,
Orchamp_LacVert,tri manuel,4,VER_1400-tm4,ANI-22-0230,VER_1400P,Insecta,Lepidoptera,,,,1,chenille,,,,,
Orchamp_LacVert,tri manuel,6,VER_1400-tm6,ANI-22-0231,VER_1400P,Insecta,Coleoptera,,,,1,adulte,,,,,
Orchamp_LacVert,tri manuel,6,VER_1400-tm6,ANI-22-0231,VER_1400P,Insecta,Coleoptera,Elateridae,,,1,larve,,,,,
Orchamp_LacVert,tri manuel,6,VER_1400-tm6,ANI-22-0231,VER_1400P,Insecta,Coleoptera,Scirtidae,,,1,adulte,,,,,
Orchamp_LacVert,tri manuel,6,VER_1400-tm6,ANI-22-0231,VER_1400P,Insecta,Hymenoptera,Formicidae,Lasius,,20,adulte,,femelle,,,
Orchamp_LacVert,tri manuel,6,VER_1400-tm6,ANI-22-0231,VER_1400P,Oligochaeta,Opistophora,Lumbricidae,,,1,juv�nile,entier,hermaphrodite,Dendrobaena ?,0,12
Orchamp_LacVert,tri manuel,6,VER_1400-tm6,ANI-22-0231,VER_1400P,Oligochaeta,Opistophora,Lumbricidae,Lumbricus,,1,juv�nile,entier,hermaphrodite,,0,30
Orchamp_LacVert,barber,1,VER_1800-ba1,ANI-22-0232,VER_1800,Arachnida,Araneae,,,,4,,,,,,
Orchamp_LacVert,barber,1,VER_1800-ba1,ANI-22-0232,VER_1800,Insecta,,,,,1,mue,,,,,
Orchamp_LacVert,barber,1,VER_1800-ba1,ANI-22-0232,VER_1800,Insecta,Coleoptera,Carabidae,,,1,,,,,,
Orchamp_LacVert,barber,1,VER_1800-ba1,ANI-22-0232,VER_1800,Insecta,Coleoptera,Geotrupidae,,,1,,,,,,
Orchamp_LacVert,barber,1,VER_1800-ba1,ANI-22-0232,VER_1800,Insecta,Coleoptera,Staphylinidae,,,3,,,,,,
Orchamp_LacVert,barber,1,VER_1800-ba1,ANI-22-0232,VER_1800,Insecta,Hemiptera,,,,1,,,,,,
Orchamp_LacVert,barber,1,VER_1800-ba1,ANI-22-0232,VER_1800,Insecta,Homoptera,Cicadellidae,,,7,,,,,,
Orchamp_LacVert,barber,1,VER_1800-ba1,ANI-22-0232,VER_1800,Insecta,Hymenoptera,,,,2,,,,apocrita,,
Orchamp_LacVert,barber,1,VER_1800-ba1,ANI-22-0232,VER_1800,Insecta,Hymenoptera,Formicidae,,,7,,,,,,
Orchamp_LacVert,barber,2,VER_1800-ba2,ANI-22-0233,VER_1800,,,,,,1,,,,,,
Orchamp_LacVert,barber,3,VER_1800-ba3,ANI-22-0234,VER_1800,,,,,,1,,,,,,
Orchamp_LacVert,barber,4,VER_1800-ba4,ANI-22-0235,VER_1800,,,,,,1,,,,,,
Orchamp_LacVert,barber,5,VER_1800-ba5,ANI-22-0236,VER_1800,Arachnida,Araneae,,,,1,,,,faux scorpion,,
Orchamp_LacVert,barber,5,VER_1800-ba5,ANI-22-0236,VER_1800,Arachnida,Araneae,,,,8,,,,,,
Orchamp_LacVert,barber,5,VER_1800-ba5,ANI-22-0236,VER_1800,Insecta,Coleoptera,Carabidae,,,3,,,,,,
Orchamp_LacVert,barber,5,VER_1800-ba5,ANI-22-0236,VER_1800,Insecta,Coleoptera,Curculionidae,,,1,,,,,,
Orchamp_LacVert,barber,5,VER_1800-ba5,ANI-22-0236,VER_1800,Insecta,Coleoptera,Geotrupidae,,,4,,,,,,
Orchamp_LacVert,barber,5,VER_1800-ba5,ANI-22-0236,VER_1800,Insecta,Coleoptera,Staphylinidae,,,5,,,,,,
Orchamp_LacVert,barber,5,VER_1800-ba5,ANI-22-0236,VER_1800,Insecta,Homoptera,,,,1,,,,,,
Orchamp_LacVert,barber,5,VER_1800-ba5,ANI-22-0236,VER_1800,Insecta,Homoptera,Cicadellidae,,,4,,,,,,
Orchamp_LacVert,barber,5,VER_1800-ba5,ANI-22-0236,VER_1800,Insecta,Hymenoptera,,,,3,,,,apocrites,,
Orchamp_LacVert,barber,5,VER_1800-ba5,ANI-22-0236,VER_1800,Insecta,Hymenoptera,Formicidae,,,12,,,,,,
Orchamp_LacVert,barber,5,VER_1800-ba5,ANI-22-0236,VER_1800,Insecta,Orthoptera,,,,3,,,,,,
Orchamp_LacVert,barber,6,VER_1800-ba6,ANI-22-0237,VER_1800,,,,,,1,,,,,,
Orchamp_LacVert,tri manuel,1,VER_1800-tm1,ANI-22-0239,VER_1800,Diplopoda,Polydesmida,Polydesmidae,Polydesmus,,1,,,,,,
Orchamp_LacVert,tri manuel,1,VER_1800-tm1,ANI-22-0239,VER_1800,Insecta,Diptera,,,,1,larve,,,,,
Orchamp_LacVert,tri manuel,1,VER_1800-tm1,ANI-22-0239,VER_1800,Oligochaeta,Opistophora,Lumbricidae,,,2,ind�termin�,morceau,hermaphrodite,,0,50
Orchamp_LacVert,tri manuel,1,VER_1800-tm1,ANI-22-0239,VER_1800,Oligochaeta,Opistophora,Lumbricidae,,,4,juv�nile,,hermaphrodite,,0,105
Orchamp_LacVert,tri manuel,3,VER_1800-tm3,ANI-22-0240,VER_1800,Insecta,Coleoptera,Elateridae,,,1,larve,,,,,
Orchamp_LacVert,tri manuel,3,VER_1800-tm3,ANI-22-0240,VER_1800,Insecta,Hymenoptera,,,,6,adulte,,,,,
Orchamp_LacVert,tri manuel,4,VER_1800-tm4,ANI-22-0241,VER_1800,Diplopoda,Julida,Julidae,,,2,,,,,,
Orchamp_LacVert,tri manuel,4,VER_1800-tm4,ANI-22-0241,VER_1800,Oligochaeta,Opistophora,Lumbricidae,,,1,adulte,entier,hermaphrodite,Orodrilus?,0,114
Orchamp_LacVert,tri manuel,4,VER_1800-tm4,ANI-22-0241,VER_1800,Oligochaeta,Opistophora,Lumbricidae,,,2,ind�termin�,entier,hermaphrodite,morceau,0,240
Orchamp_LacVert,barber,1,VER_2000-ba1,ANI-22-0243,VER_2000,Arachnida,Araneae,,,,4,,,,,,
Orchamp_LacVert,barber,1,VER_2000-ba1,ANI-22-0243,VER_2000,Insecta,,,,,1,larve,,,,,
Orchamp_LacVert,barber,1,VER_2000-ba1,ANI-22-0243,VER_2000,Insecta,Coleoptera,,,,1,,,,pas de tete,,
Orchamp_LacVert,barber,1,VER_2000-ba1,ANI-22-0243,VER_2000,Insecta,Coleoptera,,,,1,mue,,,pas sur,,
Orchamp_LacVert,barber,1,VER_2000-ba1,ANI-22-0243,VER_2000,Insecta,Coleoptera,Carabidae,,,4,,,,,,
Orchamp_LacVert,barber,1,VER_2000-ba1,ANI-22-0243,VER_2000,Insecta,Coleoptera,Geotrupidae,,,1,,,,,,
Orchamp_LacVert,barber,1,VER_2000-ba1,ANI-22-0243,VER_2000,Insecta,Coleoptera,Staphylinidae,,,6,,,,,,
Orchamp_LacVert,barber,1,VER_2000-ba1,ANI-22-0243,VER_2000,Insecta,Hemiptera,,,,3,,,,,,
Orchamp_LacVert,barber,1,VER_2000-ba1,ANI-22-0243,VER_2000,Insecta,Hymenoptera,,,,5,,,,apocrite,,
Orchamp_LacVert,barber,1,VER_2000-ba1,ANI-22-0243,VER_2000,Insecta,Hymenoptera,Formicidae,,,24,,,,,,
Orchamp_LacVert,barber,2,VER_2000-ba2,ANI-22-0244,VER_2000,,,,,,1,,,,,,
Orchamp_LacVert,barber,3,VER_2000-ba3,ANI-22-0245,VER_2000,Arachnida,Araneae,,,,1,,,,,,
Orchamp_LacVert,barber,3,VER_2000-ba3,ANI-22-0245,VER_2000,Insecta,Coleoptera,,,,1,,,,,,
Orchamp_LacVert,barber,3,VER_2000-ba3,ANI-22-0245,VER_2000,Insecta,Coleoptera,Staphylinidae,,,1,,,,,,
Orchamp_LacVert,barber,3,VER_2000-ba3,ANI-22-0245,VER_2000,Insecta,Homoptera,Cicadellidae,,,1,,,,,,
Orchamp_LacVert,barber,3,VER_2000-ba3,ANI-22-0245,VER_2000,Insecta,Hymenoptera,,,,1,,,,apocrite,,
Orchamp_LacVert,barber,3,VER_2000-ba3,ANI-22-0245,VER_2000,Insecta,Hymenoptera,Formicidae,,,253,,,,,,
Orchamp_LacVert,barber,3,VER_2000-ba3,ANI-22-0245,VER_2000,Insecta,Orthoptera,,,,1,,,,,,
Orchamp_LacVert,barber,4,VER_2000-ba4,ANI-22-0246,VER_2000,,,,,,1,,,,,,
Orchamp_LacVert,barber,5,VER_2000-ba5,ANI-22-0247,VER_2000,,,,,,1,,,,,,
Orchamp_LacVert,barber,6,VER_2000-ba6,ANI-22-0248,VER_2000,Arachnida,Araneae,,,,2,,,,,,
Orchamp_LacVert,barber,6,VER_2000-ba6,ANI-22-0248,VER_2000,Insecta,Coleoptera,,,,2,,,,,,
Orchamp_LacVert,barber,6,VER_2000-ba6,ANI-22-0248,VER_2000,Insecta,Coleoptera,Staphylinidae,,,3,,,,,,
Orchamp_LacVert,barber,6,VER_2000-ba6,ANI-22-0248,VER_2000,Insecta,Hemiptera,,,,2,,,,,,
Orchamp_LacVert,barber,6,VER_2000-ba6,ANI-22-0248,VER_2000,Insecta,Homoptera,,,,1,,,,,,
Orchamp_LacVert,barber,6,VER_2000-ba6,ANI-22-0248,VER_2000,Insecta,Homoptera,Cicadellidae,,,1,,,,,,
Orchamp_LacVert,barber,6,VER_2000-ba6,ANI-22-0248,VER_2000,Insecta,Hymenoptera,,,,3,,,,apocrite,,
Orchamp_LacVert,barber,6,VER_2000-ba6,ANI-22-0248,VER_2000,Insecta,Hymenoptera,Formicidae,,,5,,,,,,
Orchamp_LacVert,barber,6,VER_2000-ba6,ANI-22-0248,VER_2000,Insecta,Orthoptera,,,,2,,,,,,
Orchamp_LacVert,tri manuel,1,VER_2000-tm1,ANI-22-0250,VER_2000,Diplopoda,Julida,Julidae,,,1,,,,,,
Orchamp_LacVert,tri manuel,1,VER_2000-tm1,ANI-22-0250,VER_2000,Oligochaeta,Opistophora,Enchytraeidae,,,6,,,,,,
Orchamp_LacVert,tri manuel,1,VER_2000-tm1,ANI-22-0250,VER_2000,Oligochaeta,Opistophora,Lumbricidae,,,2,juv�nile,,hermaphrodite,,0,207
Orchamp_LacVert,tri manuel,3,VER_2000-tm3,ANI-22-0251,VER_2000,Diplopoda,Julida,Julidae,,,1,,,,,,
Orchamp_LacVert,tri manuel,3,VER_2000-tm3,ANI-22-0251,VER_2000,Oligochaeta,Opistophora,Enchytraeidae,,,4,,,,,,
Orchamp_LacVert,tri manuel,3,VER_2000-tm3,ANI-22-0251,VER_2000,Oligochaeta,Opistophora,Lumbricidae,,,1,adulte,entier,hermaphrodite,Orodrilus?,0,131
Orchamp_LacVert,tri manuel,3,VER_2000-tm3,ANI-22-0251,VER_2000,Oligochaeta,Opistophora,Lumbricidae,,,1,ind�termin�,morceau,hermaphrodite,,0,19
Orchamp_LacVert,tri manuel,3,VER_2000-tm3,ANI-22-0251,VER_2000,Oligochaeta,Opistophora,Lumbricidae,,,3,juv�nile,entier,hermaphrodite,,0,195
Orchamp_LacVert,tri manuel,4,VER_2000-tm4,ANI-22-0252,VER_2000,Diplopoda,Julida,Julidae,,,2,,,,,,
Orchamp_LacVert,tri manuel,4,VER_2000-tm4,ANI-22-0252,VER_2000,Oligochaeta,Opistophora,Lumbricidae,,,1,ind�termin�,morceau,hermaphrodite,,1,607
Orchamp_LacVert,tri manuel,6,VER_2000-tm6,ANI-22-0253,VER_2000,Diplopoda,Julida,Julidae,,,5,,,,,,
Orchamp_LacVert,tri manuel,6,VER_2000-tm6,ANI-22-0253,VER_2000,Insecta,Coleoptera,Elateridae,,,1,larve,,,,,
Orchamp_Ventoux,barber,1,VTN_1130-ba1,ANI-22-0254,VTN_1130,Insecta,Blattoptera,,Ectobius,,1,,,,,,
Orchamp_Ventoux,barber,1,VTN_1130-ba1,ANI-22-0254,VTN_1130,Insecta,Coleoptera,Chrysomelidae,,,1,adulte,,,,,
Orchamp_Ventoux,barber,1,VTN_1130-ba1,ANI-22-0254,VTN_1130,Insecta,Hymenoptera,Formicidae,,,1000,adulte,,,Formica ruf,,
Orchamp_Ventoux,barber,1,VTN_1130-ba1,ANI-22-0254,VTN_1130,Insecta,Hymenoptera,Formicidae,Camponotus,,1,larve,,,Coleoptere,,
Orchamp_Ventoux,barber,1,VTN_1130-ba1,ANI-22-0254,VTN_1130,Malacostracea,Isopoda,,,,1,,,,,,
Orchamp_Ventoux,barber,2,VTN_1130-ba2,ANI-22-0255,VTN_1130,Chilopoda,,,,,1,juv�nile,,,,,
Orchamp_Ventoux,barber,2,VTN_1130-ba2,ANI-22-0255,VTN_1130,Insecta,,,,,2,larve,,,,,
Orchamp_Ventoux,barber,2,VTN_1130-ba2,ANI-22-0255,VTN_1130,Insecta,Coleoptera,Carabidae,Abax,parallelus,1,adulte,,,abax parall ??,,
Orchamp_Ventoux,barber,2,VTN_1130-ba2,ANI-22-0255,VTN_1130,Insecta,Coleoptera,Carabidae,Carabus,,2,adulte,,,carabus nemoralis,,
Orchamp_Ventoux,barber,2,VTN_1130-ba2,ANI-22-0255,VTN_1130,Insecta,Hymenoptera,Formicidae,,,383,adulte,,femelle,fourmis,,
Orchamp_Ventoux,barber,2,VTN_1130-ba2,ANI-22-0255,VTN_1130,Insecta,Orthoptera,,,,1,adulte,,,criquet,,
Orchamp_Ventoux,barber,2,VTN_1130-ba2,ANI-22-0255,VTN_1130,Insecta,Orthoptera,,,,1,juv�nile,,,,,
Orchamp_Ventoux,barber,3,VTN_1130-ba3,ANI-22-0256,VTN_1130,Arachnida,Araneae,,,,3,,,,,,
Orchamp_Ventoux,barber,3,VTN_1130-ba3,ANI-22-0256,VTN_1130,Insecta,Coleoptera,,,,3,,,,lcp pour le stade?,,
Orchamp_Ventoux,barber,3,VTN_1130-ba3,ANI-22-0256,VTN_1130,Insecta,Coleoptera,Carabidae,Abax,parallelus,7,adulte,,,Abax parallel,,
Orchamp_Ventoux,barber,3,VTN_1130-ba3,ANI-22-0256,VTN_1130,Insecta,Coleoptera,Carabidae,Carabus,,1,adulte,,m�le,Carabus nemoralis,,
Orchamp_Ventoux,barber,3,VTN_1130-ba3,ANI-22-0256,VTN_1130,Insecta,Coleoptera,Staphylinidae,Philonthus,,1,adulte,,,philonthina,,
Orchamp_Ventoux,barber,3,VTN_1130-ba3,ANI-22-0256,VTN_1130,Insecta,Coleoptera,Staphylinidae,Quedius,,1,adulte,,,,,
Orchamp_Ventoux,barber,3,VTN_1130-ba3,ANI-22-0256,VTN_1130,Insecta,Coleoptera,Staphylinidae,Tasgius,,1,adulte,,,,,
Orchamp_Ventoux,barber,3,VTN_1130-ba3,ANI-22-0256,VTN_1130,Insecta,Hymenoptera,,,,2,adulte,,,Proctotrupidae (je ne trouve pas la famille sur access),,
Orchamp_Ventoux,barber,3,VTN_1130-ba3,ANI-22-0256,VTN_1130,Insecta,Hymenoptera,Diapriidae,,,1,adulte,,,pantoclis (idem je ne trouve pas),,
Orchamp_Ventoux,barber,3,VTN_1130-ba3,ANI-22-0256,VTN_1130,Insecta,Hymenoptera,Formicidae,,,1,adulte,,,crematogaster scutellaris,,
Orchamp_Ventoux,barber,3,VTN_1130-ba3,ANI-22-0256,VTN_1130,Insecta,Hymenoptera,Formicidae,,,1,adulte,,,formica sufa,,
Orchamp_Ventoux,barber,3,VTN_1130-ba3,ANI-22-0256,VTN_1130,Insecta,Hymenoptera,Formicidae,,,1,adulte,,,Temnothorax,,
Orchamp_Ventoux,barber,3,VTN_1130-ba3,ANI-22-0256,VTN_1130,Malacostracea,Isopoda,,,,1,,,,,,
Orchamp_Ventoux,barber,4,VTN_1130-ba4,ANI-22-0257,VTN_1130,Insecta,Coleoptera,Carabidae,,,2,adulte,,,,,
Orchamp_Ventoux,barber,4,VTN_1130-ba4,ANI-22-0257,VTN_1130,Insecta,Hymenoptera,,,,1,adulte,,,,,
Orchamp_Ventoux,barber,4,VTN_1130-ba4,ANI-22-0257,VTN_1130,Insecta,Hymenoptera,Formicidae,,,2,adulte,,,,,
Orchamp_Ventoux,barber,4,VTN_1130-ba4,ANI-22-0257,VTN_1130,Insecta,Orthoptera,,,,2,adulte,,,,,
Orchamp_Ventoux,barber,4,VTN_1130-ba4,ANI-22-0257,VTN_1130,Malacostracea,Isopoda,,,,1,adulte,,,,,
Orchamp_Ventoux,barber,5,VTN_1130-ba5,ANI-22-0258,VTN_1130,Arachnida,Araneae,,,,3,,,,,,
Orchamp_Ventoux,barber,5,VTN_1130-ba5,ANI-22-0258,VTN_1130,Arachnida,Opiliones,,,,1,,,,,,
Orchamp_Ventoux,barber,5,VTN_1130-ba5,ANI-22-0258,VTN_1130,Insecta,Coleoptera,,,,2,,,,lcp pour le stade ?,,
Orchamp_Ventoux,barber,5,VTN_1130-ba5,ANI-22-0258,VTN_1130,Insecta,Coleoptera,Carabidae,,,9,adulte,,,Abax parallelepipedus,,
Orchamp_Ventoux,barber,5,VTN_1130-ba5,ANI-22-0258,VTN_1130,Insecta,Coleoptera,Carabidae,Carabus,,1,adulte,,femelle,carabus nemoralis,,
Orchamp_Ventoux,barber,5,VTN_1130-ba5,ANI-22-0258,VTN_1130,Insecta,Coleoptera,Staphylinidae,,,2,,,,,,
Orchamp_Ventoux,barber,5,VTN_1130-ba5,ANI-22-0258,VTN_1130,Insecta,Hymenoptera,,,,2,,,,basalys,,
Orchamp_Ventoux,barber,5,VTN_1130-ba5,ANI-22-0258,VTN_1130,Insecta,Hymenoptera,Formicidae,,,5,,,,formica rufa,,
Orchamp_Ventoux,barber,5,VTN_1130-ba5,ANI-22-0258,VTN_1130,Insecta,Hymenoptera,Platygastridae,,,1,,,,,,
Orchamp_Ventoux,barber,5,VTN_1130-ba5,ANI-22-0258,VTN_1130,Insecta,Orthoptera,Gryllidae,,,9,,,,Nemobius sylvestris,,
Orchamp_Ventoux,barber,5,VTN_1130-ba5,ANI-22-0258,VTN_1130,Malacostracea,Isopoda,,,,2,,,,,,
Orchamp_Ventoux,barber,6,VTN_1130-ba6,ANI-22-0259,VTN_1130,Insecta,Coleoptera,Carabidae,,,2,adulte,,,,,
Orchamp_Ventoux,tri manuel qualitatif,,VTN_1130-Q,ANI-22-0260,VTN_1130,Oligochaeta,Opistophora,Lumbricidae,,,1,subadulte,morceau,hermaphrodite,probablement Lumbricus,0,704
Orchamp_Ventoux,tri manuel,1,VTN_1130-tm1,ANI-22-0261,VTN_1130,Insecta,Coleoptera,Elateridae,,,1,larve,,,,,
Orchamp_Ventoux,tri manuel,1,VTN_1130-tm1,ANI-22-0261,VTN_1130,Insecta,Homoptera,Cicadellidae,,,1,,,,,,
Orchamp_Ventoux,tri manuel,1,VTN_1130-tm1,ANI-22-0261,VTN_1130,Oligochaeta,Opistophora,Lumbricidae,,,1,juv�nile,entier,hermaphrodite,,0,280
Orchamp_Ventoux,tri manuel,4,VTN_1130-tm4,ANI-22-0263,VTN_1130,Chilopoda,Lithobiomorpha,Lithobiidae,Lithobius,,1,,,,,,
Orchamp_Ventoux,tri manuel,6,VTN_1130-tm6,ANI-22-0264,VTN_1130,Chilopoda,Geophilomorpha,,,,3,,,,,,
Orchamp_Ventoux,barber,1,VTN_1340-ba1,ANI-22-0265,VTN_1340,Insecta,Blattoptera,,,,1,,,,,,
Orchamp_Ventoux,barber,1,VTN_1340-ba1,ANI-22-0265,VTN_1340,Insecta,Hymenoptera,,,,1000,,,femelle,fourmis,,
Orchamp_Ventoux,barber,2,VTN_1340-ba2,ANI-22-0266,VTN_1340,Insecta,Hymenoptera,,,,1000,adulte,,femelle,fourmis,,
Orchamp_Ventoux,barber,3,VTN_1340-ba3,ANI-22-0267,VTN_1340,Diplopoda,,,,,1,adulte,,,,,
Orchamp_Ventoux,barber,3,VTN_1340-ba3,ANI-22-0267,VTN_1340,Insecta,Coleoptera,,,,3,adulte,,,,,
Orchamp_Ventoux,barber,3,VTN_1340-ba3,ANI-22-0267,VTN_1340,Insecta,Hymenoptera,,,,249,adulte,,femelle,fourmis,,
Orchamp_Ventoux,barber,4,VTN_1340-ba4,ANI-22-0268,VTN_1340,Insecta,Hymenoptera,,,,176,,,,fourmis,,
Orchamp_Ventoux,barber,5,VTN_1340-ba5,ANI-22-0269,VTN_1340,Insecta,Hymenoptera,Formicidae,,,304,adulte,,femelle,fourmis,,
Orchamp_Ventoux,barber,6,VTN_1340-ba6,ANI-22-0270,VTN_1340,,,,,,1,,,,,,
Orchamp_Ventoux,tri manuel qualitatif,,VTN_1340-Q,ANI-22-0271,VTN_1340,Oligochaeta,Opistophora,Lumbricidae,,,1,juv�nile,entier,hermaphrodite,,0,326
Orchamp_Ventoux,tri manuel,1,VTN_1340-tm1,ANI-22-0272,VTN_1340,Insecta,Diptera,,,,1,larve,,,,,
Orchamp_Ventoux,tri manuel,3,VTN_1340-tm3,ANI-22-0273,VTN_1340,Oligochaeta,Opistophora,Lumbricidae,,,1,juv�nile,entier,hermaphrodite,tr�s abim�,0,273
Orchamp_Ventoux,tri manuel,3,VTN_1340-tm3,ANI-22-0273,VTN_1340,Oligochaeta,Opistophora,Lumbricidae,Aporrectodea,rubra,1,subadulte,entier,hermaphrodite,,0,434
Orchamp_Ventoux,tri manuel,4,VTN_1340-tm4,ANI-22-0274,VTN_1340,Oligochaeta,Opistophora,Lumbricidae,Aporrectodea,rubra,1,subadulte,,hermaphrodite,,0,809
Orchamp_Ventoux,tri manuel,6,VTN_1340-tm6,ANI-22-0275,VTN_1340,Chilopoda,Geophilomorpha,,,,1,,,,,,
Orchamp_Ventoux,tri manuel,6,VTN_1340-tm6,ANI-22-0275,VTN_1340,Insecta,Coleoptera,Elateridae,,,1,larve,,,,,
Orchamp_Ventoux,tri manuel,6,VTN_1340-tm6,ANI-22-0275,VTN_1340,Insecta,Diptera,,,,1,larve,,,,,
Orchamp_Ventoux,tri manuel,6,VTN_1340-tm6,ANI-22-0275,VTN_1340,Insecta,Hymenoptera,Formicidae,,,2,adulte,,femelle,,,
Orchamp_Ventoux,barber,1,VTN_1510-ba1,ANI-22-0276,VTN_1510,,,,,,1,,,,,,
Orchamp_Ventoux,barber,2,VTN_1510-ba2,ANI-22-0277,VTN_1510,Arachnida,Araneae,,,,1,,,,,,
Orchamp_Ventoux,barber,2,VTN_1510-ba2,ANI-22-0277,VTN_1510,Arachnida,Araneae,,,,3,adulte,,,,,
Orchamp_Ventoux,barber,2,VTN_1510-ba2,ANI-22-0277,VTN_1510,Arachnida,Opiliones,,,,4,adulte,,,,,
Orchamp_Ventoux,barber,2,VTN_1510-ba2,ANI-22-0277,VTN_1510,Insecta,Hemiptera,,,,1,,,,,,
Orchamp_Ventoux,barber,2,VTN_1510-ba2,ANI-22-0277,VTN_1510,Malacostracea,Isopoda,,,,2,,,,,,
Orchamp_Ventoux,barber,3,VTN_1510-ba3,ANI-22-0278,VTN_1510,Insecta,Coleoptera,,,,1,,,,,,
Orchamp_Ventoux,barber,4,VTN_1510-ba4,ANI-22-0279,VTN_1510,Arachnida,Opiliones,,,,20,adulte,,,,,
Orchamp_Ventoux,barber,4,VTN_1510-ba4,ANI-22-0279,VTN_1510,Chilopoda,,,,,1,adulte,,,,,
Orchamp_Ventoux,barber,4,VTN_1510-ba4,ANI-22-0279,VTN_1510,Insecta,Coleoptera,,,,1,,,,,,
Orchamp_Ventoux,barber,4,VTN_1510-ba4,ANI-22-0279,VTN_1510,Insecta,Coleoptera,,,,4,,,,,,
Orchamp_Ventoux,barber,4,VTN_1510-ba4,ANI-22-0279,VTN_1510,Insecta,Coleoptera,Carabidae,,,9,adulte,,,,,
Orchamp_Ventoux,barber,4,VTN_1510-ba4,ANI-22-0279,VTN_1510,Insecta,Coleoptera,Staphylinidae,,,1,,,,,,
Orchamp_Ventoux,barber,4,VTN_1510-ba4,ANI-22-0279,VTN_1510,Insecta,Hemiptera,,,,1,juv�nile,,,,,
Orchamp_Ventoux,barber,4,VTN_1510-ba4,ANI-22-0279,VTN_1510,Insecta,Lepidoptera,,,,1,larve,,,,,
Orchamp_Ventoux,barber,4,VTN_1510-ba4,ANI-22-0279,VTN_1510,Malacostracea,Isopoda,,,,3,,,,,,
Orchamp_Ventoux,barber,5,VTN_1510-ba5,ANI-22-0280,VTN_1510,Arachnida,Opiliones,,,,2,adulte,,,,,
Orchamp_Ventoux,barber,5,VTN_1510-ba5,ANI-22-0280,VTN_1510,Insecta,Hemiptera,,,,1,adulte,,,,,
Orchamp_Ventoux,barber,5,VTN_1510-ba5,ANI-22-0280,VTN_1510,Malacostracea,Isopoda,,,,1,adulte,,,,,
Orchamp_Ventoux,barber,6,VTN_1510-ba6,ANI-22-0281,VTN_1510,Arachnida,Opiliones,,,,4,adulte,,,,,
Orchamp_Ventoux,barber,6,VTN_1510-ba6,ANI-22-0281,VTN_1510,Insecta,Coleoptera,,,,1,larve,,,,,
Orchamp_Ventoux,barber,6,VTN_1510-ba6,ANI-22-0281,VTN_1510,Insecta,Coleoptera,Carabidae,,,12,adulte,,,,,
Orchamp_Ventoux,barber,6,VTN_1510-ba6,ANI-22-0281,VTN_1510,Insecta,Coleoptera,Staphylinidae,,,1,juv�nile,,,,,
Orchamp_Ventoux,tri manuel qualitatif,,VTN_1510-Q,ANI-22-0282,VTN_1510,Oligochaeta,Opistophora,Lumbricidae,,,1,juv�nile,entier,hermaphrodite,,0,390
Orchamp_Ventoux,tri manuel qualitatif,,VTN_1510-Q,ANI-22-0282,VTN_1510,Oligochaeta,Opistophora,Lumbricidae,Octolasium,cyaneum,1,adulte,entier,hermaphrodite,,1,703
Orchamp_Ventoux,tri manuel qualitatif,,VTN_1510-Q,ANI-22-0282,VTN_1510,Oligochaeta,Opistophora,Lumbricidae,Octolasium,cyaneum,1,adulte,entier,hermaphrodite,,1,840
Orchamp_Ventoux,tri manuel,1,VTN_1510-tm1,ANI-22-0283,VTN_1510,Oligochaeta,Opistophora,Lumbricidae,,,1,ind�termin�,morceau,hermaphrodite,,0,388
Orchamp_Ventoux,tri manuel,1,VTN_1510-tm1,ANI-22-0283,VTN_1510,Oligochaeta,Opistophora,Lumbricidae,,,1,juv�nile,morceau,hermaphrodite,,0,94
Orchamp_Ventoux,tri manuel,4,VTN_1510-tm4,ANI-22-0285,VTN_1510,Malacostracea,Isopoda,Porcellionidae,,,1,,,,,,
Orchamp_Ventoux,tri manuel,4,VTN_1510-tm4,ANI-22-0285,VTN_1510,Oligochaeta,Opistophora,Lumbricidae,,,1,juv�nile,entier,hermaphrodite,,0,105
Orchamp_Ventoux,tri manuel,4,VTN_1510-tm4,ANI-22-0285,VTN_1510,Oligochaeta,Opistophora,Lumbricidae,,,1,juv�nile,morceau,hermaphrodite,,0,326
Orchamp_Ventoux,tri manuel,4,VTN_1510-tm4,ANI-22-0285,VTN_1510,Oligochaeta,Opistophora,Lumbricidae,Lumbricus,,1,juv�nile,entier,hermaphrodite,,1,764
Orchamp_Ventoux,tri manuel,6,VTN_1510-tm6,ANI-22-0286,VTN_1510,Gastropoda,Pulmonata,Oxychilidae,Oxychilus,,1,,,,,,
Orchamp_Ventoux,tri manuel,6,VTN_1510-tm6,ANI-22-0286,VTN_1510,Insecta,Coleoptera,Carabidae,Pterostichus,macer,1,adulte,,m�le,,0,7607
Orchamp_Ventoux,tri manuel,6,VTN_1510-tm6,ANI-22-0286,VTN_1510,Malacostracea,Isopoda,Porcellionidae,,,1,,,,,,
Orchamp_Ventoux,tri manuel,6,VTN_1510-tm6,ANI-22-0286,VTN_1510,Oligochaeta,Opistophora,Lumbricidae,,,2,juv�nile,entier,hermaphrodite,,0,380
Orchamp_Ventoux,barber,1,VTN_1675-ba1,ANI-22-0287,VTN_1675,Arachnida,Araneae,,,,1,adulte,,,,,
Orchamp_Ventoux,barber,1,VTN_1675-ba1,ANI-22-0287,VTN_1675,Diplopoda,,,,,5,adulte,,,,,
Orchamp_Ventoux,barber,1,VTN_1675-ba1,ANI-22-0287,VTN_1675,Insecta,Coleoptera,,,,17,adulte,,,,,
Orchamp_Ventoux,barber,1,VTN_1675-ba1,ANI-22-0287,VTN_1675,Insecta,Coleoptera,Carabidae,,,18,adulte,,,,,
Orchamp_Ventoux,barber,1,VTN_1675-ba1,ANI-22-0287,VTN_1675,Insecta,Hemiptera,,,,1,adulte,,,,,
Orchamp_Ventoux,barber,1,VTN_1675-ba1,ANI-22-0287,VTN_1675,Insecta,Hemiptera,,,,3,larve,,,,,
Orchamp_Ventoux,barber,1,VTN_1675-ba1,ANI-22-0287,VTN_1675,Insecta,Hymenoptera,,,,1,adulte,,,,,
Orchamp_Ventoux,barber,1,VTN_1675-ba1,ANI-22-0287,VTN_1675,Malacostracea,Isopoda,,,,1,adulte,,,,,
Orchamp_Ventoux,barber,1,VTN_1675-ba1,ANI-22-0287,VTN_1675,Oligochaeta,Opistophora,Lumbricidae,,,1,adulte,,,,,
Orchamp_Ventoux,barber,2,VTN_1675-ba2,ANI-22-0288,VTN_1675,Chilopoda,Lithobiomorpha,Lithobiidae,Lithobius,,1,adulte,,,,,
Orchamp_Ventoux,barber,2,VTN_1675-ba2,ANI-22-0288,VTN_1675,Diplopoda,,,,,3,adulte,,,,,
Orchamp_Ventoux,barber,2,VTN_1675-ba2,ANI-22-0288,VTN_1675,Insecta,Coleoptera,,,,9,adulte,,,,,
Orchamp_Ventoux,barber,2,VTN_1675-ba2,ANI-22-0288,VTN_1675,Insecta,Coleoptera,Carabidae,,,1,adulte,,,Cychrus ?,,
Orchamp_Ventoux,barber,2,VTN_1675-ba2,ANI-22-0288,VTN_1675,Insecta,Coleoptera,Carabidae,,,18,adulte,,,,,
Orchamp_Ventoux,barber,2,VTN_1675-ba2,ANI-22-0288,VTN_1675,Insecta,Hemiptera,,,,1,adulte,,,,,
Orchamp_Ventoux,barber,2,VTN_1675-ba2,ANI-22-0288,VTN_1675,Insecta,Hemiptera,,,,5,larve,,,,,
Orchamp_Ventoux,barber,2,VTN_1675-ba2,ANI-22-0288,VTN_1675,Insecta,Hemiptera,,,,6,adulte,,,,,
Orchamp_Ventoux,barber,2,VTN_1675-ba2,ANI-22-0288,VTN_1675,Malacostracea,Isopoda,,,,3,adulte,,,,,
Orchamp_Ventoux,barber,3,VTN_1675-ba3,ANI-22-0289,VTN_1675,Diplopoda,Glomerida,Glomeridae,Glomeris,,1,adulte,,,,,
Orchamp_Ventoux,barber,3,VTN_1675-ba3,ANI-22-0289,VTN_1675,Insecta,Coleoptera,,,,2,adulte,,,,,
Orchamp_Ventoux,barber,3,VTN_1675-ba3,ANI-22-0289,VTN_1675,Insecta,Coleoptera,,,,11,adulte,,,,,
Orchamp_Ventoux,barber,3,VTN_1675-ba3,ANI-22-0289,VTN_1675,Insecta,Hymenoptera,,,,1,adulte,,,,,
Orchamp_Ventoux,barber,3,VTN_1675-ba3,ANI-22-0289,VTN_1675,Malacostracea,Isopoda,,,,1,adulte,,,,,
Orchamp_Ventoux,barber,4,VTN_1675-ba4,ANI-22-0290,VTN_1675,,,,,,1,,,,,,
Orchamp_Ventoux,barber,5,VTN_1675-ba5,ANI-22-0291,VTN_1675,Arachnida,Araneae,,,,2,adulte,,,,,
Orchamp_Ventoux,barber,5,VTN_1675-ba5,ANI-22-0291,VTN_1675,Chilopoda,Lithobiomorpha,Lithobiidae,Lithobius,,2,adulte,,,,,
Orchamp_Ventoux,barber,5,VTN_1675-ba5,ANI-22-0291,VTN_1675,Diplopoda,,,,,2,adulte,,,,,
Orchamp_Ventoux,barber,5,VTN_1675-ba5,ANI-22-0291,VTN_1675,Insecta,Coleoptera,,,,1,adulte,,,,,
Orchamp_Ventoux,barber,5,VTN_1675-ba5,ANI-22-0291,VTN_1675,Insecta,Coleoptera,,,,10,adulte,,,,,
Orchamp_Ventoux,barber,5,VTN_1675-ba5,ANI-22-0291,VTN_1675,Insecta,Coleoptera,Staphylinidae,,,1,adulte,,,,,
Orchamp_Ventoux,barber,6,VTN_1675-ba6,ANI-22-0292,VTN_1675,Diplopoda,,,,,1,adulte,,,,,
Orchamp_Ventoux,barber,6,VTN_1675-ba6,ANI-22-0292,VTN_1675,Gastropoda,Pulmonata,,,,1,,,,,,
Orchamp_Ventoux,barber,6,VTN_1675-ba6,ANI-22-0292,VTN_1675,Insecta,Coleoptera,Carabidae,,,5,adulte,,,,,
Orchamp_Ventoux,barber,6,VTN_1675-ba6,ANI-22-0292,VTN_1675,Insecta,Hemiptera,,,,1,adulte,,,,,
Orchamp_Ventoux,barber,6,VTN_1675-ba6,ANI-22-0292,VTN_1675,Oligochaeta,Opistophora,Lumbricidae,,,1,juv�nile,,,,,
Orchamp_Ventoux,tri manuel,1,VTN_1675-tm1,ANI-22-0294,VTN_1675,Chilopoda,Geophilomorpha,,,,2,,,,dont 1 morceau,,
Orchamp_Ventoux,tri manuel,1,VTN_1675-tm1,ANI-22-0294,VTN_1675,Gastropoda,Pulmonata,,,,1,,,,,,
Orchamp_Ventoux,tri manuel,1,VTN_1675-tm1,ANI-22-0294,VTN_1675,Gastropoda,Pulmonata,Diplommatinidae,,,5,,,,,,
Orchamp_Ventoux,tri manuel,1,VTN_1675-tm1,ANI-22-0294,VTN_1675,Malacostracea,Isopoda,Porcellionidae,,,1,,,,,,
Orchamp_Ventoux,tri manuel,3,VTN_1675-tm3,ANI-22-0295,VTN_1675,Arachnida,Araneae,,,,1,juv�nile,,,,,
Orchamp_Ventoux,tri manuel,3,VTN_1675-tm3,ANI-22-0295,VTN_1675,Chilopoda,Lithobiomorpha,Lithobiidae,Lithobius,,1,,,,,,
Orchamp_Ventoux,tri manuel,3,VTN_1675-tm3,ANI-22-0295,VTN_1675,Oligochaeta,Opistophora,Lumbricidae,Aporrectodea,rubra,1,subadulte,entier,hermaphrodite,,0,405
Orchamp_Ventoux,tri manuel,4,VTN_1675-tm4,ANI-22-0296,VTN_1675,Arachnida,Araneae,,,,1,juv�nile,,,,,
Orchamp_Ventoux,tri manuel,4,VTN_1675-tm4,ANI-22-0296,VTN_1675,Chilopoda,Geophilomorpha,,,,2,,,,,,
Orchamp_Ventoux,tri manuel,4,VTN_1675-tm4,ANI-22-0296,VTN_1675,Gastropoda,Pulmonata,,,,3,,,,,,
Orchamp_Ventoux,tri manuel,4,VTN_1675-tm4,ANI-22-0296,VTN_1675,Gastropoda,Pulmonata,Clausiliidae,,,1,,,,,,
Orchamp_Ventoux,tri manuel,4,VTN_1675-tm4,ANI-22-0296,VTN_1675,Oligochaeta,Opistophora,Lumbricidae,,,4,ind�termin�,entier,hermaphrodite,,0,488
Orchamp_Ventoux,barber,1,VTN_1860-ba1,ANI-22-0298,VTN_1860,Arachnida,Araneae,,,,3,adulte,,,,,
Orchamp_Ventoux,barber,1,VTN_1860-ba1,ANI-22-0298,VTN_1860,Chilopoda,Lithobiomorpha,Lithobiidae,Lithobius,,1,,,,,,
Orchamp_Ventoux,barber,1,VTN_1860-ba1,ANI-22-0298,VTN_1860,Diplopoda,Glomerida,Glomeridae,Glomeris,,4,adulte,,,,,
Orchamp_Ventoux,barber,1,VTN_1860-ba1,ANI-22-0298,VTN_1860,Insecta,Coleoptera,Carabidae,,,1,adulte,,femelle,,,
Orchamp_Ventoux,barber,1,VTN_1860-ba1,ANI-22-0298,VTN_1860,Insecta,Coleoptera,Carabidae,,,1,adulte,,m�le,,,
Orchamp_Ventoux,barber,2,VTN_1860-ba2,ANI-22-0299,VTN_1860,Arachnida,Araneae,,,,3,adulte,,,,,
Orchamp_Ventoux,barber,2,VTN_1860-ba2,ANI-22-0299,VTN_1860,Chilopoda,Lithobiomorpha,Lithobiidae,Lithobius,,1,,,,,,
Orchamp_Ventoux,barber,2,VTN_1860-ba2,ANI-22-0299,VTN_1860,Insecta,Coleoptera,Carabidae,,,4,adulte,,,,,
Orchamp_Ventoux,barber,2,VTN_1860-ba2,ANI-22-0299,VTN_1860,Insecta,Homoptera,Cicadellidae,,,1,,,,,,
Orchamp_Ventoux,barber,2,VTN_1860-ba2,ANI-22-0299,VTN_1860,Malacostracea,Isopoda,,,,1,,,,,,
Orchamp_Ventoux,barber,3,VTN_1860-ba3,ANI-22-0300,VTN_1860,Insecta,Coleoptera,Carabidae,,,1,adulte,,m�le,,,
Orchamp_Ventoux,barber,3,VTN_1860-ba3,ANI-22-0300,VTN_1860,Insecta,Homoptera,Cicadellidae,,,1,,,,,,
Orchamp_Ventoux,barber,4,VTN_1860-ba4,ANI-22-0301,VTN_1860,Chilopoda,Lithobiomorpha,Lithobiidae,Lithobius,,3,adulte,,,,,
Orchamp_Ventoux,barber,4,VTN_1860-ba4,ANI-22-0301,VTN_1860,Diplopoda,Glomerida,Glomeridae,Glomeris,,6,adulte,,,,,
Orchamp_Ventoux,barber,4,VTN_1860-ba4,ANI-22-0301,VTN_1860,Gastropoda,Pulmonata,,,,1,,,,,,
Orchamp_Ventoux,barber,4,VTN_1860-ba4,ANI-22-0301,VTN_1860,Insecta,Hemiptera,,,,2,,,,,,
Orchamp_Ventoux,barber,4,VTN_1860-ba4,ANI-22-0301,VTN_1860,Malacostracea,Isopoda,,,,1,adulte,,,,,
Orchamp_Ventoux,barber,5,VTN_1860-ba5,ANI-22-0302,VTN_1860,Arachnida,Araneae,,,,2,,,,,,
Orchamp_Ventoux,barber,5,VTN_1860-ba5,ANI-22-0302,VTN_1860,Chilopoda,Lithobiomorpha,Lithobiidae,Lithobius,,1,,,,,,
Orchamp_Ventoux,barber,5,VTN_1860-ba5,ANI-22-0302,VTN_1860,Diplopoda,Glomerida,Glomeridae,Glomeris,,1,,,,,,
Orchamp_Ventoux,barber,5,VTN_1860-ba5,ANI-22-0302,VTN_1860,Insecta,Homoptera,Cicadellidae,,,1,,,,,,
Orchamp_Ventoux,barber,5,VTN_1860-ba5,ANI-22-0302,VTN_1860,Malacostracea,Isopoda,,,,1,,,,,,
Orchamp_Ventoux,barber,6,VTN_1860-ba6,ANI-22-0303,VTN_1860,Arachnida,Araneae,,,,1,,,,,,
Orchamp_Ventoux,barber,6,VTN_1860-ba6,ANI-22-0303,VTN_1860,Chilopoda,Lithobiomorpha,Lithobiidae,Lithobius,,2,,,,,,
Orchamp_Ventoux,barber,6,VTN_1860-ba6,ANI-22-0303,VTN_1860,Gastropoda,Pulmonata,Arionidae,Arion,,1,,,,,,
Orchamp_Ventoux,barber,6,VTN_1860-ba6,ANI-22-0303,VTN_1860,Malacostracea,Isopoda,,,,1,,,,,,
Orchamp_Ventoux,tri manuel,4,VTN_1860-tm4,ANI-22-0307,VTN_1860,Gastropoda,Pulmonata,,,,1,,,,,,
