Name in Drilobase 2019;Sub-species in Bouch‚ 1972;Variety in Bouch‚ 1972;Male_pore;Female_pore;Clitellum_start;Clitellum_end;Puberculum_start;Puberculum_end;Heart_type;Heart_start;Heart_end;Morren_gland_start;Morren_gland_end;Morren_gland_diverticules;Crop_start;Crop_end;Ovisac;Oesophagian_gizzard_start;Oesophagian_gizzard_end;Typhlosole_start;Typhlosole_type;Min_length;Max_length;Min_diameter;Max_diameter;Min_weight;Max_weight;Shape;Flattening;Epithelium flexibility;Pigmentation;Body wall;Muscle structure of body wall;Nephridia
Microscolex dubius (Fletcher, 1887);;;17;14;13;17;absent;absent;moniliforme;10;12;absent;absent;absent;absent;absent;absent;absent;absent;absent;;35;70;2;2,5;200;400;cylindrique;aucun;souple;blanc-rosƒtre;‚paisse;longitudinale ‚l‚mentaire;holon‚phridies
Microscolex phosphoreus (Duges, 1837);;;17;14;13;17;absent;absent;moniliforme;10;12;absent;absent;absent;absent;absent;absent;5;5;nd;;10;18;1;1,5;20;20;cylindrique;aucun;souple;aucune;moyenne;longitudinale ‚l‚mentaire;holon‚phridies
Ailoscolex lacteospumosus Bouche, 1969;;;22;14;14;23;22;24;moniliforme;6;11;absent;absent;absent;absent;absent;well developed;6-7;8-9;17;plusieurs lames;30;50;3;9;350;550;cylindrique;aucun;souple;rosƒtre;faible;longitudinale ‚l‚mentaire;holon‚phridies
Diporodrilus omodeoi Bouche, 1970;;;15;14;21;32;27;31;moniliforme;6;11;11;14;absent;14;16;well developed;17;18;23;massif;30;50;1,5;2,5;140;180;cylindrique;aucun;souple;rose-blanchƒtre;mince;longitudinale ‚l‚mentaire;ent‚riformes lin‚aires
Diporodrilus pilosus (Bouche, 1970);;;15;14;23;33;27;32;moniliforme;7;11;10;15;absent;16;17;well developed;19;20;22;massif et micropenn‚;140;175;5;8;2000;4000;cylindrique;aucun;souple;rose-blanchƒtre;moyenne;longitudinale radiaire;ent‚riformes
Haplotaxis gordioides (Hartmann, 1821);;;"11; 12";"12/13;13/14";9;28;absent;absent;nd;nd;;absent;absent;absent;absent;absent;present;4;6;nd;;180;400;0,3;2;80;210;cylindrique;aucun;rigide;rosƒtre;moyenne;;
Hemigastrodrilus monicae Bouche, 1970;;;15;14;13;21;15;20;moniliforme;10;11;10;14;absent;absent;absent;present;6;8;16;7-8 lamelles;40;100;4;6;610;1815;cylindrique;aucun;souple;rose-blanchƒtre;mince;longitudinale ‚l‚mentaire;ent‚riformes
Hormogaster praetiosa (Michaelsen, 1899);;;15;14;15;29;23;28;moniliforme;6;11;absent;absent;absent;absent;absent;present;6;9;19;12 … 18 lamelles;240;380;8;13;6100;15000;quadrangulaire;clitellien;souple;br–natre;‚paisse;longitudinale radiaire;massives
Hormogaster redii insularis Bouche, 1970;insularis;;"15;16";14;13;25;15;29;moniliforme;5;11;absent;absent;absent;absent;absent;weakly developed;6;8;26;10 lamelles;300;350;10;12;8000;14000;cylindrique;clitellien faible;souple;grisƒtre;mince;longitudinale interm‚diaire;ent‚riformes
Hormogaster samnitica lirapora (Bouche, 1970);lirapora;;"15;16";"14;15";13;23;absent;absent;moniliforme;6;11;absent;absent;absent;absent;absent;present;6;8;24;7-8 lamelles;100;150;7;8;3000;3800;cylindrique;clitellien et caudal;souple;rosƒtre;‚paisse;longitudinale interm‚diaire;holon‚phridies
Vignysa teres (Duges, 1828);;;15;14;14;25;21;24;moniliforme;6;11;absent;absent;absent;absent;absent;weakly developed;6;7;19;5 lamelles;170;200;3;5,5;1400;2000;cylindrique;clitellien;souple;rosƒtre;moyenne;longitudinale pavimenteux;ent‚riformes
Allolobophora bartolii bartolii (Bouche, 1970);bartoli;;15;14;34;43;36;41;moniliforme;6;11;10;14;bilobated in 10;15;16;present;17;18;22;4 lames;60;120;4;7;1020;1410;cylindrique;clitellien;souple;brun-jaunƒtre;moyenne;longitudinale radiaire;ent‚riformes
Allolobophora bartolii meougensis (Bouche, 1970);meougensis;;15;14;31;44;34;41;moniliforme;6;11;10;14;bilobated in 10;15;16;present;17;18;22;4 lames;60;120;4;7;1020;1410;cylindrique;clitellien;souple;brun-jaunƒtre;moyenne;longitudinale radiaire;ent‚riformes
Allolobophora burgondiae Bouche, 1972;burgondiae;;15;14;28;38;31;37;moniliforme;6;11;10;14;bilobated in 10;15;16;well developed;17;18;19;bifide (2 lamelles);75;80;3;5;700;980;cylindrique;clitellien;souple;rosƒtre;‚paisse;longitudinale radiaire;ent‚riformes
Allolobophora chaetophora (Bouche, 1972);chaetophora;;15;14;27;36;26;36;moniliforme;4;11;10;11;absent;15;16;present;17;18;22;bifide;170;190;3;5;1600;2000;cylindrique;ventral;souple;brun;moyenne;longitudinale ‚l‚mentaire;ent‚riformes
Allolobophora chlorotica chlorotica (Savigny, 1826);chlorotica;chlorotype;15;14;29;37;30;36;moniliforme;6;11;10;14;bilobated in 10;15;16;well developed;17;18;20;bifide (2 lamelles);50;80;3;7;500;700;cylindrique;clitellien faible;souple;vert;moyenne;longitudinale radiaire;ent‚riformes
Allolobophora chlorotica chlorotica (Savigny, 1826);chlorotica;ind‚termin‚e;15;14;29;37;30;36;moniliforme;6;11;10;14;bilobated in 10;15;16;well developed;17;18;20;bifide (2 lamelles);50;80;3;7;500;700;cylindrique;clitellien faible;souple;vert;moyenne;longitudinale radiaire;ent‚riformes
Allolobophora chlorotica chlorotica (Savigny, 1826);chlorotica;leucotype;15;14;29;37;30;36;moniliforme;6;11;10;14;bilobated in 10;15;16;well developed;17;18;20;bifide (2 lamelles);50;80;3;7;500;700;cylindrique;clitellien faible;souple;vert;moyenne;longitudinale radiaire;ent‚riformes
Allolobophora chlorotica chlorotica (Savigny, 1826);waldensis;;15;14;29;37;30;36;moniliforme;6;11;10;14;bilobated in 10;15;16;well developed;17;18;20;bifide (2 lamelles);50;80;3;7;500;700;cylindrique;clitellien faible;souple;vert;moyenne;longitudinale interm‚diaire;ent‚riformes
Allolobophora chlorotica postepheba Bouche, 1972;postepheba;leucotype;15;14;30;38;31;36;moniliforme;6;11;10;14;bilobated in 10;15;16;well developed;17;18;20;bifide (2 lamelles);50;80;3;7;500;700;cylindrique;clitellien faible;souple;vert;moyenne;longitudinale radiaire;ent‚riformes
Allolobophora chlorotica postepheba Bouche, 1973;postepheba;inter;15;14;30;38;31;36;moniliforme;6;11;10;14;bilobated in 10;15;16;well developed;17;18;20;bifide (2 lamelles);50;80;3;7;500;700;cylindrique;clitellien faible;souple;vert;moyenne;longitudinale radiaire;ent‚riformes
Allolobophora chlorotica postepheba Bouche, 1974;postepheba;chlorotype;15;14;30;38;31;36;moniliforme;6;11;10;14;bilobated in 10;15;16;well developed;17;18;20;bifide (2 lamelles);50;80;3;7;500;700;cylindrique;clitellien faible;souple;vert;moyenne;longitudinale radiaire;ent‚riformes
Allolobophora moravica Pizl & Houskova, 1993;depressa;;15;14;25;30;25;30;moniliforme;7;11;11;14;absent;15;16;present;17;18;19;penn‚;95;190;6;9;2700;3500;cylindriqure;caudal;rigide;gris-verdƒtre;‚paisse;longitudinale penn‚;ent‚riformes
Allolobophora satchelli Bouche, 1972;;;15;14;23;33;30;32;moniliforme;6;11;10;14;bilobated in 10;15;16;well developed;17;18;17;deux grandes bandes lat‚rales et deux petites m‚dianes;40;50;2;3,5;300;460;cylindrique;aucun;souple;aucune;moyenne;longitudinale ‚l‚mentaire;
Allolobophora zicsii Bouche, 1972;;;15;14;26;34;27;33;moniliforme;6;11;10;14;lobated in 10;15;16;well developed;17;18;20;penn‚;70;90;1,5;2,5;320;360;cylindrique;clitellien;souple;rosƒtre;moyenne;longitudinale ‚l‚mentaire;ent‚riformes
Aporrectodea arverna (Bouche, 1969);;;15;14;26;34;31;33;moniliforme;6;11;10;14;bilobated, reduced in 10;15;16;present;17;18;22;penn‚;80;100;5;6;900;1350;subtrap‚zo‹dale;caudale en fer de lance;rigide;rouge pourpre;moyenne;longitudinale penn‚;ent‚riformes
Aporrectodea balisa (Bouche, 1972);;;15;14;27;35;30;34;moniliforme;6;11;10;14;bilobated in 10;15;16;weakly developed;17;19;24;penn‚;270;350;7;9;8000;12000;subtrap‚zo‹dale;caudal;rigide;iris‚ brun;moyenne;longitudinale penn‚;ent‚riformes
Aporrectodea caliginosa alternisetosus (Bouche, 1972) ;alternisetosus;;15;14;27;35;31;33;moniliforme;6;11;10;14;bilobated in 10;15;16;present;17;18;21;bifide;120;160;7;9;500;1800;cylindrique;caudal;souple;aucune;‚paisse;longitudinale penn‚;ent‚riformes
Aporrectodea caliginosa caliginosa (Savigny, 1826);caliginosus;;15;14;27;34;31;33;moniliforme;6;11;10;14;bilobated in 10;15;16;present;17;18;21;bifide;60;80;3,5;4,5;180;840;cylindrique;caudal;souple;aucune;faible;longitudinale penn‚;ent‚riformes
Aporrectodea caliginosa caliginosa (Savigny, 1826);cistercianus;;15;14;28;34;31;33;moniliforme;6;11;10;14;;;;;17;18;19;penn‚ ou 2, 3, 5 lamelles;90;180;4;5;1950;2650;subtrap‚zo‹dale;caudal;rigide;iris‚ brun-noir;mince;longitudinale penn‚;ent‚riformes
Aporrectodea caliginosa caliginosa (Savigny, 1826);nocturnus;;15;14;28;34;31;33;moniliforme;6;11;10;14;bilobated in 10;15;16;present;17;18;19;penn‚ ou 2, 3, 5 lamelles;90;180;4;5;1950;2650;subtrap‚zo‹dale;caudal;rigide;iris‚ brun-noir;mince;longitudinale penn‚;ent‚riformes
Aporrectodea caliginosa meridionalis (Bouche, 1972);meridionalis;;15;14;27;34;31;33;moniliforme;6;11;10;14;bilobated in 10;15;16;present;17;18;22;penn‚;85;110;2,5;4;310;950;subtrap‚zo‹dale;caudal;rigide;iris‚ brun fonc‚;moyenne;longitudinale penn‚;ent‚riformes
Aporrectodea cupulifera (Tetry, 1937);;;15;14;26;32;27;31;moniliforme;6;11;10;13;lobated in 10;14;15;weakly developed;16;17;18;penn‚;35;50;2;2,5;220;250;cylindrique;caudal;souple;rose-grisƒtre;moyenne;longitudinale radiaire;ent‚riformes
Aporrectodea georgii (Michaelsen, 1890);;;15;14;29;35;29;33;moniliforme;6;11;10;13;bilobated in 10;14;15;present;16;17;20;penn‚;35;55;1,5;2,5;150;280;cylindrique;caudal;souple;rose-grisƒtre;moyenne;longitudinale interm‚diaire;ent‚riformes
Aporrectodea giardi (Ribaucourt, 1901);terrestris;;15;14;27;35;32;34;moniliforme;6;11;10;14;bilobated in 10;15;16;present;17;18;22;bifide;150;250;5;7;1520;3150;subtrap‚zo‹dale;clitellien et caudal;rigide;iris‚ brun-noir;‚paisse;longitudinale penn‚;ent‚riformes
Aporrectodea giardi (Ribaucourt, 1901);terrestris;eduensis;15;14;27;36;32;34;moniliforme;6;11;10;14;;;;;17;18;22;bifide;150;250;5;7;1520;3150;subtrap‚zo‹dale;clitellien et caudal;rigide;iris‚ brun-noir;‚paisse;longitudinale penn‚;ent‚riformes
Aporrectodea giardi (Ribaucourt, 1901);terrestris;lemovicus;15;14;28;36;32;34;moniliforme;6;11;10;14;;;;;17;18;22;2 … 3 lamelles;150;250;5;7;1520;3150;subtrap‚zo‹dale;clitellien et caudal;rigide;iris‚ brun-noir;‚paisse;longitudinale penn‚;ent‚riformes
Aporrectodea giardi voconcus (Bouche, 1972) ??;voconcus;;15;14;26;36;32;34;moniliforme;6;11;10;14;bilobated in 10;15;16;present;17;18;22;bifide;150;250;5;7;1520;3150;subtrap‚zo‹dale;clitellien et caudal;rigide;brun;‚paisse/moyenne;longitudinale penn‚;ent‚riformes
Aporrectodea gogna (Bouche, 1972);;;15;14;24;37;31;35;moniliforme;6;11;10;14;bilobated in 10;15;16;present;17;19;23;penn‚;320;380;7;10;7200;8800;subtrap‚zo‹dale;caudal;rigide;iris‚ brun fonc‚;moyenne;longitudinale penn‚;ent‚riformes
Aporrectodea icterica (Savigny, 1826);icterica;;15;14;34;43;36;42;moniliforme;6;11;10;13;bilobated in 10;15;16;well developed;16;18;19;qq lamelles;70;90;3;4;700;1200;cylindrique;aucun;souple;rosƒtre;moyenne;longitudinale interm‚diaire;ent‚riformes
Aporrectodea longa longa (Ude 1885);longus;ambiguus;15;14;28;35;32;34;moniliforme;6;11;10;14;bilobated in 10;15;16;present;17;18;19;penn‚;130;170;5,5;8;1200;3800;subtrap‚zo‹dale;clitellien et caudal;rigide;iris‚ gris-noirƒtre;moyenne;longitudinale penn‚;ent‚riformes
Aporrectodea longa longa (Ude 1885);longus;amplisellus;15;14;28;35;32;34;moniliforme;6;11;10;14;bilobated in 10;15;16;present;17;18;19;penn‚;130;170;5,5;8;1200;3800;subtrap‚zo‹dale;clitellien et caudal;rigide;iris‚ gris-noirƒtre;moyenne;longitudinale penn‚;ent‚riformes
Aporrectodea longa longa (Ude 1885);ripicola;;15;14;28;35;32;34;moniliforme;6;11;10;14;bilobated in 10;15;16;present;17;18;19;reduit;130;170;5,5;8;1200;3800;subtrap‚zo‹dale;clitellien et caudal;rigide;iris‚ gris-noirƒtre;moyenne;longitudinale penn‚;ent‚riformes
Aporrectodea longa longa (Ude 1885);ripicola;viridis;15;14;28;35;32;34;moniliforme;6;11;10;14;bilobated in 10;15;16;present;17;18;19;penn‚;130;170;5,5;8;1200;3800;subtrap‚zo‹dale;clitellien et caudal;rigide;vert;moyenne;longitudinale penn‚;ent‚riformes
Aporrectodea longa longa (Ude, 1885);longus;;15;14;28;35;32;34;moniliforme;6;11;10;14;bilobated in 10;15;16;present;17;18;19;penn‚;130;170;5,5;8;1200;3800;subtrap‚zo‹dale;clitellien et caudal;rigide;iris‚ gris-noirƒtre;moyenne;longitudinale penn‚;ent‚riformes
Aporrectodea rosea (Savigny, 1826);rosea;;15;14;26;31;29;30;moniliforme;6;11;10;14;bilobated in 10;15;16;present;17;18;21;bifide;40;70;2;3,5;150;280;cylindrique;clitellien;souple;rosƒtre;moyenne;longitudinale penn‚;ent‚riformes
Aporrectodea rubra (Vedovini, 1969);acidicola;;15;14;25;32;27;31;moniliforme;6;11;10;14;bilobated, reduced in 10;15;16;well developed;17;18;22;penn‚;80;100;3,5;5;750;1200;cylindrique;aucun;souple;rouge vineux;mince;longitudinale interm‚diaire;ent‚riformes
Aporrectodea rubra (Vedovini, 1969);rubicundus;;15;14;25;32;27;30;moniliforme;7;11;10;14;bilobated, reduced in 10;15;16;well developed;17;18;21;penn‚;80;100;3;5;600;1250;cylindrique;caudal;souple;rouge pourpre;moyenne;longitudinale radiaire;ent‚riformes
Aporrectodea tiginosa Bouche, 1972;;;15;14;21;36;27;29;moniliforme;6;11;absente;absente;absent;15;16;well developed;18;18;24;bifide plus ou moins penn‚;50;75;1,5;2,5;215;295;cylindrique;clitellien;souple;rose;mince;longitudinale ‚l‚mentaire;ent‚riformes
Aporrectodea velox (Bouche, 1967);;;15;14;25;36;30;34;moniliforme;6;11;10;14;rudimentary in 10;15;16;well developed;17;19;23;penn‚;400;570;4,5;7;9750;9750;cylindrique;caudal;rigide;iris‚ brun-noir;‚paisse;longitudinale interm‚diaire;ent‚riformes
Avelona ligra (Bouche, 1969);;;15;14;29;36;32;35;moniliforme;6;11;10;14;bilobated in 10;15;16;present;17;18;22;bifide - penn‚;40;80;5;7;120;195;cylindrique;auncun;souple;bleuƒtre;moyenne;longitudinale ‚l‚mentaire;ent‚riformes
Bimastos eiseni (Levinsen, 1884);;;15;14;24;32;absent;absent;moniliforme;7;11;11;14;absent;14;16;present;17;18;21;massif;45;60;2;3;180;270;cylindrique;aucun;souple;rouge violac‚;‚paisse;longitudinale penn‚;ent‚riformes
Cataladrilus (Cataladrilus) catalaunensis (Bouche, 1972);catalaunensis;;15;14;24;36;34;37;moniliforme;6;11;10;14;bilobated in 10;15;16;present;17;18;20;bifide;80;110;3;4;5100;7400;cylindrique;clitellien et caudal;souple;;‚paisse;longitudinale pavimenteux;ent‚riformes
Dendrobaena alpina zeugochaeta (Bouche, 1972);zeugochaeta;;15;14;28;33;30;32;moniliforme;6;11;11;14;absent;15;16;well developed;17;18;28;nd;55;75;1,2;2,5;160;220;cylindrique;aucun;rigide;iris‚ rouge violac‚;moyenne;longitudinale penn‚;ent‚riformes
Dendrobaena attemsi (Michaelsen, 1902);;;15;14;29;34;30;32;moniliforme;7;11;10;14;absent;15;16;present;17;18;20;massif;40;70;0,8;1,4;50;55;cylindrique;clitellien et caudal;souple;rose;moyenne;longitudinale penn‚;ent‚riformes
Dendrobaena byblica (Rosa, 1893) (a);byblica;;15;14;25;30;26;29;moniliforme;6;11;11;14;absent;15;16;present;17;18;25;nd;20;55;2;2,5;135;275;cylindrique;aucun;rigide;rouge vineux;moyenne;longitudinale penn‚;ent‚riformes et multilob‚es
Dendrobaena byblica byblica (Rosa, 1893);;;15;14;25;30;27;28;moniliforme;6;11;11;14;absent;15;16;present;17;18;26;reduit;35;45;2;2,5;170;190;cylindrique/quadrangulaire;aucun;souple;gris-verdƒtre;‚paisse;longitudinale penn‚;ent‚riformes
Dendrobaena octaedra (Savigny, 1826);;;15;14;29;34;31;33;moniliforme;7;11;10;14;absent;15;16;present;17;18;20;massif et … villosit‚;30;60;1;2,5;80;100;cylindrique;clitellien;rigide;iris‚ rouge violac‚;moyenne;longitudinale penn‚;ent‚riformes
Dendrobaena pantaleonis balagnensis (Bouche, 1972);balagnensis;;15;14;24;29;25;27;moniliforme;7;11;10;14;absent;15;16;well developed;17;18;26;massif;25;45;2;2,5;200;200;cylindrique;aucun;souple;rouge-rosƒtre;moyenne;longitudinale penn‚;ent‚riformes
Dendrobaena pygmaea (Friend, 1923);cognetti;;15;14;33;37;absent;absent;moniliforme;7;11;10;13;absent;15;16;present;17;18;23;massif;20;35;0,8;1,2;30;50;cylindrique;aucun;souple;rouge violac‚;moyenne;longitudinale penn‚;ent‚riformes
Dendrodrilus rubidus rubidus (Savigny, 1826);rubida;;15;14;27;31;29;30;moniliforme;6;11;10;14;bilobated in 10;15;16;present;17;17;22;massif;35;60;3;4;130;200;cylindrique;aucun;rigide;rouge;mince;longitudinale penn‚;ent‚riformes
Dendrodrilus rubidus rubidus (Savigny, 1826);tenuis;;15;14;27;31;29;30;moniliforme;6;11;10;14;bilobated in 10;15;16;present;17;17;22;massif;35;60;3;4;130;200;cylindrique;aucun;rigide;rouge;‚paisse;longitudinale penn‚;
Dendrodrilus rubidus subrubicundus (Eisen, 1874);;;15;14;26;31;28;30;moniliforme;6;11;10;14;lobated in 10;15;16;present;17;17;22;massif;50;90;;;200;300;cylindrique;aucun;rigide;rouge ros‚;‚paisse;longitudinale penn‚;
Dendrodrilus rubidus subrubicundus (Eisen, 1874);rivulicola;;15;14;26;31;28;30;moniliforme;6;11;10;14;atrophiated;15;16;present;17;17;22;massif;50;90;;;200;300;cylindrique;aucun;rigide;rouge ros‚;‚paisse;longitudinale penn‚;
Eisenia fetida andrei Bouche, 1972;fetida;;15;14;26;32;28;30;moniliforme;7;11;10;13;absent;15;16;weakly developed;17;18;21;massif;50;120;2;4;200;600;cylindrique;clitellien et caudal;souple;rouge violac‚;‚paisse;longitudinale penn‚;ent‚riforme
Eisenia fetida fetida: Bouche, 1972;andrei;;15;14;26;32;28;30;moniliforme;7;11;10;13;absent;15;16;weakly developed;17;18;21;massif;50;90;;;;;cylindrique;clitellien et caudal;souple;rouge vineux;‚paisse;longitudinale penn‚;ent‚riformes
Eiseniella tetraedra (Savigny, 1826);;;13;14;23;26;23;25;moniliforme;7;11;10;14;bilobated in 10;absent;absent;present;17;17;21;massif;30;60;1,5;3,5;85;150;quadrangulaire;aucun;rigide;brun-vert;moyenne;longitudinale penn‚;ent‚riformes
Ethnodrilus aveli Bouche, 1972;;;15;14;22;31;30;31;v‚sicule simple;9;11;12;13;absent;15;16;present;17;18;20;bifide (2 lamelles);60;80;2;3;260;290;cylindrique;clitellien;souple;aucune;moyenne;longitudinale penn‚;ent‚riformes
Ethnodrilus gatesi Bouche, 1972;;;15;14;21;30;28;29;moniliforme;8;11;11;14;absent;15;16;present;17;18;21;r‚duit, en lamelles;70;70;2;2,2;350;350;ovale;ventral;souple;aucune;;;ent‚riformes
Ethnodrilus lydiae Bouche, 1972;;;15;14;21;31;28;30;moniliforme;6;11;10;15;absent;15;16;present;17;18;20;bifide (2 lamelles);70;110;3;3,5;320;610;cylindrique;aucun;souple;aucune;‚paisse;longitudinale pavimenteux;ent‚riformes
Ethnodrilus zajonci Bouche, 1972;;;15;14;21;30;23;27;moniliforme;7;11;11;13;absent;15;16;present;17;18;d‚butant graduellement;bifide (2 lamelles);50;70;3;4;400;500;cylindrique;aucun;souple;aucune;moyenne;longitudinale radiaire;
Eumenescolex pereli (Bouche, 1972);;;15;14;23;30;26;29;moniliforme;6;11;9;14;bilobated in 10;15;16;weakly developed;17;18;23;penn‚;40;80;2,5;5;440;720;cylindrique;aucun;souple;bleuƒtre;moyenne;longitudinale penn‚;ent‚riformes
Helodrilus oculatus (Hoffmeister, 1845);oculata;;15;14;22;32;29;30;moniliforme;7;11;11;12;absent;15;15;present;16;18;absent;rudimentaire;35;70;1,3;2;130;180;cylindrique;clitellien;souple;tƒches noirƒtres;‚paisse;longitudinale pavimenteux;ent‚riformes
Helodrilus segalensis (Bouche, 1972);;;15;14;24;33;27;31;moniliforme;5;11;10;13;bilobated in 10;14;16;weakly developed;16;18;24;penn‚;90;130;4;5;1200;1900;cylindrique;auncun;souple;brunƒtre / taches noirs;‚paisse;longitudinale interm‚diaire;ent‚riformes
Helodrilus tebrus (Bouche, 1972);putricola;;15;14;23;30;24;28;simples puis moniliforme;6;11;10;13;absent;14;15;well developed;16;18;24;massif;100;140;2,5;3;800;1300;cylindrique;caudal;souple;rose-rougeƒtre;‚paisse;longitudinale interm‚diaire;ent‚riformes
Helodrilus tebrus (Bouche, 1972);tebra;;15;14;23;30;24;28;simples puis moniliforme;6;11;10;14;absent;14;15;well developed;17;18;24;massif;80;120;1,5;2;;;cylindrique;caudal;souple;rose-rougeƒtre;‚paisse;longitudinale interm‚diaire;ent‚riformes
Kritodrilus calarensis (Tetry, 1944);;;15;14;28;35;32;35;moniliforme;6;11;11;14;absent;15;17;weakly developed;18;19;18;9 lamelles;50;70;4;6;360;490;cylindrique;aucun;souple;blanc-rosƒtre;moyenne;longitudinale ‚l‚mentaire;ent‚riformes
Lumbricus castaneus (Savigny, 1826);disjonctus;;15;14;28;33;29;32;moniliforme;7;11;10;14;bilobated in 10, 11 & 12;15;16;present;16;17;20;penn‚;35;60;2;2,5;140;350;cylindrique;caudal;souple;rouge vineux;moyenne;longitudinale penn‚;ent‚riformes
Lumbricus castaneus disjonctus;;;15;14;28;33;29;32;moniliforme;7;11;10;14;bilobated in 10, 11 & 12;15;16;present;16;17;20;penn‚;35;60;2;2,5;140;350;cylindrique;caudal;souple;rouge vineux;moyenne;longitudinale penn‚;ent‚riformes
Lumbricus centralis Bouche, 1972;;;15;14;33;38;34;37;moniliforme;7;11;10;14;bilobated in 10, 11 & 12;14;16;present;17;18;22;penn‚;130;250;7;9;5000;15000;cylindrique;clitellien et caudal en fer de lance;rigide;rouge pourpre;moyenne;longitudinale penn‚;ent‚riformes
Lumbricus festivus (Savigny, 1826);;;15;14;34;39;35;38;moniliforme;7;11;10;14;bilobated in 10, 11 & 12;14;16;present;17;18;22;penn‚;65;95;4;5;750;1200;cylindrique;clitellien et caudal en fer de lance;rigide;rouge pourpre;moyenne;longitudinale penn‚;ent‚riformes
Lumbricus friendi (Cognetti de Martiis, 1904);;;15;14;33;37;34;36;moniliforme;7;11;10;14;bilobated in 10, 11 & 12;14;16;present;17;18;22;penn‚;130;250;7;9;5000;15000;cylindrique;clitellien et caudal en fer de lance;rigide;rouge pourpre;moyenne;longitudinale penn‚;ent‚riformes
Lumbricus friendi (Cognetti de Martiis, 1904);lineatus;;15;14;33;37;34;36;moniliforme;7;11;10;14;bilobated in 10, 11 & 12;14;16;present;17;18;22;penn‚;;90;;6;;;cylindrique;clitellien et caudal en fer de lance;rigide;rouge pourpre;moyenne;longitudinale penn‚;ent‚riformes
Lumbricus improvisus Zicsi, 1963;;;15;14;26;31;27;31;moniliforme;7;11;10;14;bilobated in 10, 11 & 12;15;16;present;16;17;20;penn‚;50;70;;;600;700;;;;;mince;longitudinale penn‚;ent‚riformes
Lumbricus meliboeus (Rosa, 1884);;;15;14;29;33;30;32;vesiculeux;7;11;11;13;bilobated in 11 & 12;15;16;present;17;18;19;penn‚;55;90;3;5;600;900;cylindrique;clitellien et caudal;rigide;iris‚ rouge pourpre;moyenne;longitudinale penn‚;ent‚riforme
Lumbricus rubellus (Hoffmeister, 1843);rubellus;;15;14;27;32;28;31;moniliforme;7;11;10;14;bilobated in 10, 11 & 12;15;16;present;16;17;20;penn‚;60;130;;;450;2500;cylindrique;caudal;souple;rouge vineux;‚paisse/moyenne;longitudinale penn‚;ent‚riformes
Lumbricus rubellus castaneoides Bouche, 1972;castanoides;;15;14;27;32;28;31;moniliforme;7;11;10;14;bilobated in 10, 11 & 12;15;16;present;16;17;20;penn‚;30;60;;;180;380;cylindrique;caudal;souple;rouge vineux;moyenne;longitudinale penn‚;ent‚riformes
Lumbricus rubellus friendoides Bouche 1972;friendoides;;15;14;26;33;28;31;moniliforme;7;11;10;14;bilobated in 10, 11 & 12;15;16;present;16;17;20;penn‚;140;180;;;3500;5000;cylindrique;caudal;souple;rouge vineux;‚paisse/moyenne;longitudinale penn‚;ent‚riformes
Lumbricus terrestris (Savigny, 1826);;;15;14;33;37;32;36;moniliforme;7;11;10;14;bilobated in 10, 11 & 12;14;16;present;17;18;22;penn‚;130;250;7;9;5000;15000;cylindrique;clitellien et caudal en fer de lance;rigide;rouge pourpre;‚paisse;longitudinale penn‚;ent‚riformes
Murchieona muldali (Omodeo, 1956);;;15;14;27;33;absent;absent;moniliforme;6;11;11;13;absent;14;16;present;17;18;20;massif;30;40;1;1;60;80;cylindrique;aucun;souple;blanc-rosƒtre;moyenne;longitudinale penn‚;ent‚riformes
Octodrilus complanatus (Duges, 1828);;;15;14;29;37;28;39;moniliforme;7;11;10;14;bilobated in 10;15;16;weakly developed;17;18;27;penn‚;150;220;9;11;3500;5200;cylindrique;clitellien et caudal;souple;iris‚ brun-noir;‚paisse;longitudinale penn‚;ent‚riformes
Octolasion cyaneum (Savigny, 1826) (b);;;15;14;29;34;29;34;moniliforme;6;11;10;14;bilobated in 10;15;16;present;17;18;20;penn‚, cylindrique;80;140;6;8;1500;2500;cylindrique;clitellien et caudal;rigide;liser‚ brunƒtre;‚paisse;longitudinale penn‚;ent‚riformes
Octolasium lacteum (Orley, 1885);lacteum;;15;14;30;35;30;35;moniliforme;6;11;10;14;bilobated in 10;15;16;present;17;19;23;penn‚;40;160;2,5;5;320;1200;cylindrique;clitellien faible;rigide;bleuƒtre-rosƒtre;‚paisse;longitudinale penn‚;ent‚riformes
Octolasium cyaneum (Savigny, 1826);gracile;;15;14;30;35;30;35;moniliforme;6;11;10;14;bilobated in 10;15;16;present;17;19;23;penn‚;40;160;2,5;5;320;1200;cylindrique;clitellien faible;rigide;bleuƒtre-rosƒtre;moyenne;longitudinale penn‚;ent‚riformes
Orodrilus doderoi (Cognetti de Martiis, 1904);;;15;14;25;30;26;29;moniliforme;6;11;10;44;bilobated in 10;15;16;weakly developed;17;18;22;cylindrique;60;70;2;3;300;350;cylindrique;clitellien et caudal;souple;rouge-rosƒtre;mince;longitudinale penn‚;ent‚riformes
Proctodrilus antipai antipai (Michaelsen, 1891);antipai;;15;14;25;33;30;31;moniliforme;7;11;10;14;absent;15;16;present;17;18;20;massif;50;60;2;4;100;200;cylindrique;aucun;souple;rosƒtre;mince;longitudinale pavimenteux;ent‚riformes
Proctodrilus antipai vogesianus (T‚try, 1938);vogesiana;;15;14;25;33;30;32;moniliforme;7;11;10;14;absent;15;16;present;17;18;20;massif;40;50;;;120;200;cylindrique;aucun;souple;rosƒtre;mince;longitudinale pavimenteux;ent‚riformes
Proctodrilus antipai tuberculatus (Cernosvitov, 1935);tuberculata;;15;14;25;33;30;32;moniliforme;7;11;10;14;absent;15;16;present;17;18;20;massif;50;60;2;4;100;200;cylindrique;aucun;souple;rosƒtre;mince;longitudinale pavimenteux;ent‚riformes
Prosellodrilus (Pyrenodrilus) alatus Bouche, 1972;;;15;14;19;27;20;24;moniliforme;6;11;11;13;absent;15;16;well developed;17;18;21;bifide (2 lamelles);40;60;2;3;300;370;cylindrique;clitellien;souple;rosƒtre;faible;longitudinale ‚l‚mentaire;ent‚riformes
Prosellodrilus (Kenleenus) amplisetosus amplisetosus Bouche, 1972;amplisetosus;;15/16;14;19;28;19;22;moniliforme;7;11;absent;absent;absent;14;16;absent;17;18;21;bifide (2 lamelles);40;60;1,5;2;150;180;cylindrique;aucun;souple;rosƒtre;moyenne;longitudinale ‚l‚mentaire;ent‚riformes
Prosellodrilus (Kenleenus) amplisetosus hexathecosus Bouche, 1972;hexathecosus;;15/16;14;19;27;19;22;moniliforme;7;11;absent;absent;absent;14;16;absent;17;18;21;bifide (2 lamelles);40;60;1,5;2;150;180;cylindrique;aucun;souple;rosƒtre;moyenne;longitudinale ‚l‚mentaire;ent‚riformes
Prosellodrilus (Pyrenodrilus) biauriculatus Bouche, 1972;;;15;14;19;27;22;24;moniliforme;6;11;11;14;absent;15;16;present;17;18;23;bifide (2 lamelles);35;55;1,5;2;150;250;cylindrique;clitellien;souple;aucune;moyenne;longitudinale ‚l‚mentaire;ent‚riformes
Prosellodrilus (Prosellodrilus) biserialis (Bouche, 1972);biserialis;;15;14;20;28;21;23;moniliforme;6;11;11;14;absent;15;16;absent;17;18;21;bifide (2 lamelles);60;110;2;3;450;550;cylindrique;aucun;souple;aucune;faible;longitudinale ‚l‚mentaire;ent‚riformes
Prosellodrilus (Pyrenodrilus) fragilis Bouche, 1972;elusatus;;15;14;20;28;21;23;moniliforme;6;11;11;14;absent;15;16;absent;17;18;21;bifide (2 lamelles);60;110;2;3;450;550;cylindrique;aucun;souple;aucune;faible;longitudinale ‚l‚mentaire;ent‚riformes
Prosellodrilus (Pyrenodrilus) fragilis Bouche, 1972;fragilis;;15;14;20;28;21;23;moniliforme;6;11;11;14;absent;15;16;absent;17;18;21;bifide (2 lamelles);60;110;2;3;450;550;cylindrique;aucun;souple;aucune;faible;longitudinale ‚l‚mentaire;ent‚riformes
Prosellodrilus (Pyrenodrilus) fragilis Bouche, 1972;polythecosus;;15/16;14;19;22;21;22;moniliforme;6;11;11;14;absent;15;16;absent;17;18;21;bifide (2 … 3 lamelles);60;110;2;3;450;550;cylindrique;aucun;souple;aucune;faible;longitudinale ‚l‚mentaire;ent‚riformes
Prosellodrilus (Prosellodrilus) idealis Bouche, 1972;;;15;14;19;27;22;24;moniliforme;6;11;11;14;absent;15;16;well developed;17;18;22;bifide (2 lamelles);70;90;1;1,5;160;270;cylindrique;clitellien;souple;rose;faible;longitudinale ‚l‚mentaire;ent‚riformes
Prosellodrilus (Prosellodrilus) praticola Bouche, 1972;;;15;14;20;30;25;28;moniliforme;6;11;11;14;unilobated in 11;15;16;well developed;17;18;d‚butant graduellement;bifide (2 lamelles);70;100;2;3;300;400;cylindrique;clitellien faible;souple;rosƒtre;mince;longitudinale ‚l‚mentaire;ent‚riformes
Prosellodrilus (Pyrenodrilus) pyrenaicus (Michaelsen, 1925);;;15;14;20;27;23;26;moniliforme;6;11;11;14;absent;15;16;present;17;18;d‚butant graduellement;bifide (2 lamelles);80;120;3;4;600;1800;cylindrique;aucun;souple;aucune;moyenne;longitudinale ‚l‚mentaire;ent‚riformes
Satchellius mammalis (Savigny, 1826);;;15;14;31;36;33;34;moniliforme;7;11;10;14;bilobated in 10;15;16;well developed;17;18;19;penn‚;32;41;1,5;2;87;105;cylindrique;clitellien et caudal;souple;iris‚ pourpre;‚paisse;longitudinale penn‚;ent‚riformes
Scherotheca (Scherotheca) aquitania (Bouche, 1972);aquitania;;15;14;28;44;32;43;moniliforme;6;11;10;14;bilobated in 10;15;16;present;17;19;25;penn‚;260;320;6;8;10000;14000;cylindrique;clitellien et caudal;rigide;iris‚ brun fonc‚;moyenne;longitudinale penn‚;ent‚riforme
Scherotheca (Rosanus) brevisella (Bouche 1972);brevisella;;15;14;27;37;30;37;moniliforme;7;11;10;14;4-lobated in 10;15;16;present;17;20;27;penn‚;250;350;8;12;8000;16000;cylindrique;clitellien et caudal;rigide;iris‚ brin fonc‚;moyenne;longitudinale penn‚;
Scherotheca (Opothedrilus) chicharia (Bouche 1972);chicharia;;15;14;32;52;39;45;moniliforme;6;11;10;14;bilobated in 10;15;16;well developed;17;19;25;penn‚;350;630;15;20;32000;86000;cylindrique;caudal;rigide;iris‚ brun-noir;‚paisse;longitudinale radiaire;ent‚riformes
Scherotheca (Scherotheca) coineaui Bouche, 1972;;;15;14;31;39;29;39;moniliforme;6;11;10;14;rudimentary in 10;15;16;present;17;19;25;penn‚;250;250;6,5;8;6100;6100;cylindrique;aucun;rigide;iris‚ brun fonc‚;;;ent‚riformes
Scherotheca (Corsicadrilus) corsicana (Pop, 1947);albomaculata;;15;14;27;37;30;38;moniliforme;6;11;10;14;bilobated in 10;15;16;present;17;21;25;penn‚;130;320;5;7;2000;3500;cylindrique;caudal faible;souple;brun trŠs fonc‚;‚paisse;longitudinale radiaire;ent‚riformes
Scherotheca (Corsicadrilus) corsicana (Pop, 1947);corsicana;;15;14;27;36;31;34;moniliforme;6;11;10;14;bilobated in 10;15;16;present;17;21;25;penn‚;90;140;5;7;2000;3500;cylindrique;caudal faible;souple;brun-noirƒtre;‚paisse;longitudinale penn‚;ent‚riformes
Scherotheca (Scherotheca) dinoscolex (Bouche, 1972);dinoscolex;;15;14;28;48;33;43;moniliforme;6;11;10;14;bilobated in 10;15;16;present;17;20;26;penn‚;550;800;12;15;42000;48000;cylindrique;clitellien;rigide;iris‚ brun;‚paisse;longitudinale interm‚diaire;ent‚riforme
Scherotheca (Rosanus) dugesi (Rosa, 1895);dugesi;;15;14;27;39;29;37;moniliforme;7;11;10;14;4-lobated in 10;15;16;present;17;20;27;penn‚;250;350;8;12;8000;16000;cylindrique;clitellien et caudal;rigide;iris‚ brin fonc‚;moyenne;longitudinale interm‚diaire;ent‚riformes
Scherotheca (Scherotheca) mifuga (Bouche, 1972);mifuga;;15;14;32;47;37;45;moniliforme;6;11;10;13;bilobated in 10;15;16;well developed;17;20;26;penn‚;160;300;5;8;6000;9000;cylindrique;clitellien et caudal;rigide;iris‚ brun fonc‚;‚paisse;longitudinale penn‚;ent‚riformes
Scherotheca (Opothedrilus) minor (Stephenson, 1932);minor;;15;14;33;43;33;38;moniliforme;6;11;10;14;bilobated in 10;15;16;well developed;17;21;26;penn‚;205;250;5;8;4000;4000;cylindrique;caudal;rigide;brun clair-grisƒtre;‚paisse;longitudinale penn‚;ent‚riformes
Scherotheca (Scherotheca) monspessulensis idica Bouche, 1972;idica;;;;;;;;;;;;;;;;;;;;;300;450;;;18000;25000;;;;brun fonc‚;;;
Scherotheca (Scherotheca) monspessulensis monspessulensis Bouche, 1972;monspessulensis;;15;14;36;57;43;54;moniliforme;6;11;10;14;rudimentary in 10;15;16;well developed;17;19;25;penn‚;500;800;10;12;25000;37000;cylindrique;clitellien et caudal;rigide;iris‚ brun-noir;moyenne;longitudinale penn‚;ent‚riformes
Scherotheca (Opothedrilus) nivicola (Bouche, 1972);nivicola;;15;14;31;44;34;39;moniliforme;6;11;10;14;bilobated in 10;15;16;well developed;17;21;26;penn‚;400;520;7;10;14;17;cylindrique;caudal;rigide;iris‚ brun fonc‚;‚paisse;longitudinale interm‚diaire;ent‚riformes
Scherotheca (Scherotheca) orbiensis (Bouche, 1972);orbiensis;;15;14;37;51;42;51;moniliforme;6;11;10;14;bilobated in 10;15;16;well developed;17;20;26;penn‚;300;400;7;10;9000;14000;cylindrique;caudal;rigide;iris‚ brun fonc‚;moyenne;longitudinale interm‚diaire;ent‚riformes
Scherotheca (Rosanus) porotheca (Bouche, 1972);porotheca;;15;14;26;41;29;34;moniliforme;7;11;10;14;4-lobated in 10;15;16;present;17;20;27;penn‚;250;350;8;12;8000;16000;cylindrique;clitellien et caudal;rigide;iris‚ brin fonc‚;‚paisse/moyenne;longitudinale penn‚;
Scherotheca (Scherotheca) rhodana (Bouche, 1972);rhodana;;15;14;27;42;32;41;moniliforme;6;11;10;14;bilobated in 10;15;16;well developed;17;18;26;penn‚;350;450;8;13;8000;17000;cylindrique;clitellien et caudal;rigide;iris‚ brun fonc‚;moyenne;longitudinale interm‚diaire;ent‚riforme
Scherotheca (Opothedrilus) savignyi (Guerne and Horst, 1893);savignyi;;15;14;31;44;34;39;moniliforme;6;11;10;14;bilobated in 10;15;16;well developed;17;21;26;penn‚;400;520;7;10;14;17;cylindrique;caudal;rigide;iris‚ brun fonc‚;‚paisse;longitudinale penn‚;ent‚riformes
Zophoscolex (Zophoscolex) atlanticus (Bouche, 1969);;;15;14;22;30;27;29;moniliforme;6;11;11;14;bilobated in 11;15;16;well developed;17;19;20;bifide;100;170;2,5;6;900;2100;cylindrique;aucun;souple;gris-br–natre;‚paisse;longitudinale penn‚;ent‚riformes
Zophoscolex (Zophoscolex) graffi (Bouche, 1972);;;15;14;20;35;29;33;moniliforme;6;11;11;14;lobated in 11;15;16;present;17;18;24;bifide;115;135;2,5;3,5;900;1200;cylindrique;clitellien;souple;rosƒtre;moyenne;longitudinale pavimenteux;ent‚riformes
Zophoscolex (Zophoscolex) micellus (Bouche, 1972);;;15;14;20;35;29;31;moniliforme;6;11;11;14;bilobated in 11;15;16;present;17;18;21;bifide;90;120;3,5;4;700;1200;cylindrique;aucun;souple;rosƒtre;;;
Amynthas indicus (Horst, 1885) ;;;18;14;14;16;absent;absent;simple;10;12;absent;absent;absent;absent;absent;weakly developed;present;present;nd;reduit, 1 lame;60;160;3;5;800;1200;cylindrique;aucun;rigide;iris‚ vert fonc‚;moyenne;longitudinale pavimenteux;m‚tan‚phridies
