higher_taxon,family,sum_sp.,larva_terrestrial,larva_aquatic,adult_terrestrial,adult_aquatic,phytophagous,zoophagous,mycetophagous,saprophagous,detritophagous,coprophagous,phyllophagous,saproxylic,sap-sucking,stem,flower,seed,gall-inducing,miners,roots,not specified,predator,micropredator,parasite,parasitoid,necrophorous,not specified,,,,,,,,,,,
Auchenorrhyncha,Achilidae,3,1,0,1,0,1,0,0,0,0,0,0,0,1,0,0,0,0,0,0,0,0,0,0,0,0,0,,,,,,,,,,,
Auchenorrhyncha,Aphrophoridae,13,1,0,1,0,1,0,0,0,0,0,0,0,1,0,0,0,0,0,0,0,0,0,0,0,0,0,,,,,,,,,,,
Auchenorrhyncha,Caliscelidae,1,1,0,1,0,1,0,0,0,0,0,0,0,1,0,0,0,0,0,0,0,0,0,0,0,0,0,,,,,,,,,,,
Auchenorrhyncha,Cercopidae,4,1,0,1,0,1,0,0,0,0,0,0,0,1,0,0,0,0,0,0,0,0,0,0,0,0,0,,,,,,,,,,,
Auchenorrhyncha,Cicadellidae,465,1,0,1,0,1,0,0,0,0,0,0,0,1,0,0,0,0,0,0,0,0,0,0,0,0,0,,,,,,,,,,,
Auchenorrhyncha,Cicadidae,5,1,0,1,0,1,0,0,0,0,0,0,0,1,0,0,0,0,0,0,0,0,0,0,0,0,0,,,,,,,,,,,
Auchenorrhyncha,Cixiidae,21,1,0,1,0,1,0,0,0,0,0,0,0,1,0,0,0,0,0,0,0,0,0,0,0,0,0,,,,,,,,,,,
Auchenorrhyncha,Delphacidae,108,1,0,1,0,1,0,0,0,0,0,0,0,1,0,0,0,0,0,0,0,0,0,0,0,0,0,,,,,,,,,,,
Auchenorrhyncha,Dictyopharidae,1,1,0,1,0,1,0,0,0,0,0,0,0,1,0,0,0,0,0,0,0,0,0,0,0,0,0,,,,,,,,,,,
Auchenorrhyncha,Issidae,3,1,0,1,0,1,0,0,0,0,0,0,0,1,0,0,0,0,0,0,0,0,0,0,0,0,0,,,,,,,,,,,
Auchenorrhyncha,Membracidae,3,1,0,1,0,1,0,0,0,0,0,0,0,1,0,0,0,0,0,0,0,0,0,0,0,0,0,,,,,,,,,,,
Auchenorrhyncha,Tettigometridae,8,1,0,1,0,1,0,0,0,0,0,0,0,1,0,0,0,0,0,0,0,0,0,0,0,0,0,,,,,,,,,,,
Coleoptera,Aderidae,9,1,0,1,0,1,0,0,0,0,0,0,1,0,0,0,0,0,0,0,0,0,0,0,0,0,0,,,,,,,,,,,
Coleoptera,Agyrtidae,4,1,0,1,0,0,0,1,0,0,0,0,0,0,0,0,0,0,0,0,0,0,0,0,0,0,0,,,,,,,,,,,
Coleoptera,Alleculidae,19,1,0,1,0,0,5,0,2,0,0,0,3,0,0,0,4,0,0,0,0,0,0,0,6,0,0,0,1,0,0,0,,,,,,
Coleoptera,Anobiidae,77,1,0,1,0,1,0,0,0,0,0,0,1,0,0,0,0,0,0,0,0,0,0,0,0,0,0,,,,,,,,,,,
Coleoptera,Anthicidae,25,1,0,1,0,0,1,0,0,0,0,0,0,0,0,0,0,0,0,0,0,1,0,0,0,0,0,,,,,,,,,,,
Coleoptera,Anthribidae,20,1,0,1,0,1,0,0,0,0,0,0,1,0,0,0,0,0,0,0,0,0,0,0,0,0,0,,,,,,,,,,,
Coleoptera,Apionidae,134,1,0,1,0,1,0,0,0,0,0,0,0,0,0,2,0,4,0,3,0,0,0,1,0,0,0,0,0,0,0,,,,,,,
Coleoptera,Aspidiphoridae,3,1,0,1,0,0,0,1,0,0,0,0,0,0,0,0,0,0,0,0,0,0,0,0,0,0,0,,,,,,,,,,,
Coleoptera,Attelabidae,3,1,0,1,0,1,0,0,0,0,0,1,0,0,0,0,0,0,0,0,0,0,0,0,0,0,0,,,,,,,,,,,
Coleoptera,Biphyllidae,2,1,0,1,0,0,0,1,0,0,0,0,0,0,0,0,0,0,0,0,0,0,0,0,0,0,0,,,,,,,,,,,
Coleoptera,Bostrichidae,17,1,0,1,0,1,0,0,0,0,0,0,1,0,0,0,0,0,0,0,0,0,0,0,0,0,0,,,,,,,,,,,
Coleoptera,Bothrideridae,7,1,0,1,0,0,0,5,0,5,0,0,0,0,0,0,0,0,0,0,0,0,0,0,0,1,0,0,0,,,,,,,,,
Coleoptera,Bruchidae,34,1,0,1,0,1,0,0,0,0,0,0,0,0,0,0,1,0,0,0,0,0,0,0,0,0,0,,,,,,,,,,,
Coleoptera,Buprestidae,101,1,0,1,0,1,0,0,0,0,0,0,0,9,0,0,1,0,0,0,0,0,0,0,0,0,0,0,0,,,,,,,,,
Coleoptera,Byrrhidae,25,1,0,1,0,1,0,0,0,0,0,0,0,0,0,0,0,0,0,0,1,0,0,0,0,0,0,,,,,,,,,,,
Coleoptera,Byturidae,2,1,0,1,0,1,0,0,0,0,0,0,0,0,0,1,0,0,0,0,0,0,0,0,0,0,0,,,,,,,,,,,
Coleoptera,Cantharidae,88,1,0,1,0,0,1,0,0,0,0,0,0,0,0,0,0,0,0,0,0,1,0,0,0,0,0,,,,,,,,,,,
Coleoptera,Carabidae,579,1,0,1,0,0,1,0,0,0,0,0,0,0,0,0,0,0,0,0,0,1,0,0,0,0,0,,,,,,,,,,,
Coleoptera,Cerambycidae,197,1,0,1,0,1,0,0,0,0,0,0,0,9,0,0,1,0,0,0,0,0,0,0,0,0,0,0,0,,,,,,,,,
Coleoptera,Cerophytidae,1,1,0,1,0,1,0,0,0,0,0,0,1,0,0,0,0,0,0,0,0,0,0,0,0,0,0,,,,,,,,,,,
Coleoptera,Cerylonidae,9,1,0,1,0,0,0,1,0,0,0,0,0,0,0,0,0,0,0,0,0,0,0,0,0,0,0,,,,,,,,,,,
Coleoptera,Cholevidae,51,1,0,1,0,0,0,8,0,0,0,0,2,0,0,0,0,0,0,0,0,0,0,0,0,0,0,0,8,0,2,,,,,,,
Coleoptera,Chrysomelidae,517,1,0,1,0,1,0,0,0,0,0,0,8,0,0,0,2,0,0,0,0,0,0,0,0,0,0,0,0,,,,,,,,,
Coleoptera,Cimberidae,2,1,0,1,0,1,0,0,0,0,0,0,0,0,0,1,0,0,0,0,0,0,0,0,0,0,0,,,,,,,,,,,
Coleoptera,Cisidae,46,1,0,1,0,0,0,1,0,0,0,0,0,0,0,0,0,0,0,0,0,0,0,0,0,0,0,,,,,,,,,,,
Coleoptera,Clambidae,14,1,0,1,0,0,0,0,0,1,0,0,0,0,0,0,0,0,0,0,0,0,0,0,0,0,0,,,,,,,,,,,
Coleoptera,Cleridae,23,1,0,1,0,0,1,0,0,0,0,0,0,0,0,0,0,0,0,0,0,1,0,0,0,0,0,,,,,,,,,,,
Coleoptera,Coccinellidae,81,1,0,1,0,0,1,0,0,0,0,0,0,0,0,0,0,0,0,0,0,1,0,0,0,0,0,,,,,,,,,,,
Coleoptera,Colonidae,19,1,0,1,0,0,0,1,0,0,0,0,0,0,0,0,0,0,0,0,0,0,0,0,0,0,0,,,,,,,,,,,
Coleoptera,Colydiidae,19,1,0,1,0,0,7,0,0,3,0,0,0,0,0,9,0,0,0,0,0,0,0,0,1,0,0,0,0,0,0,,,,,,,
Coleoptera,Corylophidae,19,1,0,1,0,0,2,0,0,0,0,8,0,0,1,0,0,0,0,0,0,0,0,0,0,0,0,0,0,,,,,,,,,
Coleoptera,Cryptophagidae,131,1,0,1,0,0,0,1,0,0,0,0,0,0,0,0,0,0,0,0,0,0,0,0,0,0,0,,,,,,,,,,,
Coleoptera,Cucujidae,4,1,0,1,0,1,0,0,0,0,0,0,1,0,0,0,0,0,0,0,0,0,0,0,0,0,0,,,,,,,,,,,
Coleoptera,Curculionidae,773,1,0,1,0,1,0,0,0,0,0,0,4,0,1,0,0,1,0,1,0,1,0,0,0,2,0,0,0,0,0,0,0,,,,,
Coleoptera,Cybocephalidae,3,1,0,1,0,0,1,0,0,0,0,0,0,0,0,0,0,0,0,0,0,1,0,0,0,0,0,,,,,,,,,,,
Coleoptera,Dascillidae,1,1,0,1,0,1,0,0,0,0,0,0,0,0,0,0,0,0,0,1,0,0,0,0,0,0,0,,,,,,,,,,,
Coleoptera,Dermestidae,50,1,0,1,0,0,1,0,0,0,0,0,0,0,0,0,0,0,0,0,0,0,2,0,0,0,0,8,0,,,,,,,,,
Coleoptera,Derodontidae,2,1,0,1,0,0,1,0,0,0,0,0,0,0,0,0,0,0,0,0,0,1,0,0,0,0,0,,,,,,,,,,,
Coleoptera,Drilidae,2,1,0,1,0,0,1,0,0,0,0,0,0,0,0,0,0,0,0,0,0,1,0,0,0,0,0,,,,,,,,,,,
Coleoptera,Dryopidae,14,0,1,0,1,0,0,0,0,1,0,0,0,0,0,0,0,0,0,0,0,0,0,0,0,0,0,,,,,,,,,,,
Coleoptera,Dytiscidae,147,0,1,0,1,0,1,0,0,0,0,0,0,0,0,0,0,0,0,0,0,1,0,0,0,0,0,,,,,,,,,,,
Coleoptera,Elateridae,146,1,0,1,0,0,5,0,5,0,0,0,0,0,0,7,0,0,0,0,0,0,0,3,0,1,0,0,0,0,0,,,,,,,
Coleoptera,Elmidae,25,0,1,0,1,0,0,0,0,1,0,0,0,0,0,0,0,0,0,0,0,0,0,0,0,0,0,,,,,,,,,,,
Coleoptera,Endomychidae,13,1,0,1,0,0,0,1,0,0,0,0,0,0,0,0,0,0,0,0,0,0,0,0,0,0,0,,,,,,,,,,,
Coleoptera,Erotylidae,15,1,0,1,0,0,0,1,0,0,0,0,0,0,0,0,0,0,0,0,0,0,0,0,0,0,0,,,,,,,,,,,
Coleoptera,Eucinetidae,2,1,0,1,0,0,0,1,0,0,0,0,0,0,0,0,0,0,0,0,0,0,0,0,0,0,0,,,,,,,,,,,
Coleoptera,Eucnemidae,20,1,0,1,0,1,0,0,0,0,0,0,1,0,0,0,0,0,0,0,0,0,0,0,0,0,0,,,,,,,,,,,
Coleoptera,Georissidae,3,1,0,1,0,0,0,0,0,1,0,0,0,0,0,0,0,0,0,0,0,0,0,0,0,0,0,,,,,,,,,,,
Coleoptera,Geotrupidae,11,1,0,1,0,0,0,0,2,0,0,0,8,0,0,0,0,0,0,0,0,0,0,0,0,0,0,0,0,,,,,,,,,
Coleoptera,Gyrinidae,13,0,1,0,1,0,1,0,0,0,0,0,0,0,0,0,0,0,0,0,0,1,0,0,0,0,0,,,,,,,,,,,
Coleoptera,Haliplidae,20,0,1,0,1,1,0,0,0,0,0,0,0,0,0,0,0,0,0,0,1,0,0,0,0,0,0,,,,,,,,,,,
Coleoptera,Heteroceridae,14,1,0,1,0,0,0,0,0,1,0,0,0,0,0,0,0,0,0,0,0,0,0,0,0,0,0,,,,,,,,,,,
Coleoptera,Histeridae,83,1,0,1,0,0,1,0,0,0,0,0,0,0,0,0,0,0,0,0,0,1,0,0,0,0,0,,,,,,,,,,,
Coleoptera,Hydraenidae,63,0,1,0,1,0,0,0,0,1,0,0,0,0,0,0,0,0,0,0,0,0,0,0,0,0,0,,,,,,,,,,,
Coleoptera,Hydrophilidae,116,0,4,0,6,0,4,0,6,0,1,0,0,0,0,0,0,0,0,0,0,0,0,0,0,1,0,0,0,0,0,,,,,,,
Coleoptera,Hygrobiidae,1,0,1,0,1,0,1,0,0,0,0,0,0,0,0,0,0,0,0,0,0,1,0,0,0,0,0,,,,,,,,,,,
Coleoptera,Kateretidae,12,1,0,1,0,1,0,0,0,0,0,0,0,0,0,0,9,0,1,0,0,0,0,0,0,0,0,0,0,,,,,,,,,
Coleoptera,Laemophloeidae,21,1,0,1,0,1,0,0,0,0,0,0,0,8,0,0,2,0,0,0,0,0,0,0,0,0,0,0,0,,,,,,,,,
Coleoptera,Lagriidae,3,1,0,1,0,0,0,0,0,1,0,0,0,0,0,0,0,0,0,0,0,0,0,0,0,0,0,,,,,,,,,,,
Coleoptera,Lampyridae,3,1,0,1,0,0,1,0,0,0,0,0,0,0,0,0,0,0,0,0,0,1,0,0,0,0,0,,,,,,,,,,,
Coleoptera,Languriidae,4,1,0,1,0,0,0,1,0,0,0,0,0,0,0,0,0,0,0,0,0,0,0,0,0,0,0,,,,,,,,,,,
Coleoptera,Latridiidae,84,1,0,1,0,0,0,1,0,0,0,0,0,0,0,0,0,0,0,0,0,0,0,0,0,0,0,,,,,,,,,,,
Coleoptera,Leiodidae,83,1,0,1,0,0,0,1,0,0,0,0,0,0,0,0,0,0,0,0,0,0,0,0,0,0,0,,,,,,,,,,,
Coleoptera,Leptinidae,2,1,0,1,0,0,1,0,0,0,0,0,0,0,0,0,0,0,0,0,0,0,0,0,0,0,1,,,,,,,,,,,
Coleoptera,Limnichidae,3,1,0,1,0,0,0,0,0,1,0,0,0,0,0,0,0,0,0,0,0,0,0,0,0,0,0,,,,,,,,,,,
Coleoptera,Lissomidae,1,1,0,1,0,1,0,0,0,0,0,0,1,0,0,0,0,0,0,0,0,0,0,0,0,0,0,,,,,,,,,,,
Coleoptera,Lophocateridae,2,1,0,1,0,1,0,0,0,0,0,0,1,0,0,0,0,0,0,0,0,0,0,0,0,0,0,,,,,,,,,,,
Coleoptera,Lucanidae,7,1,0,1,0,1,0,0,0,0,0,0,1,0,0,0,0,0,0,0,0,0,0,0,0,0,0,,,,,,,,,,,
Coleoptera,Lycidae,7,1,0,1,0,1,0,0,0,0,0,0,1,0,0,0,0,0,0,0,0,0,0,0,0,0,0,,,,,,,,,,,
Coleoptera,Lyctidae,9,1,0,1,0,1,0,0,0,0,0,0,1,0,0,0,0,0,0,0,0,0,0,0,0,0,0,,,,,,,,,,,
Coleoptera,Lymexylonidae,2,1,0,1,0,1,0,0,0,0,0,0,1,0,0,0,0,0,0,0,0,0,0,0,0,0,0,,,,,,,,,,,
Coleoptera,Malachiidae,35,1,0,1,0,0,1,0,0,0,0,0,0,0,0,0,0,0,0,0,0,1,0,0,0,0,0,,,,,,,,,,,
Coleoptera,Melandryidae,33,1,0,1,0,1,0,0,0,0,0,0,1,0,0,0,0,0,0,0,0,0,0,0,0,0,0,,,,,,,,,,,
Coleoptera,Meloidae,19,1,0,1,0,0,1,0,0,0,0,0,0,0,0,0,0,0,0,0,0,0,2,0,0,8,0,0,0,,,,,,,,,
Coleoptera,Melyridae,25,1,0,1,0,0,1,0,0,0,0,0,0,0,0,0,0,0,0,0,0,1,0,0,0,0,0,,,,,,,,,,,
Coleoptera,Monotomidae,23,1,0,1,0,0,5,0,0,0,0,5,0,0,1,0,0,0,0,0,0,0,0,0,0,0,0,0,0,,,,,,,,,
Coleoptera,Mordellidae,81,1,0,1,0,1,0,0,0,0,0,0,0,1,0,0,9,0,0,0,0,0,0,0,0,0,0,0,0,,,,,,,,,
Coleoptera,Mycetophagidae,17,1,0,1,0,0,2,0,0,8,0,0,0,0,1,0,0,0,0,0,0,0,0,0,0,0,0,0,0,,,,,,,,,
Coleoptera,Mycteridae,1,1,0,1,0,1,0,0,0,0,0,0,0,0,0,0,0,0,0,1,0,0,0,0,0,0,0,,,,,,,,,,,
Coleoptera,Nemonychidae,1,1,0,1,0,1,0,0,0,0,0,0,0,0,0,0,1,0,0,0,0,0,0,0,0,0,0,,,,,,,,,,,
Coleoptera,Nitidulidae,129,1,0,1,0,0,6,0,0,0,4,0,0,0,0,0,0,1,0,0,0,0,0,0,0,0,0,0,0,,,,,,,,,
Coleoptera,Nosodendridae,1,1,0,1,0,0,0,0,1,0,0,0,0,0,0,0,0,0,0,0,0,0,0,0,0,0,0,,,,,,,,,,,
Coleoptera,Noteridae,2,0,1,0,1,0,1,0,0,0,0,0,0,0,0,0,0,0,0,0,0,1,0,0,0,0,0,,,,,,,,,,,
Coleoptera,Oedemeridae,25,1,0,1,0,1,0,0,0,0,0,0,0,5,0,0,5,0,0,0,0,0,0,0,0,0,0,0,0,,,,,,,,,
Coleoptera,Omalisidae,1,1,0,1,0,0,1,0,0,0,0,0,0,0,0,0,0,0,0,0,0,1,0,0,0,0,0,,,,,,,,,,,
Coleoptera,Peltidae,4,1,0,1,0,1,0,0,0,0,0,0,1,0,0,0,0,0,0,0,0,0,0,0,0,0,0,,,,,,,,,,,
Coleoptera,Phalacridae,22,1,0,1,0,1,0,0,0,0,0,0,0,0,0,1,0,0,0,0,0,0,0,0,0,0,0,,,,,,,,,,,
Coleoptera,Phloeostichidae,1,1,0,1,0,0,0,1,0,0,0,0,0,0,0,0,0,0,0,0,0,0,0,0,0,0,0,,,,,,,,,,,
Coleoptera,Phloiophilidae,1,1,0,1,0,0,0,1,0,0,0,0,0,0,0,0,0,0,0,0,0,0,0,0,0,0,0,,,,,,,,,,,
Coleoptera,Platypodidae,2,1,0,1,0,1,0,0,0,0,0,0,1,0,0,0,0,0,0,0,0,0,0,0,0,0,0,,,,,,,,,,,
Coleoptera,Prostomidae,1,1,0,1,0,1,0,0,0,0,0,0,1,0,0,0,0,0,0,0,0,0,0,0,0,0,0,,,,,,,,,,,
Coleoptera,Pselaphidae,93,1,0,1,0,0,1,0,0,0,0,0,0,0,0,0,0,0,0,0,0,1,0,0,0,0,0,,,,,,,,,,,
Coleoptera,Psephenidae,1,0,1,1,0,0,0,0,0,1,0,0,0,0,0,0,0,0,0,0,0,0,0,0,0,0,0,,,,,,,,,,,
Coleoptera,Ptiliidae,82,1,0,1,0,0,2,0,0,0,2,0,4,0,2,0,1,0,0,0,0,0,0,0,0,0,0,0,0,0,0,,,,,,,
Coleoptera,Ptinidae,28,1,0,1,0,1,0,0,0,0,0,0,0,8,0,0,0,0,0,0,0,0,2,0,0,0,0,0,0,,,,,,,,,
Coleoptera,Pyrochroidae,3,1,0,1,0,1,0,0,0,0,0,0,1,0,0,0,0,0,0,0,0,0,0,0,0,0,0,,,,,,,,,,,
Coleoptera,Pythidae,2,1,0,1,0,0,1,0,0,0,0,0,0,0,0,0,0,0,0,0,0,1,0,0,0,0,0,,,,,,,,,,,
Coleoptera,Rhipiphoridae,3,1,0,1,0,0,1,0,0,0,0,0,0,0,0,0,0,0,0,0,0,0,0,1,0,0,0,,,,,,,,,,,
Coleoptera,Rhynchitidae,25,1,0,1,0,1,0,0,0,0,0,1,0,0,0,0,0,0,0,0,0,0,0,0,0,0,0,,,,,,,,,,,
Coleoptera,Rhysodidae,3,1,0,1,0,1,0,0,0,0,0,0,1,0,0,0,0,0,0,0,0,0,0,0,0,0,0,,,,,,,,,,,
Coleoptera,Salpingidae,14,1,0,1,0,0,1,0,0,0,0,0,0,0,0,0,0,0,0,0,0,1,0,0,0,0,0,,,,,,,,,,,
Coleoptera,Scarabaeidae,159,1,0,1,0,0,2,0,0,0,2,0,1,0,5,0,1,0,0,0,0,0,0,0,0,9,0,0,0,0,0,0,0,,,,,
Coleoptera,Scirtidae,24,0,1,1,0,0,1,0,0,0,0,9,0,0,0,0,0,0,0,0,0,0,1,0,0,0,0,0,0,,,,,,,,,
Coleoptera,Scolytidae,113,1,0,1,0,1,0,0,0,0,0,0,1,0,0,0,0,0,0,0,0,0,0,0,0,0,0,,,,,,,,,,,
Coleoptera,Scraptiidae,29,1,0,1,0,1,0,0,0,0,0,0,1,0,0,0,0,0,0,0,0,0,0,0,0,0,0,,,,,,,,,,,
Coleoptera,Scydmaenidae,53,1,0,1,0,0,1,0,0,0,0,0,0,0,0,0,0,0,0,0,0,1,0,0,0,0,0,,,,,,,,,,,
Coleoptera,Silphidae,22,1,0,1,0,0,1,0,0,0,0,0,0,0,0,0,0,0,0,0,0,0,1,0,0,0,0,9,0,,,,,,,,,
Coleoptera,Silvanidae,14,1,0,1,0,0,8,0,0,0,0,2,0,0,0,8,0,0,0,0,0,0,0,0,2,0,0,0,0,0,0,,,,,,,
Coleoptera,Spercheidae,1,1,0,1,0,0,0,0,0,1,0,0,0,0,0,0,0,0,0,0,0,0,0,0,0,0,0,,,,,,,,,,,
Coleoptera,Sphaeritidae,1,1,0,1,0,0,1,0,0,0,0,0,0,0,0,0,0,0,0,0,0,1,0,0,0,0,0,,,,,,,,,,,
Coleoptera,Sphaerosomatidae,3,1,0,1,0,0,0,1,0,0,0,0,0,0,0,0,0,0,0,0,0,0,0,0,0,0,0,,,,,,,,,,,
Coleoptera,Staphylinidae,1481,1,0,1,0,0,1,0,7,0,1,0,0,1,0,0,0,5,0,0,0,5,0,0,0,0,0,0,7,0,0,3,0,0,0,,,
Coleoptera,Tenebrionidae,67,1,0,1,0,0,6,0,0,2,0,0,2,0,0,0,5,0,0,0,0,0,0,0,1,0,4,0,0,0,0,0,0,,,,,
Coleoptera,Tetratomidae,3,1,0,1,0,0,0,1,0,0,0,0,0,0,0,0,0,0,0,0,0,0,0,0,0,0,0,,,,,,,,,,,
Coleoptera,Thorictidae,1,1,0,1,0,0,1,0,0,0,0,0,0,0,0,0,0,0,0,0,0,0,0,0,0,0,1,,,,,,,,,,,
Coleoptera,Throscidae,11,1,0,1,0,0,0,1,0,0,0,0,0,0,0,0,0,0,0,0,0,0,0,0,0,0,0,,,,,,,,,,,
Coleoptera,Trogidae,8,1,0,1,0,0,1,0,0,0,0,0,0,0,0,0,0,0,0,0,0,0,0,0,0,1,0,,,,,,,,,,,
Coleoptera,Trogositidae,5,1,0,1,0,0,0,4,0,6,0,0,0,0,0,0,0,0,0,0,0,0,0,1,0,0,0,0,0,,,,,,,,,
Coleoptera,Urodonidae,3,1,0,1,0,1,0,0,0,0,0,0,0,0,0,0,1,0,0,0,0,0,0,0,0,0,0,,,,,,,,,,,
Dermaptera,Anisolabididae,1,1,0,1,0,0,3,0,4,0,0,0,3,0,0,0,0,0,0,0,0,0,0,1,0,8,0,0,0,0,2,0,,,,,,
Dermaptera,Forficulidae,8,1,0,1,0,0,4,0,3,0,0,0,3,0,0,0,0,0,0,0,0,0,0,1,1,0,0,0,0,0,,,,,,,,
Dermaptera,Labiduridae,1,1,0,1,0,0,1,0,0,0,0,0,0,0,0,0,0,0,0,0,0,1,0,0,0,0,0,,,,,,,,,,,
Dermaptera,Spongiphoridae,1,1,0,1,0,0,0,0,0,5,0,5,0,0,0,0,0,0,0,0,0,0,0,0,0,0,0,0,0,,,,,,,,,
Dictyoptera,Blattellidae,10,1,0,1,0,0,5,0,0,0,0,5,0,0,0,0,0,0,0,0,0,0,1,0,0,0,0,0,0,,,,,,,,,
Dictyoptera,Blattidae,3,1,0,1,0,0,0,0,0,1,0,0,0,0,0,0,0,0,0,0,0,0,0,0,0,0,0,,,,,,,,,,,
Dictyoptera,Mantidae,1,1,0,1,0,0,1,0,0,0,0,0,0,0,0,0,0,0,0,0,0,0,1,0,0,0,0,,,,,,,,,,,
Dictyoptera,Rhinotermitidae,1,1,0,1,0,1,0,0,0,0,0,0,1,0,0,0,0,0,0,0,0,0,0,0,0,0,0,,,,,,,,,,,
Diptera,Acartophthalmidae,2,1,0,1,0,0,1,0,0,0,0,0,0,0,0,0,0,0,0,0,0,1,0,0,0,0,0,,,,,,,,,,,
Diptera,Acroceridae,10,1,0,1,0,0,1,0,0,0,0,0,0,0,0,0,0,0,0,0,0,0,0,1,0,0,0,,,,,,,,,,,
Diptera,Agromyzidae,553,1,0,1,0,1,0,0,0,0,0,0,0,0,0,0,0,0,1,0,0,0,0,0,0,0,0,,,,,,,,,,,
Diptera,Anisopodidae,6,1,0,1,0,0,2,0,0,0,0,8,0,0,0,0,0,0,0,0,0,0,5,0,5,0,0,0,0,0,0,,,,,,,
Diptera,Anthomyiidae,241,1,0,1,0,0,3,0,1,0,3,0,0,3,0,0,1,0,0,0,7,0,0,0,0,1,0,0,1,0,0,1,0,0,0,,,
Diptera,Anthomyzidae,14,1,0,1,0,0,3,0,0,3,0,0,4,0,0,5,0,0,0,5,0,0,0,0,0,0,0,0,0,0,0,0,,,,,,
Diptera,Asilidae,83,1,0,1,0,0,1,0,0,0,0,0,0,0,0,0,0,0,0,0,0,1,0,0,0,0,0,,,,,,,,,,,
Diptera,Asteiidae,7,1,0,1,0,0,1,0,0,0,0,0,0,0,0,0,0,0,0,0,0,1,0,0,0,0,0,,,,,,,,,,,
Diptera,Atelestidae,3,1,0,1,0,0,1,0,0,0,0,0,0,0,0,0,0,0,0,0,0,0,0,0,0,0,1,,,,,,,,,,,
Diptera,Athericidae,5,0,1,1,0,0,1,0,0,0,0,0,0,0,0,0,0,0,0,0,0,1,0,0,0,0,0,,,,,,,,,,,
Diptera,Aulacigastridae,1,1,0,1,0,0,0,0,1,0,0,0,0,0,0,0,0,0,0,0,0,0,0,0,0,0,0,,,,,,,,,,,
Diptera,Bibionidae,19,1,0,1,0,0,1,0,0,0,0,9,0,0,0,2,0,0,0,0,0,0,0,1,0,7,0,0,0,0,0,0,,,,,,
Diptera,Blephariceridae,7,0,1,1,0,0,0,0,0,1,0,0,0,0,0,0,0,0,0,0,0,0,0,0,0,0,0,,,,,,,,,,,
Diptera,Bolitophilidae,23,1,0,1,0,0,0,1,0,0,0,0,0,0,0,0,0,0,0,0,0,0,0,0,0,0,0,,,,,,,,,,,
Diptera,Bombyliidae,40,1,0,1,0,0,1,0,0,0,0,0,0,0,0,0,0,0,0,0,0,0,0,0,1,0,0,,,,,,,,,,,
Diptera,Braulidae,1,1,0,1,0,0,0,0,0,1,0,0,0,0,0,0,0,0,0,0,0,0,0,0,0,0,0,,,,,,,,,,,
Diptera,Calliphoridae,62,1,0,1,0,0,0,8,0,0,0,0,2,0,0,0,0,0,0,0,0,0,0,0,0,0,0,1,0,,,,,,,,,
Diptera,Camillidae,4,1,0,1,0,0,0,0,0,0,5,0,5,0,0,0,0,0,0,0,0,0,0,0,0,0,0,0,0,,,,,,,,,
Diptera,Campichoetidae,3,1,0,1,0,0,0,0,1,0,0,0,0,0,0,0,0,0,0,0,0,0,0,0,0,0,0,,,,,,,,,,,
Diptera,Canacidae,2,1,0,1,0,0,5,0,0,0,5,0,0,0,0,0,0,0,0,0,0,0,1,0,0,0,0,0,0,,,,,,,,,
Diptera,Canthyloscelidae,1,1,0,1,0,1,0,0,0,0,0,0,1,0,0,0,0,0,0,0,0,0,0,0,0,0,0,,,,,,,,,,,
Diptera,Carnidae,11,1,0,1,0,0,0,0,0,1,0,0,0,0,0,0,0,0,0,0,0,0,0,0,0,0,0,,,,,,,,,,,
Diptera,Cecidomyiidae,805,1,0,1,0,1,0,0,0,0,0,0,0,0,0,0,0,1,0,0,0,0,0,0,0,0,0,,,,,,,,,,,
Diptera,Ceratopogonidae,309,0,1,0,9,1,0,0,0,0,0,0,9,0,1,0,0,0,0,0,0,0,0,0,0,0,0,0,0,0,0,,,,,,,
Diptera,Chamaemyiidae,33,1,0,1,0,0,1,0,0,0,0,0,0,0,0,0,0,0,0,0,0,1,0,0,0,0,0,,,,,,,,,,,
Diptera,Chaoboridae,7,0,1,1,0,0,1,0,0,0,0,0,0,0,0,0,0,0,0,0,0,1,0,0,0,0,0,,,,,,,,,,,
Diptera,Chironomidae,700,0,1,1,0,0,0,0,0,1,0,0,0,0,0,0,0,0,0,0,0,0,0,0,0,0,0,,,,,,,,,,,
Diptera,Chloropidae,213,1,0,1,0,0,7,0,1,0,0,0,1,0,1,0,0,0,0,8,0,1,0,0,1,0,0,0,1,0,0,0,0,0,,,,
Diptera,Chyromyidae,7,1,0,1,0,0,0,0,0,0,5,0,5,0,0,0,0,0,0,0,0,0,0,0,0,0,0,0,0,,,,,,,,,
Diptera,Clusiidae,10,1,0,1,0,1,0,0,0,0,0,0,1,0,0,0,0,0,0,0,0,0,0,0,0,0,0,,,,,,,,,,,
Diptera,Coelopidae,2,1,0,1,0,0,5,0,0,0,0,5,0,0,0,0,0,0,0,0,0,0,1,0,0,0,0,0,0,,,,,,,,,
Diptera,Coenomyiidae,1,1,0,1,0,0,1,0,0,0,0,0,0,0,0,0,0,0,0,0,0,1,0,0,0,0,0,,,,,,,,,,,
Diptera,Conopidae,51,1,0,1,0,0,1,0,0,0,0,0,0,0,0,0,0,0,0,0,0,0,0,0,1,0,0,,,,,,,,,,,
Diptera,Cremifaniidae,1,1,0,1,0,0,1,0,0,0,0,0,0,0,0,0,0,0,0,0,0,0,0,1,0,0,0,,,,,,,,,,,
Diptera,Cryptochetidae,1,1,0,1,0,0,1,0,0,0,0,0,0,0,0,0,0,0,0,0,0,0,0,0,1,0,0,,,,,,,,,,,
Diptera,Culicidae,46,0,1,1,0,0,0,0,0,1,0,0,0,0,0,0,0,0,0,0,0,0,0,0,0,0,0,,,,,,,,,,,
Diptera,Cylindrotomidae,4,0,8,0,2,1,0,1,0,0,0,0,0,0,0,0,0,0,0,0,0,0,1,0,0,0,0,0,0,,,,,,,,,
Diptera,Diadocidiidae,5,1,0,1,0,0,0,1,0,0,0,0,0,0,0,0,0,0,0,0,0,0,0,0,0,0,0,,,,,,,,,,,
Diptera,Diastatidae,6,1,0,1,0,0,0,0,1,0,0,0,0,0,0,0,0,0,0,0,0,0,0,0,0,0,0,,,,,,,,,,,
Diptera,Ditomyiidae,4,1,0,1,0,0,0,1,0,0,0,0,0,0,0,0,0,0,0,0,0,0,0,0,0,0,0,,,,,,,,,,,
Diptera,Dixidae,16,0,1,1,0,0,0,0,1,0,0,0,0,0,0,0,0,0,0,0,0,0,0,0,0,0,0,,,,,,,,,,,
Diptera,Dolichopodidae,359,1,0,1,0,0,1,0,9,0,0,0,0,0,0,0,1,0,0,0,0,0,0,1,0,0,0,0,0,,,,,,,,,
Diptera,Drosophilidae,62,1,0,1,0,0,2,0,1,0,0,7,0,0,0,0,0,1,0,0,0,0,0,0,0,8,0,0,2,0,0,0,,,,,,
Diptera,Dryomyzidae,3,1,0,1,0,0,0,0,0,1,0,0,0,0,0,0,0,0,0,0,0,0,0,0,0,0,0,,,,,,,,,,,
Diptera,Eginiidae,1,1,0,1,0,0,1,0,0,0,0,0,0,0,0,0,0,0,0,0,0,0,0,0,1,0,0,,,,,,,,,,,
Diptera,Empididae,390,0,7,0,3,1,0,0,1,0,0,0,0,0,0,0,0,0,0,0,0,0,0,1,0,0,0,0,0,,,,,,,,,
Diptera,Ephydridae,180,0,3,0,7,1,0,0,1,0,2,0,0,0,7,0,0,0,0,0,0,0,0,1,0,0,0,6,0,0,1,0,0,3,0,,,
Diptera,Fanniidae,59,1,0,1,0,0,0,0,0,1,0,0,0,0,0,0,0,0,0,0,0,0,0,0,0,0,0,,,,,,,,,,,
Diptera,Gasterophilidae,4,1,0,1,0,0,1,0,0,0,0,0,0,0,0,0,0,0,0,0,0,0,0,1,0,0,0,,,,,,,,,,,
Diptera,Helcomyzidae,3,1,0,1,0,0,0,0,0,1,0,0,0,0,0,0,0,0,0,0,0,0,0,0,0,0,0,,,,,,,,,,,
Diptera,Heleomyzidae,80,1,0,1,0,0,1,0,2,0,1,0,0,3,0,3,0,0,0,0,0,0,0,0,0,1,0,0,0,0,1,0,,,,,,
Diptera,Hesperinidae,1,1,0,1,0,0,0,0,0,1,0,0,0,0,0,0,0,0,0,0,0,0,0,0,0,0,0,,,,,,,,,,,
Diptera,Hilarimorphidae,2,1,0,1,0,0,1,0,0,0,0,0,0,0,0,0,0,0,0,0,0,1,0,0,0,0,0,,,,,,,,,,,
Diptera,Hippoboscidae,14,1,0,1,0,0,0,1,0,0,0,9,0,0,0,0,0,0,0,0,0,0,0,0,0,0,0,0,1,,,,,,,,,
Diptera,Hybotidae,231,1,0,1,0,0,1,0,0,0,0,0,0,0,0,0,0,0,0,0,0,1,0,0,0,0,0,,,,,,,,,,,
Diptera,Hypodermatidae,5,1,0,1,0,0,1,0,0,0,0,0,0,0,0,0,0,0,0,0,0,0,0,1,0,0,0,,,,,,,,,,,
Diptera,Keroplatidae,60,1,0,1,0,0,0,5,0,5,0,0,0,0,0,0,0,0,0,0,0,0,0,0,0,0,0,1,0,,,,,,,,,
Diptera,Lauxaniidae,75,1,0,1,0,0,1,0,0,0,0,9,0,0,0,5,0,0,0,0,0,2,0,3,0,0,0,0,0,0,0,0,,,,,,
Diptera,Limoniidae,278,0,5,0,5,1,0,0,1,0,0,1,0,0,8,0,0,1,0,0,0,0,0,0,0,0,0,0,0,0,0,0,,,,,,
Diptera,Lonchaeidae,48,1,0,1,0,0,7,0,0,0,2,0,1,0,0,0,9,0,0,0,0,0,0,0,0,1,0,0,0,0,0,0,,,,,,
Diptera,Lonchopteridae,9,1,0,1,0,0,1,0,0,2,0,0,6,0,1,0,1,0,0,0,0,0,0,0,0,0,0,0,0,0,0,,,,,,,
Diptera,Megamerinidae,1,1,0,1,0,0,1,0,0,0,0,0,0,0,0,0,0,0,0,0,0,1,0,0,0,0,0,,,,,,,,,,,
Diptera,Micropezidae,13,1,0,1,0,0,4,0,0,2,0,4,0,0,0,0,0,0,0,0,0,0,0,2,0,8,0,0,0,0,0,0,,,,,,
Diptera,Microphoridae,6,1,0,1,0,1,0,0,0,0,0,0,0,0,0,0,0,0,0,0,1,0,0,0,0,0,0,,,,,,,,,,,
Diptera,Milichiidae,14,1,0,1,0,0,3,0,0,0,0,7,0,0,1,0,0,0,0,0,0,0,0,0,0,0,0,0,0,,,,,,,,,
Diptera,Muscidae,324,1,0,1,0,0,3,0,1,0,1,0,1,0,2,0,2,0,0,2,0,0,0,0,0,0,7,0,0,1,0,9,0,0,0,0,1,0
Diptera,Mycetobiidae,2,1,0,1,0,1,0,0,0,0,0,0,1,0,0,0,0,0,0,0,0,0,0,0,0,0,0,,,,,,,,,,,
Diptera,Mycetophilidae,587,1,0,1,0,0,0,1,0,8,0,0,1,0,0,0,0,0,0,0,0,0,0,0,1,0,0,0,0,0,,,,,,,,
Diptera,Neottiophilidae,1,1,0,1,0,0,0,1,0,8,0,0,1,0,0,0,0,0,0,0,0,0,0,0,0,0,0,0,1,0,,,,,,,,
Diptera,Nycteribiidae,8,1,0,1,0,0,1,0,0,0,0,0,0,0,0,0,0,0,0,0,0,0,0,0,0,0,1,,,,,,,,,,,
Diptera,Odiniidae,9,1,0,1,0,0,1,0,0,0,0,0,0,0,0,0,0,0,0,0,0,0,0,0,1,0,0,,,,,,,,,,,
Diptera,Oestridae,6,1,0,1,0,0,1,0,0,0,0,0,0,0,0,0,0,0,0,0,0,0,0,1,0,0,0,,,,,,,,,,,
Diptera,Opetiidae,1,1,0,1,0,0,0,1,0,0,0,0,0,0,0,0,0,0,0,0,0,0,0,0,0,0,0,,,,,,,,,,,
Diptera,Opomyzidae,19,1,0,1,0,1,0,0,0,0,0,0,0,0,1,0,0,0,0,0,0,0,0,0,0,0,0,,,,,,,,,,,
Diptera,Otitidae,27,1,0,1,0,0,0,0,0,2,0,8,0,0,0,0,0,0,0,0,0,0,0,0,0,0,0,0,0,,,,,,,,,
Diptera,Pallopteridae,17,1,0,1,0,0,1,0,0,0,0,0,0,0,0,0,0,0,0,0,0,1,0,0,0,0,0,,,,,,,,,,,
Diptera,Pediciidae,36,0,1,0,9,1,0,0,2,0,0,3,0,0,5,0,0,0,0,0,0,0,0,0,0,1,0,0,0,0,0,0,,,,,,
Diptera,Penthetriidae,2,1,0,1,0,0,0,0,0,1,0,0,0,0,0,0,0,0,0,0,0,0,0,0,0,0,0,,,,,,,,,,,
Diptera,Periscelididae,7,1,0,1,0,0,0,0,1,0,0,0,0,0,0,0,0,0,0,0,0,0,0,0,0,0,0,,,,,,,,,,,
Diptera,Phaeomyiidae,3,1,0,1,0,0,1,0,0,0,0,0,0,0,0,0,0,0,0,0,0,1,0,0,0,0,0,,,,,,,,,,,
Diptera,Phoridae,377,1,0,1,0,0,0,4,0,2,0,0,4,0,0,0,0,0,0,0,0,0,0,0,0,5,0,0,0,5,0,0,,,,,,
Diptera,Piophilidae,12,1,0,1,0,0,1,0,0,0,0,0,0,0,0,0,0,0,0,0,0,0,0,0,0,1,0,,,,,,,,,,,
Diptera,Pipunculidae,121,1,0,1,0,0,1,0,0,0,0,0,0,0,0,0,0,0,0,0,0,0,0,0,1,0,0,,,,,,,,,,,
Diptera,Platypezidae,27,1,0,1,0,0,2,0,0,8,0,0,0,0,1,0,0,0,0,0,0,0,0,0,0,0,0,0,0,,,,,,,,,
Diptera,Platystomatidae,3,1,0,1,0,0,4,0,2,0,0,0,4,0,0,0,0,0,0,0,0,0,0,1,1,0,0,0,0,0,,,,,,,,
Diptera,Pseudopomyzidae,1,1,0,1,0,1,0,0,0,0,0,0,1,0,0,0,0,0,0,0,0,0,0,0,0,0,0,,,,,,,,,,,
Diptera,Psilidae,33,1,0,1,0,1,0,0,0,0,0,0,0,0,0,0,0,0,0,0,1,0,0,0,0,0,0,,,,,,,,,,,
Diptera,Psychodidae,157,0,3,0,7,1,0,0,1,0,7,0,0,0,2,0,0,0,0,0,0,0,0,0,0,1,0,0,8,0,0,0,0,2,,,,
Diptera,Ptychopteridae,8,0,1,1,0,1,0,0,0,0,0,0,0,0,0,0,0,0,0,0,1,0,0,0,0,0,0,,,,,,,,,,,
Diptera,Pyrgotidae,1,1,0,1,0,0,1,0,0,0,0,0,0,0,0,0,0,0,0,0,0,0,0,0,1,0,0,,,,,,,,,,,
Diptera,Rhagionidae,35,1,0,1,0,0,1,0,8,0,0,0,1,0,0,0,0,0,0,0,0,0,0,1,1,0,0,0,0,0,,,,,,,,
Diptera,Rhinophoridae,12,1,0,1,0,0,1,0,0,0,0,0,0,0,0,0,0,0,0,0,0,0,0,0,1,0,0,,,,,,,,,,,
Diptera,Sarcophagidae,131,1,0,1,0,0,0,8,0,0,0,0,2,0,0,0,0,0,0,0,0,0,0,0,2,0,0,0,4,0,4,0,,,,,,
Diptera,Scathophagidae,66,1,0,1,0,0,3,0,3,0,0,0,1,0,3,0,0,2,0,0,2,0,2,0,0,2,0,2,0,0,1,0,0,0,0,0,,
Diptera,Scatopsidae,45,1,0,1,0,0,1,0,0,2,0,0,1,0,6,0,0,5,0,0,0,0,0,0,0,0,5,0,0,0,0,0,0,,,,,
Diptera,Scenopinidae,3,1,0,1,0,0,1,0,8,0,0,0,1,0,0,0,0,0,0,0,0,0,0,1,1,0,0,0,0,0,,,,,,,,
Diptera,Sciaridae,421,1,0,1,0,0,1,0,0,4,0,5,0,0,0,0,0,0,0,0,0,0,2,0,2,0,6,0,0,0,0,0,0,,,,,
Diptera,Sciomyzidae,81,1,0,1,0,0,1,0,0,0,0,0,0,0,0,0,0,0,0,0,0,0,4,0,0,0,2,0,2,0,2,,,,,,,
Diptera,Sepsidae,31,1,0,1,0,0,0,0,0,0,2,0,8,0,0,0,0,0,0,0,0,0,0,0,0,0,0,0,0,,,,,,,,,
Diptera,Simuliidae,48,0,1,1,0,0,0,0,0,1,0,0,0,0,0,0,0,0,0,0,0,0,0,0,0,0,0,,,,,,,,,,,
Diptera,Sphaeroceridae,135,1,0,1,0,0,0,0,0,1,0,0,0,0,0,0,0,0,0,0,0,0,0,0,0,0,0,,,,,,,,,,,
Diptera,Stratiomyidae,67,0,5,0,5,1,0,0,3,0,0,0,0,7,0,0,0,9,0,0,0,0,0,0,0,0,1,0,0,0,0,0,0,,,,,
Diptera,Strongylophthalmyiidae,1,1,0,1,0,0,0,0,0,1,0,0,0,0,0,0,0,0,0,0,0,0,0,0,0,0,0,,,,,,,,,,,
Diptera,Syrphidae,474,0,8,0,2,1,0,0,3,0,5,0,0,1,0,1,0,0,0,3,0,0,3,0,0,0,0,0,3,0,1,1,0,0,0,0,0,
Diptera,Tabanidae,57,0,1,1,0,0,0,5,0,0,0,5,0,0,0,0,0,0,0,0,0,0,0,1,0,0,0,0,0,,,,,,,,,
Diptera,Tachinidae,496,1,0,1,0,0,1,0,0,0,0,0,0,0,0,0,0,0,0,0,0,0,0,1,0,0,0,,,,,,,,,,,
Diptera,Tanypezidae,1,1,0,1,0,0,0,0,0,1,0,0,0,0,0,0,0,0,0,0,0,0,0,0,0,0,0,,,,,,,,,,,
Diptera,Tephritidae,111,1,0,1,0,1,0,0,0,0,0,0,0,0,0,5,0,4,0,0,1,0,0,0,0,0,0,0,0,0,,,,,,,,
Diptera,Tethinidae,10,1,0,1,0,0,0,0,0,1,0,0,0,0,0,0,0,0,0,0,0,0,0,0,0,0,0,,,,,,,,,,,
Diptera,Thaumaleidae,16,0,1,1,0,0,2,0,0,0,0,8,0,0,0,0,0,0,0,0,0,0,1,0,0,0,0,0,0,,,,,,,,,
Diptera,Therevidae,32,1,0,1,0,0,1,0,0,0,0,0,0,0,0,0,0,0,0,0,0,1,0,0,0,0,0,,,,,,,,,,,
Diptera,Thyreophoridae,2,1,0,1,0,0,1,0,0,0,0,0,0,0,0,0,0,0,0,0,0,0,0,0,0,1,0,,,,,,,,,,,
Diptera,Tipulidae,135,0,9,0,1,1,0,0,1,0,0,0,0,9,0,0,0,0,0,0,0,0,0,1,0,0,0,0,0,0,0,,,,,,,
Diptera,Trichoceridae,19,1,0,1,0,0,0,0,0,1,0,0,0,0,0,0,0,0,0,0,0,0,0,0,0,0,0,,,,,,,,,,,
Diptera,Trixoscelididae,4,1,0,1,0,0,3,0,2,0,2,0,0,3,0,0,0,0,0,0,0,0,0,0,1,0,0,0,0,1,0,,,,,,,
Diptera,Ulidiidae,5,1,0,1,0,0,1,0,0,0,1,0,8,0,0,1,0,0,0,0,0,0,0,0,0,0,0,0,0,0,,,,,,,,
Diptera,Xylomyidae,3,1,0,1,0,1,0,0,0,0,0,0,1,0,0,0,0,0,0,0,0,0,0,0,0,0,0,,,,,,,,,,,
Diptera,Xylophagidae,4,1,0,1,0,1,0,0,0,0,0,0,1,0,0,0,0,0,0,0,0,0,0,0,0,0,0,,,,,,,,,,,
Ephemeroptera,Ameletidae,2,0,1,1,0,0,0,0,0,1,0,0,0,0,0,0,0,0,0,0,0,0,0,0,0,0,0,,,,,,,,,,,
Ephemeroptera,Ametropodidae,1,0,1,1,0,0,0,0,0,1,0,0,0,0,0,0,0,0,0,0,0,0,0,0,0,0,0,,,,,,,,,,,
Ephemeroptera,Arthropleidae,1,0,1,1,0,0,0,0,0,1,0,0,0,0,0,0,0,0,0,0,0,0,0,0,0,0,0,,,,,,,,,,,
Ephemeroptera,Baetidae,28,0,1,1,0,0,0,0,0,1,0,0,0,0,0,0,0,0,0,0,0,0,0,0,0,0,0,,,,,,,,,,,
Ephemeroptera,Caenidae,10,0,1,1,0,0,1,0,0,0,0,9,0,0,0,0,0,0,0,0,0,0,1,0,0,0,0,0,0,,,,,,,,,
Ephemeroptera,Ephemerellidae,5,0,1,1,0,0,9,0,1,0,0,0,0,0,0,0,0,0,0,0,0,0,1,1,0,0,0,0,0,,,,,,,,,
Ephemeroptera,Ephemeridae,4,0,1,1,0,0,1,0,0,0,0,0,0,0,0,0,0,0,0,0,0,1,0,0,0,0,0,,,,,,,,,,,
Ephemeroptera,Heptageniidae,44,0,1,1,0,0,3,0,3,0,0,0,4,0,0,0,0,0,0,0,0,0,0,1,1,0,0,0,0,0,,,,,,,,
Ephemeroptera,Isonychiidae,1,0,1,1,0,0,0,0,0,1,0,0,0,0,0,0,0,0,0,0,0,0,0,0,0,0,0,,,,,,,,,,,
Ephemeroptera,Leptophlebiidae,11,0,1,1,0,0,0,0,0,1,0,0,0,0,0,0,0,0,0,0,0,0,0,0,0,0,0,,,,,,,,,,,
Ephemeroptera,Oligoneuriidae,1,0,1,1,0,0,8,0,0,0,0,2,0,0,0,0,0,0,0,0,0,0,1,0,0,0,0,0,0,,,,,,,,,
Ephemeroptera,Palingeniidae,1,0,1,1,0,0,1,0,0,0,0,0,0,0,0,0,0,0,0,0,0,1,0,0,0,0,0,,,,,,,,,,,
Ephemeroptera,Polymitarcyidae,1,0,1,1,0,0,1,0,0,0,0,0,0,0,0,0,0,0,0,0,0,1,0,0,0,0,0,,,,,,,,,,,
Ephemeroptera,Potamanthidae,1,0,1,1,0,0,0,0,0,1,0,0,0,0,0,0,0,0,0,0,0,0,0,0,0,0,0,,,,,,,,,,,
Ephemeroptera,Siphlonuridae,5,0,1,1,0,0,0,0,0,1,0,0,0,0,0,0,0,0,0,0,0,0,0,0,0,0,0,,,,,,,,,,,
Heteroptera,Acanthosomatidae,7,1,0,1,0,1,0,0,0,0,0,0,0,1,0,0,0,0,0,0,0,0,0,0,0,0,0,,,,,,,,,,,
Heteroptera,Alydidae,3,1,0,1,0,1,0,0,0,0,0,0,0,1,0,0,0,0,0,0,0,0,0,0,0,0,0,,,,,,,,,,,
Heteroptera,Anthocoridae,48,1,0,1,0,0,1,0,0,0,0,0,0,0,0,0,0,0,0,0,0,1,0,0,0,0,0,,,,,,,,,,,
Heteroptera,Aphelocheiridae,1,0,1,0,1,0,1,0,0,0,0,0,0,0,0,0,0,0,0,0,0,1,0,0,0,0,0,,,,,,,,,,,
Heteroptera,Aradidae,25,1,0,1,0,0,0,1,0,0,0,0,0,0,0,0,0,0,0,0,0,0,0,0,0,0,0,,,,,,,,,,,
Heteroptera,Artheneidae,2,1,0,1,0,1,0,0,0,0,0,0,0,0,5,0,0,0,5,0,0,0,0,0,0,0,0,0,0,,,,,,,,,
Heteroptera,Berytidae,11,1,0,1,0,1,0,0,0,0,0,0,0,1,0,0,0,0,0,0,0,0,0,0,0,0,0,,,,,,,,,,,
Heteroptera,Blissidae,2,1,0,1,0,1,0,0,0,0,0,0,0,1,0,0,0,0,0,0,0,0,0,0,0,0,0,,,,,,,,,,,
Heteroptera,Ceratocombidae,2,1,0,1,0,0,1,0,0,0,0,0,0,0,0,0,0,0,0,0,0,1,0,0,0,0,0,,,,,,,,,,,
Heteroptera,Cimicidae,5,1,0,1,0,0,1,0,0,0,0,0,0,0,0,0,0,0,0,0,0,0,1,0,0,0,0,,,,,,,,,,,
Heteroptera,Coreidae,19,1,0,1,0,1,0,0,0,0,0,0,0,1,0,0,0,0,0,0,0,0,0,0,0,0,0,,,,,,,,,,,
Heteroptera,Corixidae,36,0,1,0,1,0,1,0,0,0,0,0,0,0,0,0,0,0,0,0,0,1,0,0,0,0,0,,,,,,,,,,,
Heteroptera,Cydnidae,16,1,0,1,0,1,0,0,0,0,0,0,0,1,0,0,0,0,0,0,0,0,0,0,0,0,0,,,,,,,,,,,
Heteroptera,Cymidae,4,1,0,1,0,1,0,0,0,0,0,0,0,1,0,0,0,0,0,0,0,0,0,0,0,0,0,,,,,,,,,,,
Heteroptera,Dipsocoridae,3,1,0,1,0,0,1,0,0,0,0,0,0,0,0,0,0,0,0,0,0,1,0,0,0,0,0,,,,,,,,,,,
Heteroptera,Geocoridae,4,1,0,1,0,0,1,0,0,0,0,0,0,0,0,0,0,0,0,0,0,1,0,0,0,0,0,,,,,,,,,,,
Heteroptera,Gerridae,12,0,1,0,1,0,1,0,0,0,0,0,0,0,0,0,0,0,0,0,0,0,8,0,0,0,0,2,0,,,,,,,,,
Heteroptera,Hebridae,2,0,1,0,1,0,1,0,0,0,0,0,0,0,0,0,0,0,0,0,0,1,0,0,0,0,0,,,,,,,,,,,
Heteroptera,Heterogastridae,5,1,0,1,0,1,0,0,0,0,0,0,0,1,0,0,0,0,0,0,0,0,0,0,0,0,0,,,,,,,,,,,
Heteroptera,Hydrometridae,2,0,1,0,8,0,2,0,1,0,0,0,0,0,0,0,0,0,0,0,0,0,0,0,5,0,0,0,0,5,0,,,,,,,
Heteroptera,Leptopodidae,1,1,0,1,0,0,1,0,0,0,0,0,0,0,0,0,0,0,0,0,0,1,0,0,0,0,0,,,,,,,,,,,
Heteroptera,Lygaeidae,22,1,0,1,0,1,0,0,0,0,0,0,0,1,0,0,0,0,0,0,0,0,0,0,0,0,0,,,,,,,,,,,
Heteroptera,Mesoveliidae,1,0,1,0,1,0,1,0,0,0,0,0,0,0,0,0,0,0,0,0,0,0,5,0,0,0,0,5,0,,,,,,,,,
Heteroptera,Microphysidae,8,1,0,1,0,0,1,0,0,0,0,0,0,0,0,0,0,0,0,0,0,1,0,0,0,0,0,,,,,,,,,,,
Heteroptera,Miridae,335,1,0,1,0,0,8,0,2,0,0,0,0,0,0,1,0,0,0,0,0,0,0,1,0,0,0,0,0,,,,,,,,,
Heteroptera,Nabidae,16,1,0,1,0,0,1,0,0,0,0,0,0,0,0,0,0,0,0,0,0,1,0,0,0,0,0,,,,,,,,,,,
Heteroptera,Naucoridae,1,0,1,0,1,0,1,0,0,0,0,0,0,0,0,0,0,0,0,0,0,1,0,0,0,0,0,,,,,,,,,,,
Heteroptera,Nepidae,2,0,1,0,1,0,1,0,0,0,0,0,0,0,0,0,0,0,0,0,0,1,0,0,0,0,0,,,,,,,,,,,
Heteroptera,Notonectidae,6,0,1,0,1,0,1,0,0,0,0,0,0,0,0,0,0,0,0,0,0,1,0,0,0,0,0,,,,,,,,,,,
Heteroptera,Oxycarenidae,13,1,0,1,0,1,0,0,0,0,0,0,0,1,0,0,0,0,0,0,0,0,0,0,0,0,0,,,,,,,,,,,
Heteroptera,Pentatomidae,51,1,0,1,0,1,0,0,0,0,0,0,0,1,0,0,0,0,0,0,0,0,0,0,0,0,0,,,,,,,,,,,
Heteroptera,Piesmatidae,6,1,0,1,0,1,0,0,0,0,0,0,0,1,0,0,0,0,0,0,0,0,0,0,0,0,0,,,,,,,,,,,
Heteroptera,Plataspidae,1,1,0,1,0,1,0,0,0,0,0,0,0,1,0,0,0,0,0,0,0,0,0,0,0,0,0,,,,,,,,,,,
Heteroptera,Pleidae,1,0,1,0,1,0,1,0,0,0,0,0,0,0,0,0,0,0,0,0,0,1,0,0,0,0,0,,,,,,,,,,,
Heteroptera,Pyrrhocoridae,2,1,0,1,0,1,0,0,0,0,0,0,0,0,0,0,1,0,0,0,0,0,0,0,0,0,0,,,,,,,,,,,
Heteroptera,Reduviidae,13,1,0,1,0,0,1,0,0,0,0,0,0,0,0,0,0,0,0,0,0,1,0,0,0,0,0,,,,,,,,,,,
Heteroptera,Rhopalidae,15,1,0,1,0,1,0,0,0,0,0,0,0,0,0,0,1,0,0,0,0,0,0,0,0,0,0,,,,,,,,,,,
Heteroptera,Rhyparochromidae,82,1,0,1,0,1,0,0,0,0,0,0,0,1,0,0,0,0,0,0,0,0,0,0,0,0,0,,,,,,,,,,,
Heteroptera,Saldidae,25,1,0,1,0,0,1,0,0,0,0,0,0,0,0,0,0,0,0,0,0,1,0,0,0,0,0,,,,,,,,,,,
Heteroptera,Scutelleridae,10,1,0,1,0,1,0,0,0,0,0,0,0,1,0,0,0,0,0,0,0,0,0,0,0,0,0,,,,,,,,,,,
Heteroptera,Stenocephalidae,3,1,0,1,0,1,0,0,0,0,0,0,0,1,0,0,0,0,0,0,0,0,0,0,0,0,0,,,,,,,,,,,
Heteroptera,Tingidae,64,1,0,1,0,1,0,0,0,0,0,0,0,1,0,0,0,0,0,0,0,0,0,0,0,0,0,,,,,,,,,,,
Heteroptera,Veliidae,5,0,1,0,1,0,1,0,0,0,0,0,0,0,0,0,0,0,0,0,0,1,0,0,0,0,0,,,,,,,,,,,
Hymenoptera,Ampulicidae,3,1,0,1,0,0,1,0,0,0,0,0,0,0,0,0,0,0,0,0,0,1,0,0,0,0,0,,,,,,,,,,,
Hymenoptera,Aphelinidae,52,1,0,1,0,0,1,0,0,0,0,0,0,0,0,0,0,0,0,0,0,0,0,0,1,0,0,,,,,,,,,,,
Hymenoptera,Apidae,631,1,0,1,0,0,9,0,1,0,0,0,0,0,0,0,0,1,0,0,0,0,0,0,0,0,1,0,0,,,,,,,,,
Hymenoptera,Argidae,40,1,0,1,0,1,0,0,0,0,0,1,0,0,0,0,0,0,0,0,0,0,0,0,0,0,0,,,,,,,,,,,
Hymenoptera,Aulacidae,6,1,0,1,0,0,1,0,0,0,0,0,0,0,0,0,0,0,0,0,0,0,0,0,1,0,0,,,,,,,,,,,
Hymenoptera,Bethylidae,29,1,0,1,0,0,1,0,0,0,0,0,0,0,0,0,0,0,0,0,0,1,0,0,0,0,0,,,,,,,,,,,
Hymenoptera,Blasticotomidae,1,1,0,1,0,1,0,0,0,0,0,0,0,0,0,0,0,0,1,0,0,0,0,0,0,0,0,,,,,,,,,,,
Hymenoptera,Braconidae,1533,1,0,1,0,0,1,0,0,0,0,0,0,0,0,0,0,0,0,0,0,0,0,0,1,0,0,,,,,,,,,,,
Hymenoptera,Cephidae,18,1,0,1,0,1,0,0,0,0,0,0,0,0,0,0,0,0,1,0,0,0,0,0,0,0,0,,,,,,,,,,,
Hymenoptera,Ceraphronidae,14,1,0,1,0,0,1,0,0,0,0,0,0,0,0,0,0,0,0,0,0,0,0,0,1,0,0,,,,,,,,,,,
Hymenoptera,Chalcididae,24,1,0,1,0,0,1,0,0,0,0,0,0,0,0,0,0,0,0,0,0,0,0,0,1,0,0,,,,,,,,,,,
Hymenoptera,Chrysididae,137,1,0,1,0,0,1,0,0,0,0,0,0,0,0,0,0,0,0,0,0,0,0,0,1,0,0,,,,,,,,,,,
Hymenoptera,Cimbicidae,23,1,0,1,0,1,0,0,0,0,0,1,0,0,0,0,0,0,0,0,0,0,0,0,0,0,0,,,,,,,,,,,
Hymenoptera,Crabronidae,287,1,0,1,0,0,1,0,0,0,0,0,0,0,0,0,0,0,0,0,0,0,9,0,0,0,1,0,0,,,,,,,,,
Hymenoptera,Cynipidae,113,1,0,1,0,1,0,0,0,0,0,0,0,0,0,0,0,1,0,0,0,0,0,0,0,0,0,,,,,,,,,,,
Hymenoptera,Diapriidae,275,1,0,1,0,0,1,0,0,0,0,0,0,0,0,0,0,0,0,0,0,0,0,0,1,0,0,,,,,,,,,,,
Hymenoptera,Diprionidae,16,1,0,1,0,1,0,0,0,0,0,1,0,0,0,0,0,0,0,0,0,0,0,0,0,0,0,,,,,,,,,,,
Hymenoptera,Dryinidae,38,1,0,1,0,0,1,0,0,0,0,0,0,0,0,0,0,0,0,0,0,0,0,0,1,0,0,,,,,,,,,,,
Hymenoptera,Embolemidae,1,1,0,1,0,0,1,0,0,0,0,0,0,0,0,0,0,0,0,0,0,0,0,0,1,0,0,,,,,,,,,,,
Hymenoptera,Encyrtidae,177,1,0,1,0,0,1,0,0,0,0,0,0,0,0,0,0,0,0,0,0,0,0,0,1,0,0,,,,,,,,,,,
Hymenoptera,Eucharitidae,2,1,0,1,0,0,1,0,0,0,0,0,0,0,0,0,0,0,0,0,0,0,0,0,1,0,0,,,,,,,,,,,
Hymenoptera,Eulophidae,464,1,0,1,0,0,1,0,9,0,0,0,0,1,0,0,0,0,0,0,0,0,0,0,0,0,1,0,0,,,,,,,,,
Hymenoptera,Eupelmidae,29,1,0,1,0,0,1,0,0,0,0,0,0,0,0,0,0,0,0,0,0,0,0,0,1,0,0,,,,,,,,,,,
Hymenoptera,Eurytomidae,114,1,0,1,0,0,5,0,5,0,0,0,0,0,0,0,0,5,0,0,0,5,0,0,0,0,0,0,1,0,0,,,,,,,
Hymenoptera,Evaniidae,2,1,0,1,0,0,1,0,0,0,0,0,0,0,0,0,0,0,0,0,0,0,0,0,1,0,0,,,,,,,,,,,
Hymenoptera,Figitidae,100,1,0,1,0,0,1,0,0,0,0,0,0,0,0,0,0,0,0,0,0,0,0,0,1,0,0,,,,,,,,,,,
Hymenoptera,Formicidae,187,1,0,1,0,0,1,0,9,0,0,0,0,0,0,0,0,0,0,0,0,0,1,0,9,0,0,0,1,0,0,,,,,,,
Hymenoptera,Gasteruptiidae,13,1,0,1,0,0,1,0,0,0,0,0,0,0,0,0,0,0,0,0,0,0,0,0,1,0,0,,,,,,,,,,,
Hymenoptera,Heloridae,4,1,0,1,0,0,1,0,0,0,0,0,0,0,0,0,0,0,0,0,0,0,0,0,1,0,0,,,,,,,,,,,
Hymenoptera,Ibaliidae,5,1,0,1,0,0,1,0,0,0,0,0,0,0,0,0,0,0,0,0,0,0,0,0,1,0,0,,,,,,,,,,,
Hymenoptera,Ichneumonidae,3385,1,0,1,0,0,1,0,0,0,0,0,0,0,0,0,0,0,0,0,0,0,0,0,1,0,0,,,,,,,,,,,
Hymenoptera,Leucospidae,3,1,0,1,0,0,1,0,0,0,0,0,0,0,0,0,0,0,0,0,0,0,0,0,1,0,0,,,,,,,,,,,
Hymenoptera,Megalodontesidae,6,1,0,1,0,1,0,0,0,0,0,1,0,0,0,0,0,0,0,0,0,0,0,0,0,0,0,,,,,,,,,,,
Hymenoptera,Megaspilidae,22,1,0,1,0,0,1,0,0,0,0,0,0,0,0,0,0,0,0,0,0,0,0,0,1,0,0,,,,,,,,,,,
Hymenoptera,Mutillidae,15,1,0,1,0,0,1,0,0,0,0,0,0,0,0,0,0,0,0,0,0,0,0,0,1,0,0,,,,,,,,,,,
Hymenoptera,Mymaridae,106,1,0,1,0,0,1,0,0,0,0,0,0,0,0,0,0,0,0,0,0,0,0,0,1,0,0,,,,,,,,,,,
Hymenoptera,Mymarommatidae,1,1,0,1,0,0,1,0,0,0,0,0,0,0,0,0,0,0,0,0,0,0,0,0,1,0,0,,,,,,,,,,,
Hymenoptera,Ormyridae,14,1,0,1,0,0,1,0,0,0,0,0,0,0,0,0,0,0,0,0,0,0,0,0,1,0,0,,,,,,,,,,,
Hymenoptera,Orussidae,3,1,0,1,0,0,1,0,0,0,0,0,0,0,0,0,0,0,0,0,0,0,0,0,1,0,0,,,,,,,,,,,
Hymenoptera,Pamphiliidae,52,1,0,1,0,1,0,0,0,0,0,1,0,0,0,0,0,0,0,0,0,0,0,0,0,0,0,,,,,,,,,,,
Hymenoptera,Perilampidae,43,1,0,1,0,0,1,0,0,0,0,0,0,0,0,0,0,0,0,0,0,0,0,0,1,0,0,,,,,,,,,,,
Hymenoptera,Platygastridae,47,1,0,1,0,0,1,0,0,0,0,0,0,0,0,0,0,0,0,0,0,0,0,0,1,0,0,,,,,,,,,,,
Hymenoptera,Pompilidae,102,1,0,1,0,0,1,0,0,0,0,0,0,0,0,0,0,0,0,0,0,1,0,0,0,0,0,,,,,,,,,,,
Hymenoptera,Proctotrupidae,43,1,0,1,0,0,1,0,0,0,0,0,0,0,0,0,0,0,0,0,0,0,0,0,1,0,0,,,,,,,,,,,
Hymenoptera,Pteromalidae,695,1,0,1,0,0,1,0,0,0,0,0,0,0,0,0,0,0,0,0,0,0,0,0,1,0,0,,,,,,,,,,,
Hymenoptera,Sapygidae,4,1,0,1,0,0,1,0,0,0,0,0,0,0,0,0,0,0,0,0,0,0,0,0,1,0,0,,,,,,,,,,,
Hymenoptera,Scelionidae,42,1,0,1,0,0,1,0,0,0,0,0,0,0,0,0,0,0,0,0,0,0,0,0,1,0,0,,,,,,,,,,,
Hymenoptera,Scoliidae,4,1,0,1,0,0,1,0,0,0,0,0,0,0,0,0,0,0,0,0,0,0,0,0,1,0,0,,,,,,,,,,,
Hymenoptera,Signiphoridae,2,1,0,1,0,0,1,0,0,0,0,0,0,0,0,0,0,0,0,0,0,0,0,0,1,0,0,,,,,,,,,,,
Hymenoptera,Siricidae,11,1,0,1,0,1,0,0,0,0,0,0,1,0,0,0,0,0,0,0,0,0,0,0,0,0,0,,,,,,,,,,,
Hymenoptera,Sphecidae,12,1,0,1,0,0,1,0,0,0,0,0,0,0,0,0,0,0,0,0,0,1,0,0,0,0,0,,,,,,,,,,,
Hymenoptera,Stephanidae,1,1,0,1,0,0,1,0,0,0,0,0,0,0,0,0,0,0,0,0,0,0,0,0,1,0,0,,,,,,,,,,,
Hymenoptera,Tenthredinidae,626,1,0,1,0,1,0,0,0,0,0,0,8,0,0,0,0,0,0,1,0,1,0,0,0,0,0,0,0,0,,,,,,,,
Hymenoptera,Tetracampidae,8,1,0,1,0,0,1,0,0,0,0,0,0,0,0,0,0,0,0,0,0,0,0,0,1,0,0,,,,,,,,,,,
Hymenoptera,Tiphiidae,9,1,0,1,0,0,1,0,0,0,0,0,0,0,0,0,0,0,0,0,0,0,0,0,1,0,0,,,,,,,,,,,
Hymenoptera,Torymidae,99,1,0,1,0,0,1,0,9,0,0,0,0,1,0,0,0,0,0,0,0,0,0,0,0,0,1,0,0,,,,,,,,,
Hymenoptera,Trichogrammatidae,26,1,0,1,0,0,1,0,0,0,0,0,0,0,0,0,0,0,0,0,0,0,0,0,1,0,0,,,,,,,,,,,
Hymenoptera,Trigonalidae,1,1,0,1,0,0,1,0,0,0,0,0,0,0,0,0,0,0,0,0,0,0,0,0,1,0,0,,,,,,,,,,,
Hymenoptera,Vespidae,101,1,0,1,0,0,1,0,0,0,0,0,0,0,0,0,0,0,0,0,0,0,9,0,0,0,1,0,0,,,,,,,,,
Hymenoptera,Xiphydriidae,5,1,0,1,0,1,0,0,0,0,0,0,1,0,0,0,0,0,0,0,0,0,0,0,0,0,0,,,,,,,,,,,
Hymenoptera,Xyelidae,7,1,0,1,0,1,0,0,0,0,0,0,9,0,0,0,0,0,0,0,1,0,0,0,0,0,0,0,0,,,,,,,,,
Lepidoptera,Adelidae,29,1,0,1,0,1,0,0,0,0,0,0,2,0,0,0,0,0,0,0,6,0,0,2,0,0,0,0,0,0,,,,,,,,
Lepidoptera,Alucitidae,6,1,0,1,0,1,0,0,0,0,0,0,0,0,0,0,0,0,1,0,0,0,0,0,0,0,0,,,,,,,,,,,
Lepidoptera,Argyresthiidae,30,1,0,1,0,1,0,0,0,0,0,0,5,0,0,0,0,2,0,0,0,0,0,3,0,0,0,0,0,0,,,,,,,,
Lepidoptera,Autostichidae,6,1,0,1,0,0,3,0,2,0,0,0,5,0,0,0,0,0,0,0,0,0,0,1,0,0,0,0,1,0,,,,,,,,
Lepidoptera,Batrachedridae,2,1,0,1,0,1,0,0,0,0,0,0,0,0,0,0,0,0,1,0,0,0,0,0,0,0,0,,,,,,,,,,,
Lepidoptera,Bedelliidae,1,1,0,1,0,1,0,0,0,0,0,0,0,0,0,0,0,0,1,0,0,0,0,0,0,0,0,,,,,,,,,,,
Lepidoptera,Blastobasidae,5,1,0,1,0,0,1,0,0,0,0,9,0,0,0,0,0,0,0,0,0,0,1,0,0,0,0,0,0,,,,,,,,,
Lepidoptera,Bombycidae,1,1,0,1,0,1,0,0,0,0,0,1,0,0,0,0,0,0,0,0,0,0,0,0,0,0,0,,,,,,,,,,,
Lepidoptera,Brachodidae,2,1,0,1,0,1,0,0,0,0,0,0,0,0,0,0,0,0,0,1,0,0,0,0,0,0,0,,,,,,,,,,,
Lepidoptera,Brahmaeidae,2,1,0,1,0,1,0,0,0,0,0,1,0,0,0,0,0,0,0,0,0,0,0,0,0,0,0,,,,,,,,,,,
Lepidoptera,Bucculatricidae,19,1,0,1,0,1,0,0,0,0,0,0,1,0,0,0,0,0,0,0,9,0,0,0,0,0,0,0,0,,,,,,,,,
Lepidoptera,Carposinidae,2,1,0,1,0,1,0,0,0,0,0,0,0,0,0,0,0,0,1,0,0,0,0,0,0,0,0,,,,,,,,,,,
Lepidoptera,Chimabachidae,3,1,0,1,0,1,0,0,0,0,0,0,0,0,0,0,0,0,0,0,1,0,0,0,0,0,0,,,,,,,,,,,
Lepidoptera,Choreutidae,9,1,0,1,0,1,0,0,0,0,0,0,9,0,0,0,0,0,0,0,0,0,1,0,0,0,0,0,0,,,,,,,,,
Lepidoptera,Coleophoridae,188,1,0,1,0,1,0,0,0,0,0,0,3,0,0,0,0,3,0,3,0,0,0,0,1,0,0,0,0,0,0,,,,,,,
Lepidoptera,Cosmopterigidae,20,1,0,1,0,1,0,0,0,0,0,0,2,0,0,0,0,0,0,2,0,6,0,0,0,0,0,0,0,0,,,,,,,,
Lepidoptera,Cossidae,5,1,0,1,0,1,0,0,0,0,0,0,1,0,0,0,0,0,0,0,0,0,0,0,0,0,0,,,,,,,,,,,
Lepidoptera,Crambidae,178,1,0,1,0,1,0,0,0,0,0,0,4,0,0,0,1,0,1,0,1,0,0,0,3,0,0,0,0,0,0,0,,,,,,
Lepidoptera,Douglasiidae,6,1,0,1,0,1,0,0,0,0,0,0,0,0,0,4,0,0,0,0,5,0,0,1,0,0,0,0,0,0,,,,,,,,
Lepidoptera,Drepanidae,16,1,0,1,0,1,0,0,0,0,0,1,0,0,0,0,0,0,0,0,0,0,0,0,0,0,0,,,,,,,,,,,
Lepidoptera,Elachistidae,191,1,0,1,0,1,0,0,0,0,0,0,0,0,0,0,0,0,1,0,0,0,0,0,0,0,0,,,,,,,,,,,
Lepidoptera,Endromidae,1,1,0,1,0,1,0,0,0,0,0,1,0,0,0,0,0,0,0,0,0,0,0,0,0,0,0,,,,,,,,,,,
Lepidoptera,Epermeniidae,15,1,0,1,0,1,0,0,0,0,0,0,3,0,0,0,0,1,0,1,0,2,0,3,0,0,0,0,0,0,0,0,,,,,,
Lepidoptera,Erebidae,123,1,0,1,0,1,0,0,0,0,0,1,0,0,0,0,0,0,0,0,0,0,0,0,0,0,0,,,,,,,,,,,
Lepidoptera,Eriocraniidae,9,1,0,1,0,1,0,0,0,0,0,0,0,0,0,0,0,0,1,0,0,0,0,0,0,0,0,,,,,,,,,,,
Lepidoptera,Gelechiidae,270,1,0,1,0,1,0,0,0,0,0,0,0,0,0,0,0,1,0,1,0,8,0,0,0,0,0,0,0,0,,,,,,,,
Lepidoptera,Geometridae,437,1,0,1,0,1,0,0,0,0,0,0,0,0,0,0,0,0,0,0,1,0,0,0,0,0,0,,,,,,,,,,,
Lepidoptera,Glyphipterigidae,17,1,0,1,0,1,0,0,0,0,0,0,0,0,0,0,0,1,0,0,9,0,0,0,0,0,0,0,0,,,,,,,,,
Lepidoptera,Gracillariidae,127,1,0,1,0,1,0,0,0,0,0,0,0,0,0,0,0,0,1,0,0,0,0,0,0,0,0,,,,,,,,,,,
Lepidoptera,Heliodinidae,1,1,0,1,0,1,0,0,0,0,0,0,0,0,0,0,0,0,1,0,0,0,0,0,0,0,0,,,,,,,,,,,
Lepidoptera,Heliozelidae,7,1,0,1,0,1,0,0,0,0,0,0,0,0,0,2,0,0,0,0,8,0,0,0,0,0,0,0,0,,,,,,,,,
Lepidoptera,Hepialidae,8,1,0,1,0,1,0,0,0,0,0,0,2,0,0,0,0,0,0,0,0,8,0,0,0,0,0,0,0,,,,,,,,,
Lepidoptera,Hesperiidae,25,1,0,1,0,1,0,0,0,0,0,1,0,0,0,0,0,0,0,0,0,0,0,0,0,0,0,,,,,,,,,,,
Lepidoptera,Heterogynidae,1,1,0,1,0,1,0,0,0,0,0,0,9,0,0,0,0,0,0,0,0,0,1,0,0,0,0,0,0,,,,,,,,,
Lepidoptera,Incurvariidae,8,1,0,1,0,1,0,0,0,0,0,0,0,0,0,0,0,0,1,0,0,0,0,0,0,0,0,,,,,,,,,,,
Lepidoptera,Lasiocampidae,22,1,0,1,0,1,0,0,0,0,0,1,0,0,0,0,0,0,0,0,0,0,0,0,0,0,0,,,,,,,,,,,
Lepidoptera,Lecithoceridae,3,1,0,1,0,1,0,0,0,0,0,0,0,0,0,0,0,0,0,0,1,0,0,0,0,0,0,,,,,,,,,,,
Lepidoptera,Limacodidae,2,1,0,1,0,1,0,0,0,0,0,1,0,0,0,0,0,0,0,0,0,0,0,0,0,0,0,,,,,,,,,,,
Lepidoptera,Lycaenidae,50,1,0,1,0,0,9,0,1,0,0,0,0,1,0,0,0,0,0,0,0,0,0,0,0,0,0,1,0,,,,,,,,,
Lepidoptera,Lyonetiidae,15,1,0,1,0,1,0,0,0,0,0,0,0,0,0,0,0,0,1,0,0,0,0,0,0,0,0,,,,,,,,,,,
Lepidoptera,Lypusidae,8,1,0,1,0,1,0,0,0,0,0,1,0,0,0,0,0,0,0,0,0,0,0,0,0,0,0,,,,,,,,,,,
Lepidoptera,Micropterigidae,11,1,0,1,0,0,7,0,0,3,0,0,0,0,0,0,0,0,0,0,0,0,1,0,0,0,0,0,0,,,,,,,,,
Lepidoptera,Millieridae,1,1,0,1,0,1,0,0,0,0,0,0,0,0,0,0,0,0,0,0,1,0,0,0,0,0,0,,,,,,,,,,,
Lepidoptera,Momphidae,15,1,0,1,0,1,0,0,0,0,0,0,0,0,0,0,0,1,0,0,7,0,0,2,0,0,0,0,0,0,,,,,,,,
Lepidoptera,Nepticulidae,112,1,0,1,0,1,0,0,0,0,0,0,0,1,0,0,0,0,1,0,1,0,7,0,0,0,0,0,0,0,0,,,,,,,
Lepidoptera,Noctuidae,503,1,0,1,0,1,0,0,0,0,0,1,0,0,0,0,0,0,0,0,0,0,0,0,0,0,0,,,,,,,,,,,
Lepidoptera,Nolidae,21,1,0,1,0,1,0,0,0,0,0,0,8,0,0,0,0,0,0,0,1,0,1,0,0,0,0,0,0,0,,,,,,,,
Lepidoptera,Notodontidae,36,1,0,1,0,1,0,0,0,0,0,1,0,0,0,0,0,0,0,0,0,0,0,0,0,0,0,,,,,,,,,,,
Lepidoptera,Nymphalidae,92,1,0,1,0,1,0,0,0,0,0,1,0,0,0,0,0,0,0,0,0,0,0,0,0,0,0,,,,,,,,,,,
Lepidoptera,Oecophoridae,41,1,0,1,0,0,8,0,0,0,0,2,0,0,0,8,0,0,0,0,0,0,0,0,2,0,0,0,0,0,0,,,,,,,
Lepidoptera,Opostegidae,3,1,0,1,0,1,0,0,0,0,0,0,0,0,1,0,0,0,0,0,0,0,0,0,0,0,0,,,,,,,,,,,
Lepidoptera,Papilionidae,6,1,0,1,0,1,0,0,0,0,0,0,7,0,0,0,2,0,1,0,0,0,0,0,0,0,0,0,0,0,,,,,,,,
Lepidoptera,Peleopodidae,1,1,0,1,0,1,0,0,0,0,0,0,1,0,0,0,0,0,0,0,0,0,0,0,0,0,0,,,,,,,,,,,
Lepidoptera,Pieridae,20,1,0,1,0,1,0,0,0,0,0,0,8,0,0,0,2,0,0,0,0,0,0,0,0,0,0,0,0,,,,,,,,,
Lepidoptera,Plutellidae,8,1,0,1,0,1,0,0,0,0,0,0,0,0,0,0,0,0,1,0,0,0,0,0,0,0,0,,,,,,,,,,,
Lepidoptera,Praydidae,3,1,0,1,0,1,0,0,0,0,0,0,0,0,0,0,5,0,0,0,0,0,5,0,0,0,0,0,0,,,,,,,,,
Lepidoptera,Prodoxidae,13,1,0,1,0,1,0,0,0,0,0,0,0,0,0,0,1,0,0,0,0,0,0,0,0,0,0,,,,,,,,,,,
Lepidoptera,Psychidae,56,1,0,1,0,0,5,0,0,0,0,5,0,0,2,0,0,0,0,0,0,0,0,0,8,0,0,0,0,0,0,,,,,,,
Lepidoptera,Pterophoridae,69,1,0,1,0,1,0,0,0,0,0,0,2,0,0,0,4,0,0,0,0,2,0,1,0,1,0,0,0,0,0,0,,,,,,
Lepidoptera,Pyralidae,109,1,0,1,0,0,8,0,1,0,0,0,1,0,0,8,0,0,0,0,0,0,0,0,0,2,0,0,0,0,0,1,,,,,,
Lepidoptera,Riodinidae,1,1,0,1,0,1,0,0,0,0,0,1,0,0,0,0,0,0,0,0,0,0,0,0,0,0,0,,,,,,,,,,,
Lepidoptera,Roeslerstammiidae,2,1,0,1,0,1,0,0,0,0,0,0,0,0,0,0,0,0,1,0,0,0,0,0,0,0,0,,,,,,,,,,,
Lepidoptera,Saturniidae,5,1,0,1,0,1,0,0,0,0,0,1,0,0,0,0,0,0,0,0,0,0,0,0,0,0,0,,,,,,,,,,,
Lepidoptera,Schreckensteiniidae,1,1,0,1,0,1,0,0,0,0,0,1,0,0,0,0,0,0,0,0,0,0,0,0,0,0,0,,,,,,,,,,,
Lepidoptera,Scythrididae,41,1,0,1,0,1,0,0,0,0,0,0,1,0,0,0,0,0,0,0,9,0,0,0,0,0,0,0,0,,,,,,,,,
Lepidoptera,Scythropiidae,1,1,0,1,0,1,0,0,0,0,0,0,0,0,0,0,0,0,1,0,0,0,0,0,0,0,0,,,,,,,,,,,
Lepidoptera,Sesiidae,36,1,0,1,0,1,0,0,0,0,0,0,0,7,0,0,3,0,0,0,0,0,0,0,0,0,0,0,0,,,,,,,,,
Lepidoptera,Sphingidae,20,1,0,1,0,1,0,0,0,0,0,1,0,0,0,0,0,0,0,0,0,0,0,0,0,0,0,,,,,,,,,,,
Lepidoptera,Stathmopodidae,1,1,0,1,0,1,0,0,0,0,0,1,0,0,0,0,0,0,0,0,0,0,0,0,0,0,0,,,,,,,,,,,
Lepidoptera,Thyrididae,1,1,0,1,0,1,0,0,0,0,0,1,0,0,0,0,0,0,0,0,0,0,0,0,0,0,0,,,,,,,,,,,
Lepidoptera,Tineidae,73,1,0,1,0,0,1,0,1,0,0,0,8,0,0,3,0,0,0,0,1,0,3,0,0,0,0,3,0,0,0,0,1,0,,,,
Lepidoptera,Tischeriidae,8,1,0,1,0,1,0,0,0,0,0,0,0,0,0,0,0,0,1,0,0,0,0,0,0,0,0,,,,,,,,,,,
Lepidoptera,Tortricidae,534,1,0,1,0,1,0,0,0,0,0,0,0,0,0,0,0,0,0,0,1,0,0,0,0,0,0,,,,,,,,,,,
Lepidoptera,Urodidae,1,1,0,1,0,1,0,0,0,0,0,1,0,0,0,0,0,0,0,0,0,0,0,0,0,0,0,,,,,,,,,,,
Lepidoptera,Yponomeutidae,28,1,0,1,0,1,0,0,0,0,0,0,4,0,0,0,2,0,0,0,0,2,0,0,2,0,0,0,0,0,0,,,,,,,
Lepidoptera,Ypsolophidae,20,1,0,1,0,1,0,0,0,0,0,1,0,0,0,0,0,0,0,0,0,0,0,0,0,0,0,,,,,,,,,,,
Lepidoptera,Zygaenidae,28,1,0,1,0,1,0,0,0,0,0,0,8,0,0,0,2,0,0,0,0,0,0,0,0,0,0,0,0,,,,,,,,,
Mecoptera,Bittacidae,2,1,0,1,0,0,0,1,0,0,0,9,0,0,0,0,0,0,0,0,0,0,0,0,0,0,0,1,0,,,,,,,,,
Mecoptera,Boreidae,1,1,0,1,0,1,0,0,0,0,0,0,0,0,0,0,0,0,0,0,1,0,0,0,0,0,0,,,,,,,,,,,
Mecoptera,Panorpidae,6,1,0,1,0,0,0,1,0,0,0,9,0,0,0,0,0,0,0,0,0,0,0,0,0,0,0,1,0,,,,,,,,,
Megaloptera,Sialidae,4,1,0,1,0,0,1,0,0,0,0,0,0,0,0,0,0,0,0,0,0,0,1,0,0,0,0,,,,,,,,,,,
Microcoryphia,Machilidae,15,1,0,1,0,0,0,0,0,1,0,0,0,0,0,0,0,0,0,0,0,0,0,0,0,0,0,,,,,,,,,,,
Neuroptera,Ascalaphidae,2,1,0,1,0,0,1,0,0,0,0,0,0,0,0,0,0,0,0,0,0,1,0,0,0,0,0,,,,,,,,,,,
Neuroptera,Chrysopidae,29,1,0,1,0,0,1,0,0,0,0,0,0,0,0,0,0,0,0,0,0,1,0,0,0,0,0,,,,,,,,,,,
Neuroptera,Coniopterygidae,19,1,0,1,0,0,1,0,0,0,0,0,0,0,0,0,0,0,0,0,0,1,0,0,0,0,0,,,,,,,,,,,
Neuroptera,Hemerobiidae,39,1,0,1,0,0,1,0,0,0,0,0,0,0,0,0,0,0,0,0,0,1,0,0,0,0,0,,,,,,,,,,,
Neuroptera,Mantispidae,1,1,0,1,0,0,1,0,0,0,0,0,0,0,0,0,0,0,0,0,0,0,0,0,1,0,0,,,,,,,,,,,
Neuroptera,Myrmeleontidae,6,1,0,1,0,0,1,0,0,0,0,0,0,0,0,0,0,0,0,0,0,1,0,0,0,0,0,,,,,,,,,,,
Neuroptera,Osmylidae,1,0,1,1,0,0,1,0,0,0,0,0,0,0,0,0,0,0,0,0,0,1,0,0,0,0,0,,,,,,,,,,,
Neuroptera,Sisyridae,4,0,1,1,0,0,1,0,0,0,0,0,0,0,0,0,0,0,0,0,0,0,1,0,0,0,0,,,,,,,,,,,
Odonata,Aeshnidae,14,0,1,1,0,0,1,0,0,0,0,0,0,0,0,0,0,0,0,0,0,1,0,0,0,0,0,,,,,,,,,,,
Odonata,Calopterygidae,2,0,1,1,0,0,1,0,0,0,0,0,0,0,0,0,0,0,0,0,0,1,0,0,0,0,0,,,,,,,,,,,
Odonata,Coenagrionidae,18,0,1,1,0,0,1,0,0,0,0,0,0,0,0,0,0,0,0,0,0,1,0,0,0,0,0,,,,,,,,,,,
Odonata,Cordulegastridae,2,0,1,1,0,0,1,0,0,0,0,0,0,0,0,0,0,0,0,0,0,1,0,0,0,0,0,,,,,,,,,,,
Odonata,Corduliidae,7,0,1,1,0,0,1,0,0,0,0,0,0,0,0,0,0,0,0,0,0,1,0,0,0,0,0,,,,,,,,,,,
Odonata,Gomphidae,7,0,1,1,0,0,1,0,0,0,0,0,0,0,0,0,0,0,0,0,0,1,0,0,0,0,0,,,,,,,,,,,
Odonata,Lestidae,8,0,1,1,0,0,1,0,0,0,0,0,0,0,0,0,0,0,0,0,0,1,0,0,0,0,0,,,,,,,,,,,
Odonata,Libellulidae,22,0,1,1,0,0,1,0,0,0,0,0,0,0,0,0,0,0,0,0,0,1,0,0,0,0,0,,,,,,,,,,,
Odonata,Platycnemididae,1,0,1,1,0,0,1,0,0,0,0,0,0,0,0,0,0,0,0,0,0,1,0,0,0,0,0,,,,,,,,,,,
Orthoptera,Acrididae,42,1,0,1,0,1,0,0,0,0,0,0,0,0,0,0,0,0,0,0,1,0,0,0,0,0,0,,,,,,,,,,,
Orthoptera,Gryllidae,10,1,0,1,0,0,7,0,3,0,0,0,0,0,0,0,0,0,0,0,0,0,9,0,1,1,0,0,0,0,0,,,,,,,
Orthoptera,Gryllotalpidae,1,1,0,1,0,0,4,0,6,0,0,0,0,0,0,0,0,0,0,0,0,1,0,1,0,0,0,0,0,,,,,,,,,
Orthoptera,Raphidophoridae,2,1,0,1,0,0,2,0,0,0,0,8,0,0,0,0,0,0,0,0,0,0,1,0,0,0,0,0,0,,,,,,,,,
Orthoptera,Tetrigidae,6,1,0,1,0,1,0,0,0,0,0,0,0,0,0,0,0,0,0,0,1,0,0,0,0,0,0,,,,,,,,,,,
Orthoptera,Tettigoniidae,31,1,0,1,0,0,4,0,6,0,0,0,0,0,0,0,0,0,0,0,0,0,1,1,0,0,0,0,0,,,,,,,,,
Phthiraptera,Bovicoliidae,11,1,0,1,0,0,1,0,0,0,0,0,0,0,0,0,0,0,0,0,0,0,0,1,0,0,0,,,,,,,,,,,
Phthiraptera,Echinophthiriidae,1,1,0,1,0,0,1,0,0,0,0,0,0,0,0,0,0,0,0,0,0,0,0,1,0,0,0,,,,,,,,,,,
Phthiraptera,Enderleinellidae,1,1,0,1,0,0,1,0,0,0,0,0,0,0,0,0,0,0,0,0,0,0,0,1,0,0,0,,,,,,,,,,,
Phthiraptera,Gliricolidae,2,1,0,1,0,0,1,0,0,0,0,0,0,0,0,0,0,0,0,0,0,0,0,1,0,0,0,,,,,,,,,,,
Phthiraptera,Goniodidae,18,1,0,1,0,0,1,0,0,0,0,0,0,0,0,0,0,0,0,0,0,0,0,1,0,0,0,,,,,,,,,,,
Phthiraptera,Gyropidae,1,1,0,1,0,0,1,0,0,0,0,0,0,0,0,0,0,0,0,0,0,0,0,1,0,0,0,,,,,,,,,,,
Phthiraptera,Haematopinidae,4,1,0,1,0,0,1,0,0,0,0,0,0,0,0,0,0,0,0,0,0,0,0,1,0,0,0,,,,,,,,,,,
Phthiraptera,Hoplopleuridae,3,1,0,1,0,0,1,0,0,0,0,0,0,0,0,0,0,0,0,0,0,0,0,1,0,0,0,,,,,,,,,,,
Phthiraptera,Laemobothriidae,5,1,0,1,0,0,1,0,0,0,0,0,0,0,0,0,0,0,0,0,0,0,0,1,0,0,0,,,,,,,,,,,
Phthiraptera,Linognathidae,6,1,0,1,0,0,1,0,0,0,0,0,0,0,0,0,0,0,0,0,0,0,0,1,0,0,0,,,,,,,,,,,
Phthiraptera,Menoponidae,103,1,0,1,0,0,1,0,0,0,0,0,0,0,0,0,0,0,0,0,0,0,0,1,0,0,0,,,,,,,,,,,
Phthiraptera,Pediculidae,2,1,0,1,0,0,1,0,0,0,0,0,0,0,0,0,0,0,0,0,0,0,0,1,0,0,0,,,,,,,,,,,
Phthiraptera,Philopteridae,227,1,0,1,0,0,1,0,0,0,0,0,0,0,0,0,0,0,0,0,0,0,0,1,0,0,0,,,,,,,,,,,
Phthiraptera,Polyplacidae,8,1,0,1,0,0,1,0,0,0,0,0,0,0,0,0,0,0,0,0,0,0,0,1,0,0,0,,,,,,,,,,,
Phthiraptera,Pthiridae,1,1,0,1,0,0,1,0,0,0,0,0,0,0,0,0,0,0,0,0,0,0,0,1,0,0,0,,,,,,,,,,,
Phthiraptera,Ricinidae,5,1,0,1,0,0,1,0,0,0,0,0,0,0,0,0,0,0,0,0,0,0,0,1,0,0,0,,,,,,,,,,,
Phthiraptera,Trichodectidae,12,1,0,1,0,0,1,0,0,0,0,0,0,0,0,0,0,0,0,0,0,0,0,1,0,0,0,,,,,,,,,,,
Phthiraptera,Trimenoponidae,1,1,0,1,0,0,1,0,0,0,0,0,0,0,0,0,0,0,0,0,0,0,0,1,0,0,0,,,,,,,,,,,
Plecoptera,Capniidae,6,0,1,1,0,0,1,0,0,0,0,9,0,0,0,0,0,0,0,0,0,0,1,0,0,0,0,0,0,,,,,,,,,
Plecoptera,Chloroperlidae,9,0,1,1,0,0,1,0,2,0,0,0,7,0,0,0,0,0,0,0,0,0,0,1,1,0,0,0,0,0,,,,,,,,
Plecoptera,Leuctridae,28,0,1,1,0,0,1,0,0,0,0,9,0,0,0,0,0,0,0,0,0,0,1,0,0,0,0,0,0,,,,,,,,,
Plecoptera,Nemouridae,33,0,1,1,0,0,1,0,0,0,0,9,0,0,0,0,0,0,0,0,0,0,1,0,0,0,0,0,0,,,,,,,,,
Plecoptera,Perlidae,9,0,1,1,0,0,1,0,0,0,0,0,0,0,0,0,0,0,0,0,0,1,0,0,0,0,0,,,,,,,,,,,
Plecoptera,Perlodidae,22,0,1,1,0,0,1,0,0,0,0,0,0,0,0,0,0,0,0,0,0,1,0,0,0,0,0,,,,,,,,,,,
Plecoptera,Taeniopterygidae,16,0,1,1,0,0,2,0,0,0,0,8,0,0,0,0,0,0,0,0,0,0,1,0,0,0,0,0,0,,,,,,,,,
Psocoptera,Amphipsocidae,1,1,0,1,0,0,0,0,1,0,0,0,0,0,0,0,0,0,0,0,0,0,0,0,0,0,0,,,,,,,,,,,
Psocoptera,Caeciliusidae,10,1,0,1,0,0,0,0,1,0,0,0,0,0,0,0,0,0,0,0,0,0,0,0,0,0,0,,,,,,,,,,,
Psocoptera,Ectopsocidae,4,1,0,1,0,0,0,0,1,0,0,0,0,0,0,0,0,0,0,0,0,0,0,0,0,0,0,,,,,,,,,,,
Psocoptera,Elipsocidae,12,1,0,1,0,0,0,0,1,0,0,0,0,0,0,0,0,0,0,0,0,0,0,0,0,0,0,,,,,,,,,,,
Psocoptera,Epipsocidae,1,1,0,1,0,0,0,0,1,0,0,0,0,0,0,0,0,0,0,0,0,0,0,0,0,0,0,,,,,,,,,,,
Psocoptera,Lachesillidae,5,1,0,1,0,0,0,0,1,0,0,0,0,0,0,0,0,0,0,0,0,0,0,0,0,0,0,,,,,,,,,,,
Psocoptera,Lepidopsocidae,2,1,0,1,0,0,0,0,1,0,0,0,0,0,0,0,0,0,0,0,0,0,0,0,0,0,0,,,,,,,,,,,
Psocoptera,Liposcelididae,14,1,0,1,0,0,0,0,1,0,0,0,0,0,0,0,0,0,0,0,0,0,0,0,0,0,0,,,,,,,,,,,
Psocoptera,Mesopsocidae,4,1,0,1,0,0,0,0,1,0,0,0,0,0,0,0,0,0,0,0,0,0,0,0,0,0,0,,,,,,,,,,,
Psocoptera,Peripsocidae,5,1,0,1,0,0,0,0,1,0,0,0,0,0,0,0,0,0,0,0,0,0,0,0,0,0,0,,,,,,,,,,,
Psocoptera,Philotarsidae,2,1,0,1,0,0,0,0,1,0,0,0,0,0,0,0,0,0,0,0,0,0,0,0,0,0,0,,,,,,,,,,,
Psocoptera,Prionoglarididae,1,1,0,1,0,0,0,0,1,0,0,0,0,0,0,0,0,0,0,0,0,0,0,0,0,0,0,,,,,,,,,,,
Psocoptera,Psocidae,20,1,0,1,0,0,0,0,1,0,0,0,0,0,0,0,0,0,0,0,0,0,0,0,0,0,0,,,,,,,,,,,
Psocoptera,Psoquillidae,1,1,0,1,0,0,0,0,1,0,0,0,0,0,0,0,0,0,0,0,0,0,0,0,0,0,0,,,,,,,,,,,
Psocoptera,Psyllipsocidae,3,1,0,1,0,0,0,0,1,0,0,0,0,0,0,0,0,0,0,0,0,0,0,0,0,0,0,,,,,,,,,,,
Psocoptera,Sphaeropsocidae,1,1,0,1,0,0,0,0,1,0,0,0,0,0,0,0,0,0,0,0,0,0,0,0,0,0,0,,,,,,,,,,,
Psocoptera,Stenopsocidae,4,1,0,1,0,0,0,0,1,0,0,0,0,0,0,0,0,0,0,0,0,0,0,0,0,0,0,,,,,,,,,,,
Psocoptera,Trichopsocidae,2,1,0,1,0,0,0,0,1,0,0,0,0,0,0,0,0,0,0,0,0,0,0,0,0,0,0,,,,,,,,,,,
Psocoptera,Trogiidae,6,1,0,1,0,0,0,0,1,0,0,0,0,0,0,0,0,0,0,0,0,0,0,0,0,0,0,,,,,,,,,,,
Raphidioptera,Inocelliidae,1,1,0,1,0,0,1,0,0,0,0,0,0,0,0,0,0,0,0,0,0,1,0,0,0,0,0,,,,,,,,,,,
Raphidioptera,Raphidiidae,9,1,0,1,0,0,1,0,0,0,0,0,0,0,0,0,0,0,0,0,0,1,0,0,0,0,0,,,,,,,,,,,
Siphonaptera,Ceratophyllidae,30,1,0,1,0,0,1,0,0,0,0,0,0,0,0,0,0,0,0,0,0,0,1,0,0,0,0,,,,,,,,,,,
Siphonaptera,Ctenophthalmidae,17,1,0,1,0,0,1,0,0,0,0,0,0,0,0,0,0,0,0,0,0,0,1,0,0,0,0,,,,,,,,,,,
Siphonaptera,Hystrichopsyllidae,4,1,0,1,0,0,1,0,0,0,0,0,0,0,0,0,0,0,0,0,0,0,1,0,0,0,0,,,,,,,,,,,
Siphonaptera,Ischnopsyllidae,13,1,0,1,0,0,1,0,0,0,0,0,0,0,0,0,0,0,0,0,0,0,1,0,0,0,0,,,,,,,,,,,
Siphonaptera,Pulicidae,5,1,0,1,0,0,1,0,0,0,0,0,0,0,0,0,0,0,0,0,0,0,1,0,0,0,0,,,,,,,,,,,
Siphonaptera,Vermipsyllidae,3,1,0,1,0,0,1,0,0,0,0,0,0,0,0,0,0,0,0,0,0,0,1,0,0,0,0,,,,,,,,,,,
Sternorrhyncha,Adelgidae,17,1,0,1,0,1,0,0,0,0,0,0,0,1,0,0,0,0,0,0,0,0,0,0,0,0,0,,,,,,,,,,,
Sternorrhyncha,Aleyrodidae,14,1,0,1,0,1,0,0,0,0,0,0,0,1,0,0,0,0,0,0,0,0,0,0,0,0,0,,,,,,,,,,,
Sternorrhyncha,Aphididae,702,1,0,1,0,1,0,0,0,0,0,0,0,1,0,0,0,0,0,0,0,0,0,0,0,0,0,,,,,,,,,,,
Sternorrhyncha,Asterolecaniidae,3,1,0,1,0,1,0,0,0,0,0,0,0,1,0,0,0,0,0,0,0,0,0,0,0,0,0,,,,,,,,,,,
Sternorrhyncha,Cerococcidae,1,1,0,1,0,1,0,0,0,0,0,0,0,1,0,0,0,0,0,0,0,0,0,0,0,0,0,,,,,,,,,,,
Sternorrhyncha,Coccidae,36,1,0,1,0,1,0,0,0,0,0,0,0,1,0,0,0,0,0,0,0,0,0,0,0,0,0,,,,,,,,,,,
Sternorrhyncha,Cryptococcidae,3,1,0,1,0,1,0,0,0,0,0,0,0,1,0,0,0,0,0,0,0,0,0,0,0,0,0,,,,,,,,,,,
Sternorrhyncha,Diaspididae,25,1,0,1,0,1,0,0,0,0,0,0,0,1,0,0,0,0,0,0,0,0,0,0,0,0,0,,,,,,,,,,,
Sternorrhyncha,Eriococcidae,14,1,0,1,0,1,0,0,0,0,0,0,0,1,0,0,0,0,0,0,0,0,0,0,0,0,0,,,,,,,,,,,
Sternorrhyncha,Kermesidae,2,1,0,1,0,1,0,0,0,0,0,0,0,1,0,0,0,0,0,0,0,0,0,0,0,0,0,,,,,,,,,,,
Sternorrhyncha,Margarodidae,1,1,0,1,0,1,0,0,0,0,0,0,0,1,0,0,0,0,0,0,0,0,0,0,0,0,0,,,,,,,,,,,
Sternorrhyncha,Matsucoccidae,1,1,0,1,0,1,0,0,0,0,0,0,0,1,0,0,0,0,0,0,0,0,0,0,0,0,0,,,,,,,,,,,
Sternorrhyncha,Monophlebidae,1,1,0,1,0,1,0,0,0,0,0,0,0,1,0,0,0,0,0,0,0,0,0,0,0,0,0,,,,,,,,,,,
Sternorrhyncha,Ortheziidae,4,1,0,1,0,1,0,0,0,0,0,0,0,1,0,0,0,0,0,0,0,0,0,0,0,0,0,,,,,,,,,,,
Sternorrhyncha,Phylloxeridae,8,1,0,1,0,1,0,0,0,0,0,0,0,1,0,0,0,0,0,0,0,0,0,0,0,0,0,,,,,,,,,,,
Sternorrhyncha,Pseudococcidae,50,1,0,1,0,1,0,0,0,0,0,0,0,1,0,0,0,0,0,0,0,0,0,0,0,0,0,,,,,,,,,,,
Sternorrhyncha,Psyllidae,77,1,0,1,0,1,0,0,0,0,0,0,0,1,0,0,0,0,0,0,0,0,0,0,0,0,0,,,,,,,,,,,
Sternorrhyncha,Putoidae,2,1,0,1,0,1,0,0,0,0,0,0,0,1,0,0,0,0,0,0,0,0,0,0,0,0,0,,,,,,,,,,,
Sternorrhyncha,Steingeliidae,1,1,0,1,0,1,0,0,0,0,0,0,0,1,0,0,0,0,0,0,0,0,0,0,0,0,0,,,,,,,,,,,
Sternorrhyncha,Triozidae,43,1,0,1,0,1,0,0,0,0,0,0,0,1,0,0,0,0,0,0,0,0,0,0,0,0,0,,,,,,,,,,,
Sternorrhyncha,Xylococcidae,1,1,0,1,0,1,0,0,0,0,0,0,0,1,0,0,0,0,0,0,0,0,0,0,0,0,0,,,,,,,,,,,
Strepsiptera,Corioxenidae,1,1,0,1,0,0,1,0,0,0,0,0,0,0,0,0,0,0,0,0,0,0,0,1,0,0,0,,,,,,,,,,,
Strepsiptera,Elenchidae,1,1,0,1,0,0,1,0,0,0,0,0,0,0,0,0,0,0,0,0,0,0,0,1,0,0,0,,,,,,,,,,,
Strepsiptera,Halictophagidae,3,1,0,1,0,0,1,0,0,0,0,0,0,0,0,0,0,0,0,0,0,0,0,1,0,0,0,,,,,,,,,,,
Strepsiptera,Stylopidae,6,1,0,1,0,0,1,0,0,0,0,0,0,0,0,0,0,0,0,0,0,0,0,1,0,0,0,,,,,,,,,,,
Strepsiptera,Xenidae,4,1,0,1,0,0,1,0,0,0,0,0,0,0,0,0,0,0,0,0,0,0,0,1,0,0,0,,,,,,,,,,,
Thysanoptera,Aeolothripidae,17,1,0,1,0,1,0,0,0,0,0,1,0,0,0,0,0,0,0,0,0,0,0,0,0,0,0,,,,,,,,,,,
Thysanoptera,Fauriellidae,1,1,0,1,0,1,0,0,0,0,0,1,0,0,0,0,0,0,0,0,0,0,0,0,0,0,0,,,,,,,,,,,
Thysanoptera,Phlaeothripidae,75,1,0,1,0,1,0,0,0,0,0,1,0,0,0,0,0,0,0,0,0,0,0,0,0,0,0,,,,,,,,,,,
Thysanoptera,Thripidae,138,1,0,1,0,1,0,0,0,0,0,1,0,0,0,0,0,0,0,0,0,0,0,0,0,0,0,,,,,,,,,,,
Trichoptera,Apataniidae,4,0,1,1,0,0,0,0,0,1,0,0,0,0,0,0,0,0,0,0,0,0,0,0,0,0,0,,,,,,,,,,,
Trichoptera,Beraeidae,5,0,1,1,0,0,2,0,0,0,0,8,0,0,0,0,0,0,0,0,0,0,1,0,0,0,0,0,0,,,,,,,,,
Trichoptera,Brachycentridae,7,0,1,1,0,0,2,0,0,0,0,8,0,0,0,0,0,0,0,0,0,0,1,0,0,0,0,0,0,,,,,,,,,
Trichoptera,Ecnomidae,2,0,1,1,0,0,2,0,8,0,0,0,0,0,0,0,0,0,0,0,0,0,1,1,0,0,0,0,0,,,,,,,,,
Trichoptera,Glossosomatidae,12,0,1,1,0,0,1,0,0,0,0,9,0,0,0,0,0,0,0,0,0,0,1,0,0,0,0,0,0,,,,,,,,,
Trichoptera,Goeridae,6,0,1,1,0,0,0,0,0,1,0,0,0,0,0,0,0,0,0,0,0,0,0,0,0,0,0,,,,,,,,,,,
Trichoptera,Hydropsychidae,20,0,1,1,0,0,2,0,4,0,0,0,4,0,0,0,0,0,0,0,0,0,0,1,0,5,0,0,0,0,5,0,,,,,,
Trichoptera,Hydroptilidae,36,0,1,1,0,0,1,0,1,0,0,0,8,0,0,0,0,0,0,0,0,0,0,1,1,0,0,0,0,0,,,,,,,,
Trichoptera,Lepidostomatidae,5,0,1,1,0,0,3,0,1,0,0,0,6,0,0,0,0,0,0,0,0,0,0,1,0,0,0,0,1,0,,,,,,,,
Trichoptera,Leptoceridae,41,0,1,1,0,0,3,0,1,0,0,0,6,0,0,0,0,0,0,0,0,0,0,1,1,0,0,0,0,0,,,,,,,,
Trichoptera,Limnephilidae,100,0,1,1,0,0,4,0,0,0,0,6,0,0,0,0,0,0,0,0,0,0,1,0,0,0,0,0,0,,,,,,,,,
Trichoptera,Molannidae,4,0,1,1,0,0,0,0,0,1,0,0,0,0,0,0,0,0,0,0,0,0,0,0,0,0,0,,,,,,,,,,,
Trichoptera,Odontoceridae,1,0,1,1,0,0,1,0,0,0,0,9,0,0,0,0,0,0,0,0,0,0,1,0,0,0,0,0,0,,,,,,,,,
Trichoptera,Philopotamidae,10,0,1,1,0,0,1,0,0,0,0,9,0,0,0,0,0,0,0,0,0,0,1,0,0,0,0,0,0,,,,,,,,,
Trichoptera,Phryganeidae,10,0,1,1,0,0,1,0,0,0,0,9,0,0,0,0,0,0,0,0,0,0,1,0,0,0,0,0,0,,,,,,,,,
Trichoptera,Polycentropodidae,18,0,1,1,0,0,0,0,0,1,0,0,0,0,0,0,0,0,0,0,0,0,0,0,0,0,0,,,,,,,,,,,
Trichoptera,Psychomyiidae,14,0,1,1,0,0,1,0,0,0,0,0,0,0,0,0,0,0,0,0,0,1,0,0,0,0,0,,,,,,,,,,,
Trichoptera,Ptilocolepidae,1,0,1,1,0,0,0,0,0,1,0,0,0,0,0,0,0,0,0,0,0,0,0,0,0,0,0,,,,,,,,,,,
Trichoptera,Rhyacophilidae,28,0,1,1,0,0,2,0,3,0,0,0,5,0,0,0,0,0,0,0,0,0,0,1,1,0,0,0,0,0,,,,,,,,
Trichoptera,Sericostomatidae,5,0,1,1,0,0,3,0,0,0,0,7,0,0,0,0,0,0,0,0,0,0,1,0,0,0,0,0,0,,,,,,,,,
Trichoptera,Uenoidae,1,0,1,1,0,0,0,0,0,1,0,0,0,0,0,0,0,0,0,0,0,0,0,0,0,0,0,,,,,,,,,,,
Zygentoma,Lepismatidae,4,1,0,1,0,0,0,0,0,1,0,0,0,0,0,0,0,0,0,0,0,0,0,0,0,0,0,,,,,,,,,,,
Zygentoma,Nicoletiidae,1,1,0,1,0,0,0,0,0,1,0,0,0,0,0,0,0,0,0,0,0,0,0,0,0,0,0,,,,,,,,,,,
SUM (species),source: GBOL Server,34085,,,,,,,,,,,,,,,,,,,,,,,,,,,,,,,,,,,,,
Content: 587 insect families; 15262 classifications,,,,,,,,,,,,,,,,,,,,,,,,,,,,,,,,,,,,,,,
,,,,,,,,,,,,,,,,,,,,,,,,,,,,,,,,,,,,,,,
,,,,,,,,,,,,,,,,,,,,,,,,,,,,,,,,,,,,,,,
,,,,,,,,,,,,,,,,,,,,,,,,,,,,,,,,,,,,,,,
,,,,,,,,,,,,,,,,,,,,,,,,,,,,,,,,,,,,,,,
,,,,,,,,,,,,,,,,,,,,,,,,,,,,,,,,,,,,,,,
Explanations,,,,,,,,,,,,,,,,,,,,,,,,,,,,,,,,,,,,,,,
1 - 4,habitats of larvae and adults in proportion to species diversity,,,,,,,,,,,,,,,,,,,,,,,,,,,,,,,,,,,,,,
5,larvae phytophagous in proportion to species diversity,,,,,,,,,,,,,,,,,,,,,,,,,,,,,,,,,,,,,,
6,larvae zoophagous in proportion to species diversity,,,,,,,,,,,,,,,,,,,,,,,,,,,,,,,,,,,,,,
7 - 10,other diet types of the larvae in proportion to species diversity,,,,,,,,,,,,,,,,,,,,,,,,,,,,,,,,,,,,,,
11 - 20,diet types of phytophagous larvae in proportion to phytophagous species diversity (5),,,,,,,,,,,,,,,,,,,,,,,,,,,,,,,,,,,,,,
21 - 26,diet types of zoophagous larvae in proportion to zoophagous species diversity (6),,,,,,,,,,,,,,,,,,,,,,,,,,,,,,,,,,,,,,
0,1-1 (=ca. 10-100%),classification on a ten-point scale based on the behavior of the species in the family, minimum 0, maximum 1,,,,,,,,,,,,,,,,,,,,,,,,,,,,,,,,,,,
